Date,AAPL,MSFT,AMZN,JPM,GOOGL,META,NVDA,BRK-B,XLK,XLF,XLE,XLV,XLI,SPY,QQQ,IWM,TLT,GLD,BTC-USD,ETH-USD
2018-01-21,41.75481033325195,82.58676147460938,64.72899627685547,90.39622497558594,56.706321716308594,179.87841796875,5.688706874847412,213.25,31.284900665283203,25.26997184753418,26.774349212646484,76.9244384765625,69.3621597290039,246.8072967529297,157.6626434326172,143.12586975097656,97.1750259399414,126.41999816894531,11600.099609375,1049.5799560546875
2018-01-22,41.413204193115234,84.06415557861328,66.3655014038086,91.45210266113281,57.730857849121094,183.9266357421875,5.7772088050842285,215.97000122070312,31.589435577392578,25.475271224975586,27.35274314880371,77.4289321899414,69.3621597290039,248.81405639648438,159.3497772216797,143.89292907714844,97.26979064941406,126.6500015258789,10931.400390625,1003.260009765625
2018-01-23,41.422569274902344,84.33027648925781,68.12699890136719,91.35612487792969,58.32643508911133,187.87567138671875,5.90625524520874,215.55999755859375,31.72787094116211,25.500934600830078,27.31068992614746,77.05492401123047,69.39698028564453,249.3421630859375,160.66729736328125,144.35311889648438,97.68831634521484,127.27999877929688,10868.400390625,986.22900390625
2018-01-24,40.762760162353516,84.2568359375,67.87550354003906,92.52395629882812,58.08442687988281,185.0974578857422,5.829372406005859,215.61000061035156,31.483318328857422,25.67203712463379,27.237058639526367,77.28106689453125,69.33606719970703,249.24534606933594,159.6246337890625,143.45977783203125,97.15922546386719,128.8300018310547,11359.400390625,1058.780029296875
2018-01-25,40.035099029541016,84.724853515625,68.89749908447266,92.54796600341797,58.62247848510742,186.02020263671875,5.842967510223389,215.10000610351562,31.427946090698242,25.620708465576172,27.023237228393555,77.94210052490234,69.40569305419922,249.3509521484375,159.56776428222656,143.51385498046875,97.95682525634766,127.97000122070312,11259.400390625,1056.030029296875
2018-01-26,40.12870407104492,86.31232452392578,70.10250091552734,93.04390716552734,58.891265869140625,188.5205841064453,6.015524864196777,217.19000244140625,31.926284790039062,25.80889892578125,27.170467376708984,79.62080383300781,70.20646667480469,252.23793029785156,162.01316833496094,144.02825927734375,97.59355926513672,128.07000732421875,11171.400390625,1055.1700439453125
2018-01-27,40.12870407104492,86.31232452392578,70.10250091552734,93.04390716552734,58.891265869140625,188.5205841064453,6.015524864196777,217.19000244140625,31.926284790039062,25.80889892578125,27.170467376708984,79.62080383300781,70.20646667480469,252.23793029785156,162.01316833496094,144.02825927734375,97.59355926513672,128.07000732421875,11440.7001953125,1107.0699462890625
2018-01-28,40.12870407104492,86.31232452392578,70.10250091552734,93.04390716552734,58.891265869140625,188.5205841064453,6.015524864196777,217.19000244140625,31.926284790039062,25.80889892578125,27.170467376708984,79.62080383300781,70.20646667480469,252.23793029785156,162.01316833496094,144.02825927734375,97.59355926513672,128.07000732421875,11786.2998046875,1246.010009765625
2018-01-29,39.29808807373047,86.18387603759766,70.88400268554688,92.9478759765625,58.837703704833984,184.53189086914062,6.102546691894531,215.4600067138672,31.635570526123047,25.706247329711914,26.760324478149414,79.4033432006836,69.73644256591797,250.5655975341797,161.2264862060547,143.21607971191406,96.91446685791016,127.3499984741211,11296.400390625,1182.3599853515625
2018-01-30,39.06645584106445,85.10106658935547,71.89099884033203,92.0760269165039,58.38594055175781,185.66299438476562,6.000445365905762,214.41000366210938,31.349489212036133,25.372621536254883,26.220491409301758,77.73333740234375,69.18807983398438,247.99559020996094,159.8995361328125,141.84439086914062,96.34591674804688,126.80000305175781,10106.2998046875,1071.1300048828125
2018-01-31,39.174095153808594,87.18412017822266,72.54450225830078,92.52395629882812,58.62645721435547,185.43479919433594,6.076587200164795,214.3800048828125,31.5848331451416,25.441055297851562,26.238021850585938,76.62872314453125,69.39698028564453,248.1186981201172,160.5630340576172,141.10440063476562,96.91446685791016,127.6500015258789,10221.099609375,1118.31005859375
2018-02-01,39.255977630615234,86.49589538574219,69.5,93.48383331298828,58.59520721435547,191.58653259277344,5.945562839508057,217.25,31.612504959106445,25.680585861206055,26.507938385009766,76.6548080444336,69.2751235961914,247.83709716796875,159.1981658935547,141.54656982421875,95.5099105834961,128.07000732421875,9170.5400390625,1036.7900390625
2018-02-02,37.55265426635742,84.22012329101562,71.49749755859375,91.41209411621094,55.501277923583984,188.79840087890625,5.773005962371826,209.1199951171875,30.675809860229492,25.115985870361328,25.40022850036621,75.57626342773438,67.88247680664062,242.4416046142578,156.02288818359375,138.8212127685547,94.62366485595703,126.38999938964844,8830.75,915.7849731445312
2018-02-03,37.55265426635742,84.22012329101562,71.49749755859375,91.41209411621094,55.501277923583984,188.79840087890625,5.773005962371826,209.1199951171875,30.675809860229492,25.115985870361328,25.40022850036621,75.57626342773438,67.88247680664062,242.4416046142578,156.02288818359375,138.8212127685547,94.62366485595703,126.38999938964844,9174.91015625,964.0189819335938
2018-02-04,37.55265426635742,84.22012329101562,71.49749755859375,91.41209411621094,55.501277923583984,188.79840087890625,5.773005962371826,209.1199951171875,30.675809860229492,25.115985870361328,25.40022850036621,75.57626342773438,67.88247680664062,242.4416046142578,156.02288818359375,138.8212127685547,94.62366485595703,126.38999938964844,8277.009765625,834.6820068359375
2018-02-05,36.61442947387695,80.7514877319336,69.5,87.0286865234375,52.68406677246094,179.84864807128906,5.283021926879883,196.8000030517578,29.393037796020508,23.849916458129883,24.334579467773438,72.22756958007812,64.80123901367188,232.30215454101562,149.8714599609375,133.4878387451172,95.5177993774414,126.70999908447266,6955.27001953125,697.9509887695312
2018-02-06,38.144588470458984,83.80721282958984,72.14199829101562,89.67631530761719,53.77703857421875,183.8671112060547,5.576715469360352,201.24000549316406,30.237455368041992,24.286197662353516,24.527374267578125,73.02774810791016,65.98502349853516,236.87905883789062,153.8428497314453,135.08518981933594,94.92433166503906,125.37999725341797,7754.0,793.1220092773438
2018-02-07,37.32803726196289,82.22891235351562,70.83899688720703,90.28427124023438,52.33792495727539,178.7770538330078,5.656319618225098,200.3699951171875,29.849853515625,24.303314208984375,24.11724281311035,72.9407958984375,66.10686492919922,235.59402465820312,151.85243225097656,135.22052001953125,94.02226257324219,124.79000091552734,7621.2998046875,757.0679931640625
2018-02-08,36.300907135009766,78.0077896118164,67.5250015258789,86.29277038574219,49.972476959228516,170.24403381347656,5.377458095550537,191.4199981689453,28.61322593688965,23.233997344970703,23.38812255859375,70.40968322753906,63.556610107421875,226.75714111328125,145.44505310058594,131.2498016357422,93.91941833496094,124.9800033569336,8265.58984375,817.8070068359375
2018-02-09,36.74491500854492,80.91668701171875,66.9800033569336,88.02054595947266,51.884674072265625,174.7387237548828,5.737407684326172,196.02000427246094,29.314594268798828,23.678831100463867,23.370590209960938,71.40996551513672,64.24420928955078,230.1633758544922,147.95681762695312,132.45008850097656,93.32591247558594,124.7699966430664,8736.98046875,883.864990234375
2018-02-10,36.74491500854492,80.91668701171875,66.9800033569336,88.02054595947266,51.884674072265625,174.7387237548828,5.737407684326172,196.02000427246094,29.314594268798828,23.678831100463867,23.370590209960938,71.40996551513672,64.24420928955078,230.1633758544922,147.95681762695312,132.45008850097656,93.32591247558594,124.7699966430664,8621.900390625,860.4149780273438
2018-02-11,36.74491500854492,80.91668701171875,66.9800033569336,88.02054595947266,51.884674072265625,174.7387237548828,5.737407684326172,196.02000427246094,29.314594268798828,23.678831100463867,23.370590209960938,71.40996551513672,64.24420928955078,230.1633758544922,147.95681762695312,132.45008850097656,93.32591247558594,124.7699966430664,8129.97021484375,814.6599731445312
2018-02-12,38.224952697753906,81.78843688964844,69.3115005493164,89.38037109375,52.295780181884766,175.03640747070312,5.637284755706787,198.88999938964844,29.840621948242188,24.012460708618164,23.752687454223633,72.07970428466797,65.27999877929688,233.543212890625,150.58229064941406,133.7044219970703,93.73737335205078,125.37000274658203,8926.5703125,868.7069702148438
2018-02-13,38.607879638671875,82.43074035644531,70.72550201416016,89.93228912353516,52.27494812011719,171.80177307128906,5.751004219055176,197.99000549316406,29.914451599121094,24.115108489990234,23.65453338623047,72.13188171386719,65.42797088623047,234.1241455078125,151.35955810546875,133.99319458007812,94.1567611694336,126.08000183105469,8598.3095703125,845.2579956054688
2018-02-14,39.31971740722656,83.72150421142578,72.55249786376953,92.01202392578125,53.19533920288086,178.1221923828125,5.968308448791504,200.5399932861328,30.463552474975586,24.688264846801758,23.998062133789062,72.94949340820312,66.2548599243164,237.28390502929688,154.1935272216797,136.40274047851562,93.11227416992188,128.22999572753906,9494.6298828125,923.5609741210938
2018-02-15,40.6400146484375,85.42708587646484,73.08799743652344,92.39598846435547,54.120689392089844,178.5587921142578,6.0938944816589355,203.89999389648438,31.044946670532227,24.825130462646484,23.93846321105957,73.75839233398438,67.25582122802734,240.3117218017578,157.0559844970703,137.89175415039062,93.42875671386719,128.3800048828125,10166.400390625,936.9760131835938
2018-02-16,40.50843811035156,84.81859588623047,72.43450164794922,91.73206329345703,54.32599639892578,175.97901916503906,6.028134346008301,203.7899932861328,30.998825073242188,24.790912628173828,23.878875732421875,74.28898620605469,67.27320098876953,240.38206481933594,156.35462951660156,138.37904357910156,93.93523406982422,127.95999908447266,10233.900390625,944.2100219726562
2018-02-17,40.50843811035156,84.81859588623047,72.43450164794922,91.73206329345703,54.32599639892578,175.97901916503906,6.028134346008301,203.7899932861328,30.998825073242188,24.790912628173828,23.878875732421875,74.28898620605469,67.27320098876953,240.38206481933594,156.35462951660156,138.37904357910156,93.93523406982422,127.95999908447266,11112.7001953125,974.114990234375
2018-02-18,40.50843811035156,84.81859588623047,72.43450164794922,91.73206329345703,54.32599639892578,175.97901916503906,6.028134346008301,203.7899932861328,30.998825073242188,24.790912628173828,23.878875732421875,74.28898620605469,67.27320098876953,240.38206481933594,156.35462951660156,138.37904357910156,93.93523406982422,127.95999908447266,10551.7998046875,923.9210205078125
2018-02-19,40.50843811035156,84.81859588623047,72.43450164794922,91.73206329345703,54.32599639892578,175.97901916503906,6.028134346008301,203.7899932861328,30.998825073242188,24.790912628173828,23.878875732421875,74.28898620605469,67.27320098876953,240.38206481933594,156.35462951660156,138.37904357910156,93.93523406982422,127.95999908447266,11225.2998046875,943.864990234375
2018-02-20,40.37218475341797,85.48238372802734,73.4175033569336,91.75604248046875,54.72718048095703,174.6395263671875,6.157674312591553,203.0500030517578,31.02649688720703,24.71392059326172,23.749181747436523,73.47138214111328,66.59429168701172,238.87704467773438,156.66737365722656,137.24195861816406,93.52375793457031,126.23999786376953,11403.7001953125,895.3709716796875
2018-02-21,40.18893814086914,84.3484115600586,74.14600372314453,92.14002990722656,55.231014251708984,176.5247344970703,5.9705328941345215,201.02000427246094,30.828083038330078,24.748140335083008,23.349563598632812,73.16693115234375,66.61170196533203,237.68878173828125,156.22193908691406,137.3863525390625,92.37637329101562,125.66000366210938,10690.400390625,849.9710083007812
2018-02-22,40.52488708496094,84.5696792602539,74.26699829101562,91.9720230102539,55.040096282958984,177.5963134765625,5.990073204040527,200.72999572753906,30.865001678466797,24.542837142944336,23.605451583862305,73.05387115478516,67.05561065673828,237.99685668945312,156.2029266357422,137.1697998046875,92.65333557128906,126.30000305175781,10005.0,812.844970703125
2018-02-23,41.22966384887695,86.7177963256836,75.0,93.83578491210938,55.942138671875,181.86282348632812,6.08358097076416,202.75999450683594,31.5109920501709,24.91067886352539,24.11724281311035,74.21937561035156,67.6126708984375,241.7903289794922,159.39715576171875,138.9566192626953,93.47626495361328,126.13999938964844,10301.099609375,864.1890258789062
2018-02-24,41.22966384887695,86.7177963256836,75.0,93.83578491210938,55.942138671875,181.86282348632812,6.08358097076416,202.75999450683594,31.5109920501709,24.91067886352539,24.11724281311035,74.21937561035156,67.6126708984375,241.7903289794922,159.39715576171875,138.9566192626953,93.47626495361328,126.13999938964844,9813.0703125,840.5150146484375
2018-02-25,41.22966384887695,86.7177963256836,75.0,93.83578491210938,55.942138671875,181.86282348632812,6.08358097076416,202.75999450683594,31.5109920501709,24.91067886352539,24.11724281311035,74.21937561035156,67.6126708984375,241.7903289794922,159.39715576171875,138.9566192626953,93.47626495361328,126.13999938964844,9664.73046875,844.8099975585938
2018-02-26,42.044857025146484,87.97164154052734,76.09750366210938,95.00362396240234,56.716243743896484,183.4900665283203,6.099658966064453,210.6199951171875,32.004722595214844,25.28707504272461,24.260967254638672,75.15875244140625,68.54401397705078,244.5980987548828,161.51083374023438,139.86810302734375,93.50787353515625,126.44999694824219,10366.7001953125,869.3150024414062
2018-02-27,41.908607482910156,86.84688568115234,75.5989990234375,93.87577056884766,55.41747283935547,180.04708862304688,6.086795806884766,209.66000366210938,31.681724548339844,25.04754638671875,23.945478439331055,74.37593841552734,67.68228912353516,241.54388427734375,159.51092529296875,137.8556365966797,93.3734359741211,125.12999725341797,10725.599609375,878.2650146484375
2018-02-28,41.84518051147461,86.450439453125,75.62249755859375,92.38797760009766,54.74354553222656,176.93154907226562,5.986363887786865,207.1999969482422,31.45561981201172,24.696821212768555,23.395132064819336,73.18434143066406,66.71615600585938,239.0970001220703,158.48727416992188,135.68072509765625,93.96685791015625,125.0,10397.900390625,855.198974609375
2018-03-01,41.11220169067383,85.60223388671875,74.67250061035156,90.73219299316406,53.131370544433594,174.570068359375,5.74418830871582,201.52999877929688,30.93421173095703,24.269092559814453,23.360074996948242,72.01881408691406,65.41055297851562,235.6204071044922,155.89967346191406,135.31979370117188,94.6082992553711,124.72000122070312,10951.0,872.2000122070312
2018-03-02,41.39646911621094,85.78662872314453,75.01249694824219,90.64421081542969,53.76264572143555,175.24476623535156,5.851299285888672,201.33999633789062,31.229524612426758,24.328975677490234,23.468740463256836,72.74943542480469,65.39313507080078,236.83497619628906,157.33091735839844,137.48558044433594,93.8392105102539,125.38999938964844,11086.400390625,856.85302734375
2018-03-03,41.39646911621094,85.78662872314453,75.01249694824219,90.64421081542969,53.76264572143555,175.24476623535156,5.851299285888672,201.33999633789062,31.229524612426758,24.328975677490234,23.468740463256836,72.74943542480469,65.39313507080078,236.83497619628906,157.33091735839844,137.48558044433594,93.8392105102539,125.38999938964844,11489.7001953125,857.2249755859375
2018-03-04,41.39646911621094,85.78662872314453,75.01249694824219,90.64421081542969,53.76264572143555,175.24476623535156,5.851299285888672,201.33999633789062,31.229524612426758,24.328975677490234,23.468740463256836,72.74943542480469,65.39313507080078,236.83497619628906,157.33091735839844,137.48558044433594,93.8392105102539,125.38999938964844,11512.599609375,866.677978515625
2018-03-05,41.53977584838867,86.33058166503906,76.18049621582031,92.0360107421875,54.2892951965332,178.9953155517578,5.829283714294434,203.24000549316406,31.547897338867188,24.671152114868164,23.717628479003906,73.4104995727539,66.17652893066406,239.57235717773438,159.07492065429688,138.7129669189453,93.5854721069336,125.18000030517578,11573.2998046875,853.6840209960938
2018-03-06,41.5045280456543,86.03556060791016,76.88200378417969,92.11602020263672,54.59378433227539,178.38015747070312,5.990322113037109,204.5500030517578,31.61712646484375,24.77381134033203,23.731645584106445,73.30609893798828,66.47242736816406,240.1796875,159.74786376953125,140.21095275878906,93.6727294921875,126.52999877929688,10779.900390625,816.9509887695312
2018-03-07,41.11923599243164,86.53340148925781,77.25,91.77204132080078,55.294986724853516,182.279541015625,5.982405185699463,204.3000030517578,31.792482376098633,24.731037139892578,23.552871704101562,73.68014526367188,66.46372985839844,240.0916748046875,160.11752319335938,141.44729614257812,93.56964111328125,125.72000122070312,9965.5703125,752.8309936523438
2018-03-08,41.56794738769531,87.05889892578125,77.59300231933594,91.78005981445312,56.0061149597168,180.92022705078125,5.966079235076904,205.2899932861328,31.930889129638672,24.80802345275879,23.545854568481445,74.17588806152344,66.81192016601562,241.25347900390625,160.99911499023438,141.1585235595703,94.1087646484375,125.41999816894531,9395.009765625,704.5960083007812
2018-03-09,42.28213119506836,89.00420379638672,78.94450378417969,94.41970825195312,57.566219329833984,183.7877197265625,6.068737983703613,212.94000244140625,32.53536605834961,25.40683937072754,23.99455451965332,75.2457504272461,68.2828598022461,245.4518280029297,164.12686157226562,143.4146270751953,93.4903564453125,125.54000091552734,9337.5498046875,728.916015625
2018-03-10,42.28213119506836,89.00420379638672,78.94450378417969,94.41970825195312,57.566219329833984,183.7877197265625,6.068737983703613,212.94000244140625,32.53536605834961,25.40683937072754,23.99455451965332,75.2457504272461,68.2828598022461,245.4518280029297,164.12686157226562,143.4146270751953,93.4903564453125,125.54000091552734,8866.0,686.8900146484375
2018-03-11,42.28213119506836,89.00420379638672,78.94450378417969,94.41970825195312,57.566219329833984,183.7877197265625,6.068737983703613,212.94000244140625,32.53536605834961,25.40683937072754,23.99455451965332,75.2457504272461,68.2828598022461,245.4518280029297,164.12686157226562,143.4146270751953,93.4903564453125,125.54000091552734,9578.6298828125,723.3389892578125
2018-03-12,42.690914154052734,89.21624755859375,79.91950225830078,94.1157455444336,57.81863021850586,183.32138061523438,6.178323268890381,211.82000732421875,32.636878967285156,25.3212947845459,23.987548828125,74.92394256591797,67.4385986328125,245.1438446044922,164.9989013671875,143.66726684570312,94.02951049804688,125.54000091552734,9205.1201171875,699.8309936523438
2018-03-13,42.27978515625,87.04047393798828,79.40899658203125,92.98789978027344,56.52829360961914,180.4637908935547,6.127612590789795,209.1300048828125,32.263118743896484,25.03899574279785,23.81577491760254,75.01959228515625,67.10783386230469,243.55955505371094,162.7524871826172,142.99948120117188,94.50524139404297,125.77999877929688,9194.849609375,690.8270263671875
2018-03-14,41.92034149169922,86.52420043945312,79.55000305175781,91.94802856445312,56.97361373901367,182.75582885742188,6.1530914306640625,206.99000549316406,32.235450744628906,24.756702423095703,23.67556381225586,74.6542739868164,66.376708984375,242.30958557128906,162.72406005859375,142.32269287109375,95.33778381347656,125.69999694824219,8269.8095703125,614.291015625
2018-03-15,41.96968078613281,86.82843017578125,79.11599731445312,92.17999267578125,57.05891036987305,182.42840576171875,6.167933940887451,207.82000732421875,32.253902435302734,24.7652587890625,23.552871704101562,74.53253173828125,66.56816864013672,242.0456085205078,162.58187866210938,141.60975646972656,95.33778381347656,124.9000015258789,8300.8603515625,611.3040161132812
2018-03-16,41.82168197631836,87.21561431884766,78.58399963378906,92.33998107910156,56.256046295166016,183.6488037109375,6.196134090423584,206.9600067138672,32.220577239990234,24.78672218322754,23.762929916381836,74.53253173828125,66.92388153076172,242.3080596923828,162.09849548339844,142.40386962890625,94.99686431884766,124.5999984741211,8338.349609375,601.666015625
2018-03-17,41.82168197631836,87.21561431884766,78.58399963378906,92.33998107910156,56.256046295166016,183.6488037109375,6.196134090423584,206.9600067138672,32.220577239990234,24.78672218322754,23.762929916381836,74.53253173828125,66.92388153076172,242.3080596923828,162.09849548339844,142.40386962890625,94.99686431884766,124.5999984741211,7916.8798828125,552.7789916992188
2018-03-18,41.82168197631836,87.21561431884766,78.58399963378906,92.33998107910156,56.256046295166016,183.6488037109375,6.196134090423584,206.9600067138672,32.220577239990234,24.78672218322754,23.762929916381836,74.53253173828125,66.92388153076172,242.3080596923828,162.09849548339844,142.40386962890625,94.99686431884766,124.5999984741211,8223.6796875,538.6439819335938
2018-03-19,41.182682037353516,85.63912200927734,77.24649810791016,91.61207580566406,54.5526237487793,171.2163848876953,5.961627960205078,203.99000549316406,31.581815719604492,24.606420516967773,23.395776748657227,73.32798767089844,66.40825653076172,239.02951049804688,158.6399383544922,141.03219604492188,94.69552612304688,124.87000274658203,8630.650390625,556.7260131835938
2018-03-20,41.1685791015625,85.86041259765625,79.32550048828125,91.70004272460938,54.34087371826172,166.84071350097656,6.1738691329956055,204.75,31.567913055419922,24.66651153564453,23.59347152709961,73.4327163696289,66.63549041748047,239.43603515625,159.16209411621094,140.99612426757812,94.31493377685547,124.30999755859375,8913.4697265625,557.1749877929688
2018-03-21,40.235923767089844,85.26115417480469,79.09300231933594,91.78005981445312,54.25161361694336,168.07106018066406,6.1486382484436035,204.8300018310547,31.378143310546875,24.65793228149414,24.21129035949707,73.11849975585938,66.71414184570312,238.97657775878906,158.46905517578125,141.81727600097656,94.41799926757812,126.4800033569336,8929.2802734375,561.7319946289062
2018-03-22,39.66740417480469,82.78108978271484,77.24600219726562,87.94854736328125,52.225852966308594,163.60609436035156,5.9826531410217285,197.6300048828125,30.568115234375,23.747854232788086,23.717039108276367,71.01493072509766,64.51188659667969,233.00282287597656,154.5576629638672,138.70761108398438,95.3536605834961,125.9800033569336,8728.4697265625,539.7020263671875
2018-03-23,38.74883270263672,80.37483978271484,74.77799987792969,85.59687805175781,50.90675735473633,158.14891052246094,5.762988567352295,192.4600067138672,29.753459930419922,23.02665901184082,23.572290420532227,69.539794921875,63.56806564331055,228.03643798828125,150.48483276367188,135.72265625,95.28225708007812,127.61000061035156,8879.6201171875,539.6190185546875
2018-03-24,38.74883270263672,80.37483978271484,74.77799987792969,85.59687805175781,50.90675735473633,158.14891052246094,5.762988567352295,192.4600067138672,29.753459930419922,23.02665901184082,23.572290420532227,69.539794921875,63.56806564331055,228.03643798828125,150.48483276367188,135.72265625,95.28225708007812,127.61000061035156,8668.1201171875,526.4390258789062
2018-03-25,38.74883270263672,80.37483978271484,74.77799987792969,85.59687805175781,50.90675735473633,158.14891052246094,5.762988567352295,192.4600067138672,29.753459930419922,23.02665901184082,23.572290420532227,69.539794921875,63.56806564331055,228.03643798828125,150.48483276367188,135.72265625,95.28225708007812,127.61000061035156,8495.7802734375,524.2869873046875
2018-03-26,40.58831787109375,86.45964050292969,77.79299926757812,88.23652648925781,52.272464752197266,158.81370544433594,6.04771089553833,199.33999633789062,30.88286781311035,23.773609161376953,23.995935440063477,70.98001098632812,65.10611724853516,234.27532958984375,156.07666015625,138.68946838378906,94.91751861572266,128.27999877929688,8209.400390625,489.95098876953125
2018-03-27,39.54758071899414,82.486083984375,74.85250091552734,86.52473449707031,49.93429946899414,151.0347442626953,5.5786967277526855,196.14999389648438,29.892322540283203,23.309986114501953,23.770000457763672,70.1420669555664,64.20601654052734,230.28988647460938,151.02598571777344,136.0030517578125,95.93251037597656,127.48999786376953,7833.0400390625,450.1159973144531
2018-03-28,39.11061096191406,82.41232299804688,71.57099914550781,86.3887710571289,49.84701156616211,151.8384552001953,5.47554349899292,196.6699981689453,29.69329071044922,23.352924346923828,23.307519912719727,70.51740264892578,63.98756408691406,229.60940551757812,149.28858947753906,135.9578399658203,96.1861572265625,125.7300033569336,7954.47998046875,446.27899169921875
2018-03-29,39.416015625,84.14558410644531,72.36699676513672,87.96453857421875,51.43191146850586,158.5458221435547,5.728851318359375,199.47999572753906,30.2811336517334,23.67058563232422,23.79823875427246,71.04986572265625,64.92262268066406,232.5432586669922,152.0228271484375,137.33273315429688,96.65399169921875,125.79000091552734,7165.7001953125,385.9679870605469
2018-03-30,39.416015625,84.14558410644531,72.36699676513672,87.96453857421875,51.43191146850586,158.5458221435547,5.728851318359375,199.47999572753906,30.2811336517334,23.67058563232422,23.79823875427246,71.04986572265625,64.92262268066406,232.5432586669922,152.0228271484375,137.33273315429688,96.65399169921875,125.79000091552734,6890.52001953125,394.6449890136719
2018-03-31,39.416015625,84.14558410644531,72.36699676513672,87.96453857421875,51.43191146850586,158.5458221435547,5.728851318359375,199.47999572753906,30.2811336517334,23.67058563232422,23.79823875427246,71.04986572265625,64.92262268066406,232.5432586669922,152.0228271484375,137.33273315429688,96.65399169921875,125.79000091552734,6973.52978515625,396.4570007324219
2018-04-01,39.416015625,84.14558410644531,72.36699676513672,87.96453857421875,51.43191146850586,158.5458221435547,5.728851318359375,199.47999572753906,30.2811336517334,23.67058563232422,23.79823875427246,71.04986572265625,64.92262268066406,232.5432586669922,152.0228271484375,137.33273315429688,96.65399169921875,125.79000091552734,6844.22998046875,379.60699462890625
2018-04-02,39.15760040283203,81.6102294921875,68.59950256347656,86.26876831054688,50.216461181640625,154.18006896972656,5.468122482299805,195.0,29.559053421020508,23.1468563079834,23.321632385253906,69.43510437011719,63.58554458618164,227.52391052246094,147.63668823242188,133.9860076904297,96.84468841552734,127.26000213623047,7083.7998046875,386.42498779296875
2018-04-03,39.559329986572266,82.70735168457031,69.60250091552734,87.45262908935547,50.516475677490234,154.8944549560547,5.574493408203125,197.9600067138672,29.850658416748047,23.46453094482422,23.819416046142578,70.49121856689453,64.46820068359375,230.4400634765625,149.29811096191406,135.9036102294922,96.0977554321289,126.30000305175781,7456.10986328125,416.89300537109375
2018-04-04,40.3158073425293,85.1228256225586,70.52850341796875,88.78044128417969,51.06346130371094,153.892333984375,5.596508979797363,200.11000061035156,30.267248153686523,23.713510513305664,23.787643432617188,71.49500274658203,64.7478256225586,232.90560913085938,151.65252685546875,137.6312255859375,95.89913940429688,126.44999694824219,6853.83984375,380.5429992675781
2018-04-05,40.595359802246094,85.16893005371094,72.5875015258789,89.9461669921875,51.20875930786133,158.0993194580078,5.476285457611084,200.85000610351562,30.39222526550293,23.90239715576172,24.214820861816406,71.44264221191406,65.40325927734375,234.74374389648438,152.5164794921875,138.7709197998047,95.18396759033203,125.80000305175781,6811.47021484375,383.23199462890625
2018-04-06,39.55699157714844,83.18675994873047,70.2614974975586,87.70314025878906,50.08356475830078,155.97598266601562,5.299910545349121,195.49000549316406,29.64699935913086,23.327157974243164,23.777048110961914,69.72311401367188,63.59428024291992,229.51220703125,148.70008850097656,136.0030517578125,96.22492218017578,126.38999938964844,6636.31982421875,370.2850036621094
2018-04-07,39.55699157714844,83.18675994873047,70.2614974975586,87.70314025878906,50.08356475830078,155.97598266601562,5.299910545349121,195.49000549316406,29.64699935913086,23.327157974243164,23.777048110961914,69.72311401367188,63.59428024291992,229.51220703125,148.70008850097656,136.0030517578125,96.22492218017578,126.38999938964844,6911.08984375,385.3139953613281
2018-04-08,39.55699157714844,83.18675994873047,70.2614974975586,87.70314025878906,50.08356475830078,155.97598266601562,5.299910545349121,195.49000549316406,29.64699935913086,23.327157974243164,23.777048110961914,69.72311401367188,63.59428024291992,229.51220703125,148.70008850097656,136.0030517578125,96.22492218017578,126.38999938964844,7023.52001953125,400.50799560546875
2018-04-09,39.949310302734375,83.68457794189453,70.30400085449219,88.75634002685547,50.58640670776367,156.70028686523438,5.328607559204102,195.3300018310547,29.87843894958496,23.455942153930664,23.8900203704834,70.41265106201172,63.40201187133789,230.64334106445312,149.74435424804688,136.1658477783203,96.38382720947266,126.81999969482422,6770.72998046875,398.5260009765625
2018-04-10,40.701080322265625,85.62989807128906,71.81099700927734,90.4526596069336,51.400177001953125,163.75494384765625,5.637818813323975,197.8000030517578,30.614402770996094,23.80794906616211,24.680830001831055,71.59974670410156,64.37206268310547,234.31063842773438,153.04818725585938,138.7346954345703,96.20905303955078,127.12000274658203,6834.759765625,414.2430114746094
2018-04-11,40.51079559326172,84.68951416015625,71.35250091552734,88.93318939208984,50.832862854003906,165.02496337890625,5.596508979797363,195.22000122070312,30.43388557434082,23.52462387084961,24.938549041748047,71.01493072509766,63.9001350402832,233.08229064941406,152.16519165039062,139.033203125,96.55068969726562,128.11000061035156,6968.31982421875,430.5400085449219
2018-04-12,40.910160064697266,86.27526092529297,72.42500305175781,91.1440658569336,51.439353942871094,162.59402465820312,5.803309440612793,198.1300048828125,30.7995662689209,23.936737060546875,24.93501853942871,71.49500274658203,64.8177261352539,234.9999237060547,153.9975128173828,139.98292541503906,95.84351348876953,126.62000274658203,7889.25,492.9410095214844
2018-04-13,41.04876708984375,85.81427764892578,71.53949737548828,88.67593383789062,51.37736892700195,163.23899841308594,5.726624488830566,197.0,30.697717666625977,23.576143264770508,25.210384368896484,71.4600830078125,64.66045379638672,234.31063842773438,153.2000274658203,139.25030517578125,96.06599426269531,127.44999694824219,7895.9599609375,492.7349853515625
2018-04-14,41.04876708984375,85.81427764892578,71.53949737548828,88.67593383789062,51.37736892700195,163.23899841308594,5.726624488830566,197.0,30.697717666625977,23.576143264770508,25.210384368896484,71.4600830078125,64.66045379638672,234.31063842773438,153.2000274658203,139.25030517578125,96.06599426269531,127.44999694824219,7986.240234375,501.4779968261719
2018-04-15,41.04876708984375,85.81427764892578,71.53949737548828,88.67593383789062,51.37736892700195,163.23899841308594,5.726624488830566,197.0,30.697717666625977,23.576143264770508,25.210384368896484,71.4600830078125,64.66045379638672,234.31063842773438,153.2000274658203,139.25030517578125,96.06599426269531,127.44999694824219,8329.1103515625,531.7020263671875
2018-04-16,41.30484390258789,86.8191909790039,72.07499694824219,88.60357666015625,51.87623977661133,163.54656982421875,5.726377964019775,198.22000122070312,30.93379020690918,23.679166793823242,25.46809959411621,72.02745056152344,65.30712127685547,236.23716735839844,154.36781311035156,140.53468322753906,96.0977554321289,127.62999725341797,8058.669921875,511.1470031738281
2018-04-17,41.87336349487305,88.57089233398438,75.19149780273438,88.60357666015625,53.525604248046875,167.3467559814453,5.876036167144775,199.27000427246094,31.50775146484375,23.679166793823242,25.566946029663086,72.5860595703125,65.85770416259766,238.76446533203125,157.6905517578125,142.06333923339844,96.35999298095703,127.75,7902.08984375,502.8940124511719
2018-04-18,41.779388427734375,88.91203308105469,76.39199829101562,87.8880615234375,53.328739166259766,165.0646514892578,5.84709358215332,199.50999450683594,31.424436569213867,23.56756019592285,25.969419479370117,72.64717102050781,66.5393295288086,238.9412078857422,158.01339721679688,142.4432830810547,95.58921813964844,127.8499984741211,8163.419921875,524.7890014648438
2018-04-19,40.595359802246094,88.60780334472656,77.84549713134766,89.81755065917969,54.025978088378906,166.79110717773438,5.665772438049316,200.3800048828125,31.07726287841797,23.92815399169922,26.00118637084961,72.03616333007812,66.3558349609375,237.61573791503906,156.5608367919922,141.4573211669922,94.810546875,127.5999984741211,8294.3095703125,567.8889770507812
2018-04-20,38.93207931518555,87.58441162109375,76.37449645996094,89.6165542602539,53.4244499206543,164.98529052734375,5.657608509063721,200.1300048828125,30.646800994873047,23.936737060546875,25.87763023376465,71.6521224975586,66.06744384765625,235.600830078125,154.0829620361328,140.697509765625,94.1272201538086,126.62999725341797,8845.830078125,615.718017578125
2018-04-21,38.93207931518555,87.58441162109375,76.37449645996094,89.6165542602539,53.4244499206543,164.98529052734375,5.657608509063721,200.1300048828125,30.646800994873047,23.936737060546875,25.87763023376465,71.6521224975586,66.06744384765625,235.600830078125,154.0829620361328,140.697509765625,94.1272201538086,126.62999725341797,8895.580078125,605.39501953125
2018-04-22,38.93207931518555,87.58441162109375,76.37449645996094,89.6165542602539,53.4244499206543,164.98529052734375,5.657608509063721,200.1300048828125,30.646800994873047,23.936737060546875,25.87763023376465,71.6521224975586,66.06744384765625,235.600830078125,154.0829620361328,140.697509765625,94.1272201538086,126.62999725341797,8802.4599609375,621.8599853515625
2018-04-23,38.819313049316406,87.90711212158203,75.89299774169922,89.18243408203125,53.25038528442383,164.54872131347656,5.538127899169922,199.4199981689453,30.53571319580078,23.910980224609375,26.0364933013916,71.93140411376953,65.9887924194336,235.5655059814453,153.69375610351562,140.48948669433594,94.15101623535156,125.62000274658203,8930.8798828125,642.5479736328125
2018-04-24,38.27898406982422,85.85114288330078,73.00450134277344,88.76436614990234,50.712860107421875,158.4465789794922,5.471834659576416,196.8000030517578,30.0034122467041,23.756433486938477,25.757593154907227,71.39027404785156,64.14484405517578,232.39308166503906,150.43740844726562,139.6844024658203,93.72193908691406,126.2300033569336,9697.5,708.1580200195312
2018-04-25,38.44578170776367,85.10438537597656,73.00849914550781,88.42672729492188,50.73021697998047,158.4465789794922,5.359525680541992,196.8000030517578,30.008041381835938,23.739267349243164,25.962360382080078,71.71321868896484,64.32836151123047,232.9674835205078,150.6177978515625,139.47640991210938,93.09427642822266,125.41000366210938,8845.740234375,615.416015625
2018-04-26,38.57969284057617,86.90220642089844,75.89800262451172,88.51514434814453,51.737892150878906,172.80392456054688,5.571274757385254,197.02999877929688,30.55422592163086,23.747854232788086,26.340103149414062,72.6209716796875,64.09239959716797,235.335693359375,153.78868103027344,140.11862182617188,93.74578857421875,124.97000122070312,9281.509765625,662.8090209960938
2018-04-27,38.13331985473633,88.34041595458984,78.63099670410156,87.95237731933594,51.149749755859375,172.23837280273438,5.598733425140381,197.22999572753906,30.498682022094727,23.78219985961914,26.061195373535156,72.91773223876953,63.9613037109375,235.5567169189453,153.88360595703125,139.91958618164062,94.4688720703125,125.5,8987.0498046875,647.031982421875
2018-04-28,38.13331985473633,88.34041595458984,78.63099670410156,87.95237731933594,51.149749755859375,172.23837280273438,5.598733425140381,197.22999572753906,30.498682022094727,23.78219985961914,26.061195373535156,72.91773223876953,63.9613037109375,235.5567169189453,153.88360595703125,139.91958618164062,94.4688720703125,125.5,9348.48046875,683.677978515625
2018-04-29,38.13331985473633,88.34041595458984,78.63099670410156,87.95237731933594,51.149749755859375,172.23837280273438,5.598733425140381,197.22999572753906,30.498682022094727,23.78219985961914,26.061195373535156,72.91773223876953,63.9613037109375,235.5567169189453,153.88360595703125,139.91958618164062,94.4688720703125,125.5,9419.080078125,688.8809814453125
2018-04-30,38.824012756347656,86.2199478149414,78.30650329589844,87.45388793945312,50.51152801513672,170.66073608398438,5.563360691070557,193.72999572753906,30.299657821655273,23.56756019592285,26.057661056518555,71.8005142211914,63.11363220214844,233.7451171875,152.7918701171875,138.68048095703125,94.63573455810547,124.58999633789062,9240.5498046875,669.9240112304688
2018-05-01,39.72613525390625,87.58441162109375,79.11299896240234,87.45388793945312,51.610931396484375,172.5062713623047,5.618771076202393,195.11000061035156,30.67921257019043,23.576143264770508,25.898805618286133,71.76556396484375,62.82524108886719,234.16046142578125,154.53866577148438,139.35882568359375,94.2948989868164,123.70999908447266,9119.009765625,673.6129760742188
2018-05-02,41.48103332519531,86.21070861816406,78.48400115966797,86.76249694824219,50.8819694519043,174.69906616210938,5.598239421844482,193.30999755859375,30.646800994873047,23.309986114501953,26.004722595214844,70.77925109863281,62.2746696472168,232.5874786376953,153.6272735595703,139.88345336914062,94.19136810302734,123.6500015258789,9235.919921875,687.1489868164062
2018-05-03,41.55620574951172,86.7270278930664,78.60399627685547,86.2158203125,50.89435958862305,172.66500854492188,5.763484001159668,191.61000061035156,30.716230392456055,23.112518310546875,25.944700241088867,70.1420669555664,62.423240661621094,232.0749053955078,153.6083221435547,139.12364196777344,94.61341094970703,124.27999877929688,9743.8603515625,779.5430297851562
2018-05-04,43.18661117553711,87.73194122314453,79.04750061035156,87.17253875732422,52.119232177734375,175.23483276367188,5.913637638092041,195.63999938964844,31.299453735351562,23.41301727294922,26.071794509887695,70.70069885253906,63.14860153198242,235.07945251464844,156.52284240722656,140.8603057861328,94.75676727294922,124.54000091552734,9700.759765625,785.6240234375
2018-05-05,43.18661117553711,87.73194122314453,79.04750061035156,87.17253875732422,52.119232177734375,175.23483276367188,5.913637638092041,195.63999938964844,31.299453735351562,23.41301727294922,26.071794509887695,70.70069885253906,63.14860153198242,235.07945251464844,156.52284240722656,140.8603057861328,94.75676727294922,124.54000091552734,9858.150390625,816.1199951171875
2018-05-06,43.18661117553711,87.73194122314453,79.04750061035156,87.17253875732422,52.119232177734375,175.23483276367188,5.913637638092041,195.63999938964844,31.299453735351562,23.41301727294922,26.071794509887695,70.70069885253906,63.14860153198242,235.07945251464844,156.52284240722656,140.8603057861328,94.75676727294922,124.54000091552734,9654.7998046875,792.3109741210938
2018-05-07,43.499053955078125,88.70918273925781,80.00700378417969,87.92825317382812,52.53877258300781,176.58425903320312,6.151607513427734,197.05999755859375,31.517000198364258,23.56756019592285,26.107097625732422,70.5959701538086,63.56806564331055,235.87477111816406,157.823486328125,142.05430603027344,94.6054458618164,124.56999969482422,9373.009765625,753.7249755859375
2018-05-08,43.70814895629883,88.33118438720703,79.61949920654297,89.23065948486328,52.495628356933594,177.52685546875,6.194156169891357,196.24000549316406,31.586442947387695,23.73068618774414,26.311861038208008,70.06352233886719,64.02249908447266,235.87477111816406,157.66207885742188,142.75979614257812,94.51788330078125,124.58999633789062,9234.8203125,752.8569946289062
2018-05-09,44.015892028808594,89.37299346923828,80.4000015258789,91.17621612548828,54.00117492675781,181.23776245117188,6.327239513397217,199.8699951171875,31.975252151489258,24.082693099975586,26.848472595214844,70.46505737304688,64.71289825439453,238.15472412109375,159.38046264648438,143.52865600585938,93.95245361328125,124.33000183105469,9325.1796875,752.2750244140625
2018-05-10,44.645503997802734,90.26727294921875,80.4540023803711,91.88369750976562,54.82040786743164,184.0853729248047,6.434846878051758,201.1999969482422,32.39183807373047,24.280166625976562,27.049699783325195,71.40772247314453,65.14984130859375,240.38157653808594,161.03236389160156,144.2974853515625,94.70901489257812,125.18000030517578,9043.9404296875,727.2769775390625
2018-05-11,44.47570037841797,90.07366943359375,80.14550018310547,91.53800201416016,54.71676254272461,185.5340118408203,6.296318054199219,199.3000030517578,32.34553527832031,24.262990951538086,27.08853530883789,72.47257995605469,65.28968048095703,241.11514282226562,160.88052368164062,144.57789611816406,94.94790649414062,125.0,8441.490234375,679.5859985351562
2018-05-12,44.47570037841797,90.07366943359375,80.14550018310547,91.53800201416016,54.71676254272461,185.5340118408203,6.296318054199219,199.3000030517578,32.34553527832031,24.262990951538086,27.08853530883789,72.47257995605469,65.28968048095703,241.11514282226562,160.88052368164062,144.57789611816406,94.94790649414062,125.0,8504.8896484375,686.0479736328125
2018-05-13,44.47570037841797,90.07366943359375,80.14550018310547,91.53800201416016,54.71676254272461,185.5340118408203,6.296318054199219,199.3000030517578,32.34553527832031,24.262990951538086,27.08853530883789,72.47257995605469,65.28968048095703,241.11514282226562,160.88052368164062,144.57789611816406,94.94790649414062,125.0,8723.9404296875,733.4959716796875
2018-05-14,44.37192153930664,90.3779067993164,80.0770034790039,91.57014465332031,54.87644577026367,185.18675231933594,6.316849708557129,199.17999267578125,32.34091567993164,24.245824813842773,27.275651931762695,72.95264434814453,65.17604064941406,241.22994995117188,161.15576171875,144.02613830566406,94.44621276855469,124.48999786376953,8716.7900390625,730.5490112304688
2018-05-15,43.96866226196289,89.72333526611328,78.80599975585938,90.87071990966797,53.79885482788086,182.8848114013672,6.074428081512451,197.36000061035156,32.03541946411133,24.20289421081543,27.28271484375,72.0099868774414,64.95757293701172,239.56863403320312,159.3709716796875,144.05323791503906,93.37116241455078,122.4800033569336,8510.3798828125,708.8709716796875
2018-05-16,44.37901306152344,89.9548110961914,79.36399841308594,91.11992645263672,53.76017379760742,181.77354431152344,6.085559368133545,197.8300018310547,32.17891311645508,24.245824813842773,27.378036499023438,72.41150665283203,65.19352722167969,240.57606506347656,160.42477416992188,145.5547637939453,93.01280212402344,122.29000091552734,8368.830078125,707.0499877929688
2018-05-17,44.09836959838867,89.05667114257812,79.08799743652344,90.814453125,53.619834899902344,182.3291473388672,6.127612590789795,197.49000549316406,32.012298583984375,24.194311141967773,27.79107666015625,72.43767547607422,65.44696807861328,240.37277221679688,159.80763244628906,146.22409057617188,92.54290008544922,122.36000061035156,8094.31982421875,672.656982421875
2018-05-18,43.938011169433594,89.22332763671875,78.71849822998047,89.34320831298828,53.0435905456543,181.25758361816406,6.083827495574951,196.05999755859375,31.878036499023438,23.99683952331543,27.575740814208984,72.6209716796875,65.83149719238281,239.77186584472656,158.98171997070312,146.41407775878906,93.33928680419922,122.41000366210938,8250.9697265625,694.3670043945312
2018-05-19,43.938011169433594,89.22332763671875,78.71849822998047,89.34320831298828,53.0435905456543,181.25758361816406,6.083827495574951,196.05999755859375,31.878036499023438,23.99683952331543,27.575740814208984,72.6209716796875,65.83149719238281,239.77186584472656,158.98171997070312,146.41407775878906,93.33928680419922,122.41000366210938,8247.1796875,696.530029296875
2018-05-20,43.938011169433594,89.22332763671875,78.71849822998047,89.34320831298828,53.0435905456543,181.25758361816406,6.083827495574951,196.05999755859375,31.878036499023438,23.99683952331543,27.575740814208984,72.6209716796875,65.83149719238281,239.77186584472656,158.98171997070312,146.41407775878906,93.33928680419922,122.41000366210938,8513.25,715.3690185546875
2018-05-21,44.24930953979492,90.3714828491211,79.27300262451172,90.1632080078125,53.75620651245117,183.0535125732422,6.041774749755859,197.91000366210938,32.15576934814453,24.168550491333008,27.858165740966797,72.69081115722656,66.82774353027344,241.57460021972656,159.87408447265625,147.3818817138672,93.38703155517578,122.4800033569336,8418.990234375,699.2219848632812
2018-05-22,44.13846206665039,90.27889251708984,79.06999969482422,90.85462951660156,53.324771881103516,182.36883544921875,6.003680229187012,198.1300048828125,32.1094856262207,24.331680297851562,27.487476348876953,72.55113220214844,66.00627136230469,240.90293884277344,159.6652374267578,146.3145294189453,93.24372100830078,122.41000366210938,8041.77978515625,647.7410278320312
2018-05-23,44.42145919799805,91.35298156738281,80.09300231933594,90.43659973144531,53.85291290283203,185.44471740722656,6.127194881439209,195.9499969482422,32.34553527832031,24.177133560180664,27.48394203186035,72.78681182861328,65.94509887695312,241.56576538085938,161.0133819580078,146.50454711914062,93.92063903808594,122.54000091552734,7557.81982421875,583.5850219726562
2018-05-24,44.37192153930664,91.02887725830078,80.15350341796875,89.42357635498047,53.827613830566406,184.48226928710938,6.130906105041504,194.8300018310547,32.30851364135742,23.98825454711914,27.032052993774414,72.49877166748047,66.2684326171875,241.07081604003906,160.96592712402344,146.5587921142578,94.6692123413086,123.58999633789062,7587.33984375,601.7550048828125
2018-05-25,44.47334671020508,91.07518768310547,80.50749969482422,88.9653549194336,53.759674072265625,183.4801483154297,6.170262813568115,194.14999389648438,32.285369873046875,23.910980224609375,26.329517364501953,72.39402770996094,66.14611053466797,240.4964599609375,161.12730407714844,146.29644775390625,95.25849151611328,123.20999908447266,7480.14013671875,586.7340087890625
2018-05-26,44.47334671020508,91.07518768310547,80.50749969482422,88.9653549194336,53.759674072265625,183.4801483154297,6.170262813568115,194.14999389648438,32.285369873046875,23.910980224609375,26.329517364501953,72.39402770996094,66.14611053466797,240.4964599609375,161.12730407714844,146.29644775390625,95.25849151611328,123.20999908447266,7355.8798828125,587.280029296875
2018-05-27,44.47334671020508,91.07518768310547,80.50749969482422,88.9653549194336,53.759674072265625,183.4801483154297,6.170262813568115,194.14999389648438,32.285369873046875,23.910980224609375,26.329517364501953,72.39402770996094,66.14611053466797,240.4964599609375,161.12730407714844,146.29644775390625,95.25849151611328,123.20999908447266,7368.22021484375,572.6680297851562
2018-05-28,44.47334671020508,91.07518768310547,80.50749969482422,88.9653549194336,53.759674072265625,183.4801483154297,6.170262813568115,194.14999389648438,32.285369873046875,23.910980224609375,26.329517364501953,72.39402770996094,66.14611053466797,240.4964599609375,161.12730407714844,146.29644775390625,95.25849151611328,123.20999908447266,7135.990234375,516.0360107421875
2018-05-29,44.31296920776367,90.7511215209961,80.64350128173828,85.16267395019531,52.965736389160156,184.29376220703125,6.153183460235596,189.8699951171875,32.1094856262207,23.112518310546875,26.24831199645996,71.6521224975586,65.08865356445312,237.7305450439453,160.41529846191406,146.0974578857422,97.34487915039062,123.19000244140625,7472.58984375,565.3880004882812
2018-05-30,44.2186393737793,91.6214828491211,81.24449920654297,87.10820770263672,53.431884765625,186.20872497558594,6.262094020843506,194.10000610351562,32.34553527832031,23.533214569091797,27.04264259338379,72.72571563720703,66.00627136230469,240.90293884277344,161.56402587890625,148.41302490234375,96.69184875488281,123.37000274658203,7406.52001953125,559.5900268554688
2018-05-31,44.07006072998047,91.51964569091797,81.48100280761719,86.03093719482422,54.54914855957031,190.2867431640625,6.242292404174805,191.52999877929688,32.35481643676758,23.335742950439453,26.837881088256836,71.93140411376953,65.05371856689453,239.42723083496094,161.45960998535156,147.22813415527344,96.53266906738281,123.0999984741211,7494.169921875,577.64501953125
2018-06-01,44.86483383178711,93.3252182006836,82.0770034790039,87.14842224121094,56.2848014831543,192.4795379638672,6.376698017120361,192.22999572753906,32.90562438964844,23.593313217163086,26.96497917175293,72.76063537597656,65.77033233642578,241.77781677246094,163.99441528320312,148.1959991455078,96.0225830078125,122.48999786376953,7541.4501953125,580.0430297851562
2018-06-02,44.86483383178711,93.3252182006836,82.0770034790039,87.14842224121094,56.2848014831543,192.4795379638672,6.376698017120361,192.22999572753906,32.90562438964844,23.593313217163086,26.96497917175293,72.76063537597656,65.77033233642578,241.77781677246094,163.99441528320312,148.1959991455078,96.0225830078125,122.48999786376953,7643.4501953125,591.8079833984375
2018-06-03,44.86483383178711,93.3252182006836,82.0770034790039,87.14842224121094,56.2848014831543,192.4795379638672,6.376698017120361,192.22999572753906,32.90562438964844,23.593313217163086,26.96497917175293,72.76063537597656,65.77033233642578,241.77781677246094,163.99441528320312,148.1959991455078,96.0225830078125,122.48999786376953,7720.25,618.3289794921875
2018-06-04,45.239803314208984,94.14005279541016,83.26349639892578,87.18860626220703,57.17941665649414,191.77503967285156,6.555657863616943,191.3000030517578,33.169456481933594,23.67058563232422,26.73198127746582,73.03121185302734,65.6741943359375,242.9266357421875,165.4754180908203,148.98291015625,95.32814025878906,122.37000274658203,7514.47021484375,592.9849853515625
2018-06-05,45.58883285522461,94.62152099609375,84.81749725341797,86.69823455810547,57.07923889160156,191.4376983642578,6.561102867126465,190.77000427246094,33.28517532348633,23.56756019592285,26.668426513671875,72.88284301757812,65.75283813476562,243.10345458984375,165.98809814453125,149.9054718017578,95.55166625976562,122.8499984741211,7633.759765625,609.302978515625
2018-06-06,45.7468376159668,94.8993148803711,84.7874984741211,88.72416687011719,56.87740707397461,189.8501434326172,6.563082218170166,193.99000549316406,33.502723693847656,23.99683952331543,26.795520782470703,73.70330047607422,66.30339050292969,245.1358642578125,166.9564666748047,150.99090576171875,94.77742004394531,122.91999816894531,7653.97998046875,607.1240234375
2018-06-07,45.624202728271484,93.40856170654297,84.46499633789062,89.0779037475586,56.256046295166016,186.71473693847656,6.507390022277832,195.57000732421875,33.23426055908203,24.074108123779297,27.201509475708008,73.79931640625,66.58304595947266,245.10940551757812,165.59878540039062,150.16781616210938,95.69534301757812,122.86000061035156,7678.240234375,605.18701171875
2018-06-08,45.209144592285156,94.10301971435547,84.19950103759766,89.32714080810547,56.17124938964844,187.6276092529297,6.492044448852539,196.00999450683594,33.178714752197266,24.108449935913086,27.1485595703125,74.2270278930664,66.801513671875,245.833984375,165.6083221435547,150.62008666992188,95.40795135498047,123.01000213623047,7624.919921875,601.0770263671875
2018-06-09,45.209144592285156,94.10301971435547,84.19950103759766,89.32714080810547,56.17124938964844,187.6276092529297,6.492044448852539,196.00999450683594,33.178714752197266,24.108449935913086,27.1485595703125,74.2270278930664,66.801513671875,245.833984375,165.6083221435547,150.62008666992188,95.40795135498047,123.01000213623047,7531.97998046875,597.56201171875
2018-06-10,45.209144592285156,94.10301971435547,84.19950103759766,89.32714080810547,56.17124938964844,187.6276092529297,6.492044448852539,196.00999450683594,33.178714752197266,24.108449935913086,27.1485595703125,74.2270278930664,66.801513671875,245.833984375,165.6083221435547,150.62008666992188,95.40795135498047,123.01000213623047,6786.02001953125,526.47900390625
2018-06-11,45.098297119140625,93.56599426269531,84.45600128173828,89.10200500488281,56.577388763427734,190.04856872558594,6.450954914093018,195.3300018310547,33.21574783325195,24.05693817138672,27.289764404296875,74.3666763305664,66.93260192871094,246.16094970703125,166.05455017089844,150.84620666503906,95.2323226928711,123.2300033569336,6906.919921875,533.2839965820312
2018-06-12,45.34592056274414,93.80671691894531,84.9375,88.58750915527344,56.938899993896484,190.9019012451172,6.499469757080078,195.27000427246094,33.377750396728516,23.99683952331543,27.08148765563965,74.3230209350586,66.8626937866211,246.4790496826172,166.92791748046875,151.53363037109375,95.25631713867188,122.81999969482422,6582.35986328125,496.8429870605469
2018-06-13,44.97330093383789,93.38072967529297,85.24299621582031,88.41060638427734,56.74251937866211,190.91183471679688,6.4950127601623535,194.5500030517578,33.20648956298828,23.910980224609375,26.97909927368164,74.34049987792969,66.32958984375,245.69261169433594,166.91848754882812,150.93661499023438,95.20840454101562,123.19000244140625,6349.89990234375,477.4939880371094
2018-06-14,44.996883392333984,93.9085693359375,86.19300079345703,86.85094451904297,57.53001403808594,195.27757263183594,6.606647491455078,192.5,33.44255447387695,23.687755584716797,26.94025993347168,74.72453308105469,66.076171875,246.31124877929688,168.60836791992188,151.74169921875,95.99861907958984,123.37999725341797,6675.35009765625,519.7420043945312
2018-06-15,44.53466033935547,92.7140884399414,85.79850006103516,86.7464370727539,57.48835754394531,194.32504272460938,6.565804958343506,191.75999450683594,33.314815521240234,23.6868953704834,26.36163330078125,74.86997985839844,65.91121673583984,245.99693298339844,168.01974487304688,151.78689575195312,96.08638000488281,121.33999633789062,6456.580078125,491.0039978027344
2018-06-16,44.53466033935547,92.7140884399414,85.79850006103516,86.7464370727539,57.48835754394531,194.32504272460938,6.565804958343506,191.75999450683594,33.314815521240234,23.6868953704834,26.36163330078125,74.86997985839844,65.91121673583984,245.99693298339844,168.01974487304688,151.78689575195312,96.08638000488281,121.33999633789062,6550.16015625,499.6419982910156
2018-06-17,44.53466033935547,92.7140884399414,85.79850006103516,86.7464370727539,57.48835754394531,194.32504272460938,6.565804958343506,191.75999450683594,33.314815521240234,23.6868953704834,26.36163330078125,74.86997985839844,65.91121673583984,245.99693298339844,168.01974487304688,151.78689575195312,96.08638000488281,121.33999633789062,6499.27001953125,500.447998046875
2018-06-18,44.511085510253906,93.39005279541016,86.18949890136719,86.97156524658203,58.69389724731445,196.76585388183594,6.561598777770996,191.11000061035156,33.35197067260742,23.643779754638672,26.62464714050293,74.15158081054688,65.63923645019531,245.49095153808594,167.9226837158203,152.50148010253906,95.99861907958984,121.11000061035156,6734.81982421875,518.8909912109375
2018-06-19,43.79178237915039,93.39005279541016,86.73899841308594,86.46504974365234,58.45140075683594,195.9522705078125,6.439815521240234,190.35000610351562,33.18009948730469,23.583415985107422,26.564231872558594,74.34432983398438,64.2529296875,244.550048828125,167.44692993164062,152.51048278808594,96.55735778808594,120.80000305175781,6769.93994140625,537.9569702148438
2018-06-20,43.98281478881836,94.3252182006836,87.50399780273438,86.45703125,58.71819305419922,200.42715454101562,6.4927849769592285,189.5,33.249778747558594,23.523061752319336,26.6815185546875,74.50201416015625,64.29676818847656,244.9672393798828,168.63623046875,153.74066162109375,95.71131134033203,120.26000213623047,6776.5498046875,536.2680053710938
2018-06-21,43.737552642822266,93.64930725097656,86.51100158691406,86.43290710449219,57.99268341064453,199.93106079101562,6.364075660705566,188.86000061035156,32.99431228637695,23.454084396362305,26.187482833862305,74.0727310180664,63.489566802978516,243.4315948486328,167.17108154296875,152.30250549316406,96.21414947509766,120.05000305175781,6729.740234375,527.3670043945312
2018-06-22,43.61020278930664,92.9733657836914,85.78350067138672,85.01792907714844,57.98525619506836,200.16917419433594,6.211597919464111,188.91000366210938,32.8874626159668,23.34197998046875,26.709949493408203,74.40563201904297,63.70893478393555,243.87539672851562,166.80001831054688,151.7959442138672,96.20616149902344,120.33999633789062,6083.68994140625,465.8169860839844
2018-06-23,43.61020278930664,92.9733657836914,85.78350067138672,85.01792907714844,57.98525619506836,200.16917419433594,6.211597919464111,188.91000366210938,32.8874626159668,23.34197998046875,26.709949493408203,74.40563201904297,63.70893478393555,243.87539672851562,166.80001831054688,151.7959442138672,96.20616149902344,120.33999633789062,6162.47998046875,474.5199890136719
2018-06-24,43.61020278930664,92.9733657836914,85.78350067138672,85.01792907714844,57.98525619506836,200.16917419433594,6.211597919464111,188.91000366210938,32.8874626159668,23.34197998046875,26.709949493408203,74.40563201904297,63.70893478393555,243.87539672851562,166.80001831054688,151.7959442138672,96.20616149902344,120.33999633789062,6173.22998046875,457.6719970703125
2018-06-25,42.96165084838867,91.10296630859375,83.15750122070312,84.24615478515625,56.49705505371094,194.82115173339844,5.918779373168945,186.72999572753906,32.204627990722656,23.091920852661133,26.173267364501953,73.72232055664062,62.90168380737305,240.5556182861328,163.04197692871094,149.31759643554688,96.4216537475586,119.88999938964844,6249.18017578125,460.30999755859375
2018-06-26,43.49463653564453,91.74188995361328,84.55449676513672,84.30243682861328,56.16678237915039,197.4505157470703,5.989817142486572,186.44000244140625,32.33469772338867,23.014318466186523,26.503808975219727,73.49451446533203,63.13861083984375,241.08819580078125,163.7079620361328,150.18589782714844,96.55735778808594,119.26000213623047,6093.669921875,432.7720031738281
2018-06-27,43.430965423583984,90.31592559814453,83.02549743652344,83.00003051757812,55.38920974731445,194.3151092529297,5.834620952606201,184.91000366210938,31.893413543701172,22.729755401611328,26.859230041503906,72.87247467041016,62.62969207763672,239.09100341796875,161.48167419433594,147.77984619140625,97.46730041503906,118.58000183105469,6157.1298828125,442.364990234375
2018-06-28,43.746971130371094,91.32520294189453,85.07250213623047,84.35870361328125,55.8771858215332,194.7020721435547,5.961847305297852,187.08999633789062,32.283592224121094,22.928081512451172,26.823688507080078,72.9688720703125,62.71744155883789,240.45799255371094,162.8707275390625,148.23216247558594,97.49122619628906,118.22000122070312,5903.43994140625,422.364990234375
2018-06-29,43.654998779296875,91.30668640136719,84.98999786376953,83.77181243896484,55.99668884277344,192.8069610595703,5.863828659057617,186.64999389648438,32.26966094970703,22.928081512451172,26.990739822387695,73.11779022216797,62.849056243896484,240.80409240722656,163.30838012695312,148.1326904296875,97.15601348876953,118.6500015258789,6218.2998046875,436.0090026855469
2018-06-30,43.654998779296875,91.30668640136719,84.98999786376953,83.77181243896484,55.99668884277344,192.8069610595703,5.863828659057617,186.64999389648438,32.26966094970703,22.928081512451172,26.990739822387695,73.11779022216797,62.849056243896484,240.80409240722656,163.30838012695312,148.1326904296875,97.15601348876953,118.6500015258789,6404.0,455.17999267578125
2018-07-01,43.654998779296875,91.30668640136719,84.98999786376953,83.77181243896484,55.99668884277344,192.8069610595703,5.863828659057617,186.64999389648438,32.26966094970703,22.928081512451172,26.990739822387695,73.11779022216797,62.849056243896484,240.80409240722656,163.30838012695312,148.1326904296875,97.15601348876953,118.6500015258789,6385.81982421875,453.9179992675781
2018-07-02,44.14318084716797,92.60298919677734,85.68900299072266,84.47930908203125,56.637393951416016,195.82327270507812,5.996007442474365,187.8300018310547,32.55765914916992,23.040180206298828,26.59266471862793,73.34558868408203,62.98945617675781,241.31893920898438,164.4024658203125,149.15472412109375,97.07999420166016,117.45999908447266,6614.18017578125,475.34698486328125
2018-07-03,43.37436294555664,91.7140884399414,84.697998046875,83.29749298095703,55.356475830078125,191.2293243408203,5.862343788146973,186.02000427246094,32.172115325927734,22.833234786987305,26.759706497192383,73.52079010009766,62.78765869140625,240.46682739257812,162.4996795654297,149.74935913085938,97.59998321533203,118.6500015258789,6529.58984375,464.19500732421875
2018-07-04,43.37436294555664,91.7140884399414,84.697998046875,83.29749298095703,55.356475830078125,191.2293243408203,5.862343788146973,186.02000427246094,32.172115325927734,22.833234786987305,26.759706497192383,73.52079010009766,62.78765869140625,240.46682739257812,162.4996795654297,149.74935913085938,97.59998321533203,118.6500015258789,6597.5498046875,467.3179931640625
2018-07-05,43.72339630126953,92.37150573730469,84.98650360107422,83.83907318115234,56.59672546386719,196.90480041503906,6.0081353187561035,187.5,32.62734603881836,22.884973526000977,26.731273651123047,74.28298950195312,63.09474563598633,242.42852783203125,164.51666259765625,151.4560089111328,97.88002014160156,119.05000305175781,6639.14013671875,474.4119873046875
2018-07-06,44.32948303222656,93.6678237915039,85.53150177001953,84.11389923095703,57.280582427978516,201.64756774902344,6.1219964027404785,187.55999755859375,33.00823974609375,22.997074127197266,26.89476203918457,75.351806640625,63.31407165527344,244.47906494140625,167.07591247558594,152.73597717285156,98.20001220703125,118.86000061035156,6673.5,474.0119934082031
2018-07-07,44.32948303222656,93.6678237915039,85.53150177001953,84.11389923095703,57.280582427978516,201.64756774902344,6.1219964027404785,187.55999755859375,33.00823974609375,22.997074127197266,26.89476203918457,75.351806640625,63.31407165527344,244.47906494140625,167.07591247558594,152.73597717285156,98.20001220703125,118.86000061035156,6856.93017578125,491.6600036621094
2018-07-08,44.32948303222656,93.6678237915039,85.53150177001953,84.11389923095703,57.280582427978516,201.64756774902344,6.1219964027404785,187.55999755859375,33.00823974609375,22.997074127197266,26.89476203918457,75.351806640625,63.31407165527344,244.47906494140625,167.07591247558594,152.73597717285156,98.20001220703125,118.86000061035156,6773.8798828125,489.1189880371094
2018-07-09,44.945003509521484,94.30671691894531,86.95099639892578,86.7166748046875,57.88557815551758,203.14581298828125,6.169518947601318,189.63999938964844,33.25907897949219,23.523061752319336,27.296396255493164,75.90373992919922,64.48982238769531,246.68045043945312,168.5791778564453,153.69821166992188,97.56800842285156,119.1500015258789,6741.75,476.6820068359375
2018-07-10,44.89077377319336,94.55672454833984,87.15350341796875,86.18319702148438,57.878631591796875,201.9551544189453,6.268527984619141,189.89999389648438,33.338035583496094,23.436830520629883,27.498987197875977,76.19286346435547,64.69159698486328,247.56809997558594,168.70285034179688,152.99925231933594,97.55997467041016,118.93000030517578,6329.9501953125,434.42401123046875
2018-07-11,44.308250427246094,94.42708587646484,87.75,85.99727630615234,58.09286117553711,200.9629364013672,6.126946926116943,189.91000366210938,33.20798110961914,23.32473373413086,26.916095733642578,75.58834838867188,63.62992477416992,245.7572784423828,167.8465576171875,151.7010955810547,97.93599700927734,117.63999938964844,6394.7099609375,446.51800537109375
2018-07-12,45.05112838745117,96.47341918945312,89.83100128173828,86.36911010742188,59.57065200805664,205.30882263183594,6.21852970123291,189.9600067138672,33.73287582397461,23.367849349975586,26.962297439575195,76.42938232421875,64.37576293945312,247.9852294921875,170.73887634277344,152.43641662597656,97.92799377441406,118.12999725341797,6228.81005859375,430.0740051269531
2018-07-13,45.12187957763672,97.6215591430664,90.65149688720703,85.9730453491211,59.727352142333984,205.70574951171875,6.171252727508545,190.9600067138672,33.695716857910156,23.26437759399414,27.104475021362305,76.56956481933594,64.70918273925781,248.1806182861328,170.8815155029297,151.9825439453125,98.17596435546875,117.61000061035156,6238.0498046875,434.0270080566406
2018-07-14,45.12187957763672,97.6215591430664,90.65149688720703,85.9730453491211,59.727352142333984,205.70574951171875,6.171252727508545,190.9600067138672,33.695716857910156,23.26437759399414,27.104475021362305,76.56956481933594,64.70918273925781,248.1806182861328,170.8815155029297,151.9825439453125,98.17596435546875,117.61000061035156,6276.1201171875,436.08599853515625
2018-07-15,45.12187957763672,97.6215591430664,90.65149688720703,85.9730453491211,59.727352142333984,205.70574951171875,6.171252727508545,190.9600067138672,33.695716857910156,23.26437759399414,27.104475021362305,76.56956481933594,64.70918273925781,248.1806182861328,170.8815155029297,151.9825439453125,98.17596435546875,117.61000061035156,6359.64013671875,449.8500061035156
2018-07-16,45.022830963134766,97.14008331298828,91.12449645996094,89.38414764404297,59.3350944519043,205.61643981933594,6.143529891967773,192.0,33.61674880981445,23.678264617919922,26.791698455810547,76.10526275634766,64.4459457397461,247.9586639404297,170.47244262695312,151.39247131347656,97.76801300048828,117.55000305175781,6741.75,480.6579895019531
2018-07-17,45.15018081665039,98.10306549072266,92.19650268554688,89.31948852539062,60.15679931640625,208.35496520996094,6.279419422149658,190.41000366210938,33.86759567260742,23.70414161682129,26.685077667236328,76.5257797241211,64.70040130615234,248.96168518066406,171.5094757080078,152.06419372558594,97.58403015136719,116.27999877929688,7321.0400390625,501.00201416015625
2018-07-18,44.90256118774414,97.33453369140625,92.14600372314453,90.15206146240234,60.148372650146484,207.72984313964844,6.23016357421875,200.44000244140625,33.81184768676758,24.083545684814453,26.702850341796875,76.58709716796875,65.41109466552734,249.4854736328125,171.1859893798828,152.49087524414062,97.1919937133789,116.30999755859375,7370.77978515625,480.51300048828125
2018-07-19,45.251590728759766,96.66785430908203,90.64849853515625,88.82640838623047,59.463539123535156,206.4697265625,6.238330841064453,197.49000549316406,33.69106674194336,23.721389770507812,26.709949493408203,76.1578140258789,65.38477325439453,248.54452514648438,170.32972717285156,153.57115173339844,97.80803680419922,115.80999755859375,7466.85986328125,469.6189880371094
2018-07-20,45.14781951904297,98.39935302734375,90.68499755859375,89.94995880126953,59.40303421020508,208.30532836914062,6.210113048553467,196.77999877929688,33.70036315917969,23.764495849609375,26.61754035949707,76.0088882446289,65.3145980834961,248.2605438232422,170.29171752929688,152.9447784423828,96.60801696777344,116.55999755859375,7354.1298828125,450.697998046875
2018-07-21,45.14781951904297,98.39935302734375,90.68499755859375,89.94995880126953,59.40303421020508,208.30532836914062,6.210113048553467,196.77999877929688,33.70036315917969,23.764495849609375,26.61754035949707,76.0088882446289,65.3145980834961,248.2605438232422,170.29171752929688,152.9447784423828,96.60801696777344,116.55999755859375,7419.2900390625,462.4360046386719
2018-07-22,45.14781951904297,98.39935302734375,90.68499755859375,89.94995880126953,59.40303421020508,208.30532836914062,6.210113048553467,196.77999877929688,33.70036315917969,23.764495849609375,26.61754035949707,76.0088882446289,65.3145980834961,248.2605438232422,170.29171752929688,152.9447784423828,96.60801696777344,116.55999755859375,7418.490234375,459.6570129394531
2018-07-23,45.18791198730469,99.97344207763672,90.0999984741211,91.6231918334961,60.05365753173828,209.26780700683594,6.1734819412231445,197.85000610351562,33.872230529785156,24.092166900634766,26.500259399414062,76.16655731201172,64.91099548339844,248.72207641601562,170.83401489257812,153.1354522705078,95.41600799560547,116.0,7711.10986328125,450.8529968261719
2018-07-24,45.515724182128906,99.68640899658203,91.46199798583984,92.26985168457031,62.3918342590332,212.99850463867188,6.156154155731201,198.4600067138672,34.058040618896484,24.161148071289062,26.8343505859375,76.85867309570312,65.1829833984375,249.9736785888672,171.53802490234375,151.5013885498047,95.7440185546875,116.04000091552734,8424.26953125,479.37298583984375
2018-07-25,45.944942474365234,102.62164306640625,93.18049621582031,93.10244750976562,63.27404022216797,215.8064727783203,6.234372615814209,197.61000061035156,34.48539352416992,24.212879180908203,27.058259963989258,77.83988952636719,66.17445373535156,252.1040496826172,173.93556213378906,152.05519104003906,95.59200286865234,116.68000030517578,8181.39013671875,472.4930114746094
2018-07-26,45.801090240478516,101.50127410888672,90.4000015258789,92.83567810058594,63.74811935424805,174.88758850097656,6.30788516998291,197.4600067138672,33.95584487915039,24.204259872436523,27.353267669677734,77.62085723876953,66.68334197998047,251.50924682617188,171.3001708984375,152.87210083007812,95.4079818725586,115.7699966430664,7951.580078125,464.0369873046875
2018-07-27,45.03933334350586,99.70494842529297,90.8635025024414,93.78948974609375,62.1309928894043,173.5282440185547,6.238082408905029,197.9499969482422,33.37519454956055,24.256004333496094,27.235971450805664,77.06016540527344,66.69212341308594,249.80496215820312,168.98825073242188,150.02166748046875,95.5679931640625,115.83000183105469,8165.009765625,469.6659851074219
2018-07-28,45.03933334350586,99.70494842529297,90.8635025024414,93.78948974609375,62.1309928894043,173.5282440185547,6.238082408905029,197.9499969482422,33.37519454956055,24.256004333496094,27.235971450805664,77.06016540527344,66.69212341308594,249.80496215820312,168.98825073242188,150.02166748046875,95.5679931640625,115.83000183105469,8192.150390625,466.89801025390625
2018-07-29,45.03933334350586,99.70494842529297,90.8635025024414,93.78948974609375,62.1309928894043,173.5282440185547,6.238082408905029,197.9499969482422,33.37519454956055,24.256004333496094,27.235971450805664,77.06016540527344,66.69212341308594,249.80496215820312,168.98825073242188,150.02166748046875,95.5679931640625,115.83000183105469,8218.4599609375,466.6650085449219
2018-07-30,44.786991119384766,97.56603240966797,88.96099853515625,94.35530853271484,60.99785232543945,169.72805786132812,6.042788505554199,199.08999633789062,32.85495376586914,24.273244857788086,27.45989227294922,77.1039810180664,66.0340805053711,248.50010681152344,166.60028076171875,149.0594482421875,95.24003601074219,115.6500015258789,8180.47998046875,457.08099365234375
2018-07-31,44.87661361694336,98.22341918945312,88.87200164794922,92.91650390625,60.858009338378906,171.23623657226562,6.060857772827148,197.8699951171875,32.94319534301758,24.100791931152344,27.410137176513672,77.90996551513672,67.49057006835938,249.7251434326172,167.8750457763672,150.57542419433594,95.75999450683594,115.98999786376953,7780.43994140625,433.86700439453125
2018-08-01,47.520301818847656,98.40862274169922,89.8584976196289,93.49042510986328,61.14414596557617,170.3134765625,6.100708484649658,197.85000610351562,33.2404899597168,24.100791931152344,27.029829025268555,77.92749786376953,66.57805633544922,249.30787658691406,168.51258850097656,150.47557067871094,94.97989654541016,115.13999938964844,7624.91015625,420.74700927734375
2018-08-02,48.909358978271484,99.60308837890625,91.71649932861328,93.88652038574219,61.54780960083008,174.99671936035156,6.203431606292725,198.05999755859375,33.65855026245117,24.109416961669922,26.88055419921875,78.21660614013672,66.49031829833984,250.66610717773438,170.805419921875,151.57400512695312,95.11617279052734,114.5199966430664,7567.14990234375,412.6210021972656
2018-08-03,49.05085372924805,100.03826141357422,91.16449737548828,94.64630126953125,61.40052795410156,176.39572143554688,6.24006462097168,200.24000549316406,33.77932357788086,24.247377395629883,26.741933822631836,78.68092346191406,66.5517349243164,251.74005126953125,171.32872009277344,151.04747009277344,95.58921813964844,114.91999816894531,7434.39013671875,418.2619934082031
2018-08-04,49.05085372924805,100.03826141357422,91.16449737548828,94.64630126953125,61.40052795410156,176.39572143554688,6.24006462097168,200.24000549316406,33.77932357788086,24.247377395629883,26.741933822631836,78.68092346191406,66.5517349243164,251.74005126953125,171.32872009277344,151.04747009277344,95.58921813964844,114.91999816894531,7032.85009765625,407.25201416015625
2018-08-05,49.05085372924805,100.03826141357422,91.16449737548828,94.64630126953125,61.40052795410156,176.39572143554688,6.24006462097168,200.24000549316406,33.77932357788086,24.247377395629883,26.741933822631836,78.68092346191406,66.5517349243164,251.74005126953125,171.32872009277344,151.04747009277344,95.58921813964844,114.91999816894531,7068.47998046875,410.5159912109375
2018-08-06,49.3055534362793,100.12158203125,92.38749694824219,94.67057800292969,61.376220703125,184.244140625,6.28783655166626,206.05999755859375,33.96049118041992,24.37671661376953,26.841459274291992,78.82109069824219,66.64825439453125,252.66317749023438,172.3372039794922,151.8917236328125,95.6453628540039,114.33000183105469,6951.7998046875,406.6579895019531
2018-08-07,48.84332275390625,100.81604766845703,93.1240005493164,95.01815032958984,62.277278900146484,182.37879943847656,6.360114097595215,208.72000122070312,34.09054946899414,24.488815307617188,27.040498733520508,78.82987976074219,67.1220703125,253.49766540527344,172.965087890625,152.25486755371094,95.14823913574219,114.58999633789062,6753.1201171875,380.2149963378906
2018-08-08,48.876346588134766,101.38087463378906,94.32599639892578,95.212158203125,62.549530029296875,183.7381134033203,6.396498203277588,208.94000244140625,34.18345642089844,24.549171447753906,26.845014572143555,78.9525146484375,66.8237533569336,253.39109802246094,173.1743927001953,152.11868286132812,95.24445343017578,114.91000366210938,6305.7998046875,356.6130065917969
2018-08-09,49.260738372802734,101.54753875732422,94.9260025024414,94.47657775878906,62.704742431640625,181.6643829345703,6.347984790802002,209.10000610351562,34.197391510009766,24.402584075927734,26.59621810913086,78.86489868164062,66.4552230834961,253.04493713378906,173.0697784423828,152.509033203125,96.04624938964844,114.73999786376953,6568.22998046875,365.5880126953125
2018-08-10,49.11403274536133,100.92716979980469,94.31500244140625,93.5469970703125,62.11214828491211,178.8563995361328,6.3066487312316895,206.6300048828125,33.92332458496094,24.118030548095703,26.759706497192383,78.52323913574219,65.86734771728516,251.34945678710938,171.74728393554688,152.0823974609375,96.7437973022461,114.69000244140625,6184.7099609375,334.1759948730469
2018-08-11,49.11403274536133,100.92716979980469,94.31500244140625,93.5469970703125,62.11214828491211,178.8563995361328,6.3066487312316895,206.6300048828125,33.92332458496094,24.118030548095703,26.759706497192383,78.52323913574219,65.86734771728516,251.34945678710938,171.74728393554688,152.0823974609375,96.7437973022461,114.69000244140625,6295.72998046875,322.11199951171875
2018-08-12,49.11403274536133,100.92716979980469,94.31500244140625,93.5469970703125,62.11214828491211,178.8563995361328,6.3066487312316895,206.6300048828125,33.92332458496094,24.118030548095703,26.759706497192383,78.52323913574219,65.86734771728516,251.34945678710938,171.74728393554688,152.0823974609375,96.7437973022461,114.69000244140625,6322.68994140625,319.57000732421875
2018-08-13,49.43113327026367,100.1956558227539,94.80999755859375,92.05968475341797,61.920230865478516,178.6480712890625,6.339568138122559,205.1699981689453,33.87687683105469,23.885221481323242,26.418500900268555,78.54950714111328,65.55150604248047,250.40855407714844,171.5570526123047,151.19276428222656,96.54336547851562,112.95999908447266,6297.56982421875,286.4949951171875
2018-08-14,49.639404296875,101.44569396972656,95.98249816894531,92.67403411865234,62.391334533691406,179.69979858398438,6.47100305557251,205.8300018310547,34.085906982421875,24.109416961669922,26.48248291015625,78.91747283935547,66.00773620605469,252.00634765625,172.6321258544922,152.69058227539062,96.32685089111328,113.06999969482422,6199.7099609375,278.9320068359375
2018-08-15,49.755367279052734,100.07002258300781,94.13099670410156,91.9061050415039,61.10596466064453,178.13209533691406,6.412836074829102,204.5,33.77932357788086,23.919715881347656,25.558391571044922,78.78607177734375,65.69184875488281,250.1245574951172,170.5199737548828,150.775146484375,96.88813018798828,111.19000244140625,6308.52001953125,282.364013671875
2018-08-16,50.48427963256836,100.05143737792969,94.32599639892578,92.77102661132812,60.70130157470703,173.3397216796875,6.372241020202637,207.55999755859375,33.9279670715332,24.238754272460938,25.743207931518555,79.55701446533203,66.52542877197266,252.14834594726562,171.08131408691406,152.1731719970703,96.88011169433594,111.0999984741211,6334.72998046875,288.0459899902344
2018-08-17,51.492454528808594,99.99568176269531,94.11100006103516,92.77102661132812,60.294166564941406,172.4467315673828,6.059866905212402,208.13999938964844,33.97907257080078,24.290491104125977,25.80718421936035,79.80229949951172,66.92902374267578,253.0360870361328,171.119384765625,152.82676696777344,97.0003662109375,112.12999725341797,6580.6298828125,315.72900390625
2018-08-18,51.492454528808594,99.99568176269531,94.11100006103516,92.77102661132812,60.294166564941406,172.4467315673828,6.059866905212402,208.13999938964844,33.97907257080078,24.290491104125977,25.80718421936035,79.80229949951172,66.92902374267578,253.0360870361328,171.119384765625,152.82676696777344,97.0003662109375,112.12999725341797,6423.759765625,295.81201171875
2018-08-19,51.492454528808594,99.99568176269531,94.11100006103516,92.77102661132812,60.294166564941406,172.4467315673828,6.059866905212402,208.13999938964844,33.97907257080078,24.290491104125977,25.80718421936035,79.80229949951172,66.92902374267578,253.0360870361328,171.119384765625,152.82676696777344,97.0003662109375,112.12999725341797,6506.06982421875,300.8340148925781
2018-08-20,50.99073028564453,99.33573150634766,93.83550262451172,92.64976501464844,60.5966682434082,171.15687561035156,6.134618759155273,208.4600067138672,33.9279670715332,24.36809730529785,25.98133659362793,80.06513977050781,67.37650299072266,253.57749938964844,170.96714782714844,153.25338745117188,97.64985656738281,112.69000244140625,6308.52978515625,274.31500244140625
2018-08-21,50.89133071899414,98.50846862792969,94.1709976196289,93.21558380126953,60.371524810791016,171.27590942382812,6.270262718200684,208.49000549316406,33.98371124267578,24.462947845458984,26.112844467163086,80.06513977050781,67.8766098022461,254.1723175048828,171.59510803222656,155.01455688476562,97.3210678100586,113.0199966430664,6488.759765625,281.9440002441406
2018-08-22,50.89371109008789,99.51232147216797,95.24500274658203,92.93267059326172,60.58675003051758,172.2880096435547,6.505407810211182,207.3300018310547,34.085906982421875,24.37671661376953,26.42561149597168,80.14398956298828,67.21856689453125,254.02137756347656,172.26107788085938,155.39576721191406,97.7059097290039,113.2699966430664,6376.7099609375,271.34100341796875
2018-08-23,50.99782180786133,99.9770736694336,95.1449966430664,92.73867797851562,60.557491302490234,171.5537567138672,6.604913711547852,207.24000549316406,34.160221099853516,24.26462173461914,26.30121612548828,80.11772918701172,67.02554321289062,253.68411254882812,172.01370239257812,154.92376708984375,97.8582992553711,112.19999694824219,6534.8798828125,277.10400390625
2018-08-24,51.15639877319336,100.75786590576172,95.26950073242188,92.69825744628906,61.330604553222656,173.29013061523438,6.738080978393555,207.97999572753906,34.503963470458984,24.350854873657227,26.49314308166504,80.503173828125,67.31509399414062,255.21090698242188,173.612060546875,155.76797485351562,98.05071258544922,114.16000366210938,6719.9599609375,282.9670104980469
2018-08-25,51.15639877319336,100.75786590576172,95.26950073242188,92.69825744628906,61.330604553222656,173.29013061523438,6.738080978393555,207.97999572753906,34.503963470458984,24.350854873657227,26.49314308166504,80.503173828125,67.31509399414062,255.21090698242188,173.612060546875,155.76797485351562,98.05071258544922,114.16000366210938,6763.18994140625,279.64599609375
2018-08-26,51.15639877319336,100.75786590576172,95.26950073242188,92.69825744628906,61.330604553222656,173.29013061523438,6.738080978393555,207.97999572753906,34.503963470458984,24.350854873657227,26.49314308166504,80.503173828125,67.31509399414062,255.21090698242188,173.612060546875,155.76797485351562,98.05071258544922,114.16000366210938,6707.259765625,275.1969909667969
2018-08-27,51.57765197753906,101.87327575683594,96.38400268554688,94.33916473388672,62.29859924316406,176.07821655273438,6.829169750213623,210.50999450683594,34.81983184814453,24.67852210998535,26.688623428344727,80.79228973388672,68.16618347167969,257.2257995605469,175.3816375732422,155.9949493408203,97.48946380615234,114.58999633789062,6884.64013671875,285.6029968261719
2018-08-28,51.994171142578125,102.48672485351562,96.64099884033203,93.87840270996094,61.78236770629883,174.88758850097656,6.79154634475708,210.77000427246094,34.88020706176758,24.65265655517578,26.57489013671875,80.83606719970703,68.02576446533203,257.35009765625,175.6385498046875,156.14022827148438,96.9041748046875,113.68000030517578,7096.27978515625,296.4989929199219
2018-08-29,52.77040481567383,104.12266540527344,99.90499877929688,93.57125091552734,62.71416473388672,174.53038024902344,6.897049427032471,211.27000427246094,35.19609069824219,24.644027709960938,26.738391876220703,81.36174011230469,68.07843017578125,258.73480224609375,177.6650390625,156.59410095214844,97.03247833251953,114.19999694824219,7047.16015625,289.31201171875
2018-08-30,53.25557327270508,104.05757904052734,100.11900329589844,93.11050415039062,62.20785140991211,176.2568359375,6.880209445953369,209.75,35.089256286621094,24.454320907592773,26.663747787475586,81.30040740966797,67.60462188720703,257.6873779296875,177.3511199951172,156.46701049804688,97.24091339111328,113.63999938964844,6978.22998046875,284.1050109863281
2018-08-31,53.870887756347656,104.4107894897461,100.635498046875,92.617431640625,61.08513259887695,174.3616943359375,6.951285362243652,208.72000122070312,35.11712646484375,24.428457260131836,26.457603454589844,81.28289031982422,67.64850616455078,257.6962890625,177.5794219970703,157.06613159179688,97.01644134521484,113.51000213623047,7037.580078125,283.0039978027344
2018-09-01,53.870887756347656,104.4107894897461,100.635498046875,92.617431640625,61.08513259887695,174.3616943359375,6.951285362243652,208.72000122070312,35.11712646484375,24.428457260131836,26.457603454589844,81.28289031982422,67.64850616455078,257.6962890625,177.5794219970703,157.06613159179688,97.01644134521484,113.51000213623047,7193.25,295.34100341796875
2018-09-02,53.870887756347656,104.4107894897461,100.635498046875,92.617431640625,61.08513259887695,174.3616943359375,6.951285362243652,208.72000122070312,35.11712646484375,24.428457260131836,26.457603454589844,81.28289031982422,67.64850616455078,257.6962890625,177.5794219970703,157.06613159179688,97.01644134521484,113.51000213623047,7272.72021484375,294.3710021972656
2018-09-03,53.870887756347656,104.4107894897461,100.635498046875,92.617431640625,61.08513259887695,174.3616943359375,6.951285362243652,208.72000122070312,35.11712646484375,24.428457260131836,26.457603454589844,81.28289031982422,67.64850616455078,257.6962890625,177.5794219970703,157.06613159179688,97.01644134521484,113.51000213623047,7260.06005859375,289.2590026855469
2018-09-04,54.04364013671875,103.83453369140625,101.97550201416016,93.07820892333984,60.069034576416016,169.8272705078125,7.0260796546936035,210.0500030517578,34.98240280151367,24.549171447753906,26.400732040405273,80.63459777832031,67.59586334228516,257.2524108886719,176.81832885742188,156.3671417236328,96.45549774169922,112.93000030517578,7361.66015625,285.7229919433594
2018-09-05,53.6910285949707,100.84150695800781,99.74099731445312,92.62550354003906,59.463539123535156,165.87826538085938,6.895315647125244,212.25999450683594,34.545780181884766,24.566423416137695,26.365188598632812,80.95872497558594,68.07843017578125,256.56005859375,174.53494262695312,155.9495086669922,96.19835662841797,113.31999969482422,6792.830078125,232.33099365234375
2018-09-06,52.79880905151367,101.07388305664062,97.91549682617188,92.22943878173828,58.71422576904297,161.26446533203125,6.754150390625,212.8800048828125,34.2949333190918,24.454320907592773,25.878265380859375,80.95872497558594,68.28899383544922,255.78782653808594,172.974609375,154.89649963378906,96.55194091796875,113.54000091552734,6529.169921875,230.21499633789062
2018-09-07,52.37282180786133,100.5812759399414,97.60350036621094,92.40725708007812,58.396846771240234,161.7705078125,6.732851505279541,214.0399932861328,34.178810119628906,24.428457260131836,25.874710083007812,81.08139038085938,68.07843017578125,255.2906951904297,172.3086700439453,154.8148193359375,95.73226928710938,113.2300033569336,6467.06982421875,217.2030029296875
2018-09-08,52.37282180786133,100.5812759399414,97.60350036621094,92.40725708007812,58.396846771240234,161.7705078125,6.732851505279541,214.0399932861328,34.178810119628906,24.428457260131836,25.874710083007812,81.08139038085938,68.07843017578125,255.2906951904297,172.3086700439453,154.8148193359375,95.73226928710938,113.2300033569336,6225.97998046875,197.9510040283203
2018-09-09,52.37282180786133,100.5812759399414,97.60350036621094,92.40725708007812,58.396846771240234,161.7705078125,6.732851505279541,214.0399932861328,34.178810119628906,24.428457260131836,25.874710083007812,81.08139038085938,68.07843017578125,255.2906951904297,172.3086700439453,154.8148193359375,95.73226928710938,113.2300033569336,6300.85986328125,196.9239959716797
2018-09-10,51.66994094848633,101.66876983642578,96.95050048828125,91.91419982910156,58.27138137817383,162.90162658691406,6.803930282592773,215.11000061035156,34.28564453125,24.402584075927734,25.864036560058594,80.87113952636719,68.42938995361328,255.7345733642578,172.88900756835938,155.00550842285156,96.08582305908203,113.1500015258789,6329.7001953125,197.07899475097656
2018-09-11,52.9763069152832,103.39766693115234,99.35749816894531,92.49618530273438,59.01176452636719,164.64793395996094,6.756130695343018,215.10000610351562,34.57829284667969,24.428457260131836,26.109289169311523,80.8010482788086,68.41184997558594,256.5779113769531,174.220947265625,155.25962829589844,95.35458374023438,113.22000122070312,6321.2001953125,185.0659942626953
2018-09-12,52.318397521972656,103.83453369140625,99.5,91.40493774414062,58.09980773925781,160.73861694335938,6.642208099365234,214.58999633789062,34.43428421020508,24.204259872436523,26.24435043334961,81.20403289794922,68.62244415283203,256.6399841308594,173.70718383789062,154.88742065429688,95.57958221435547,114.16999816894531,6351.7998046875,183.33099365234375
2018-09-13,53.5821647644043,104.94992065429688,99.49349975585938,91.7606201171875,58.62247848510742,160.1035919189453,6.719973564147949,214.88999938964844,34.838417053222656,24.169769287109375,26.255016326904297,82.2115249633789,69.03480529785156,258.1578369140625,175.56240844726562,154.92376708984375,95.72423553466797,113.76000213623047,6517.31005859375,211.35400390625
2018-09-14,52.973941802978516,105.37747955322266,98.5094985961914,91.74443817138672,58.41619110107422,161.05612182617188,6.846031665802002,216.3699951171875,34.810543060302734,24.342227935791016,26.39362907409668,81.93994903564453,69.37700653076172,258.2023010253906,175.04867553710938,155.57736206054688,95.26617431640625,113.0199966430664,6512.7099609375,211.74899291992188
2018-09-15,52.973941802978516,105.37747955322266,98.5094985961914,91.74443817138672,58.41619110107422,161.05612182617188,6.846031665802002,216.3699951171875,34.810543060302734,24.342227935791016,26.39362907409668,81.93994903564453,69.37700653076172,258.2023010253906,175.04867553710938,155.57736206054688,95.26617431640625,113.0199966430664,6543.2001953125,223.07400512695312
2018-09-16,52.973941802978516,105.37747955322266,98.5094985961914,91.74443817138672,58.41619110107422,161.05612182617188,6.846031665802002,216.3699951171875,34.810543060302734,24.342227935791016,26.39362907409668,81.93994903564453,69.37700653076172,258.2023010253906,175.04867553710938,155.57736206054688,95.26617431640625,113.0199966430664,6517.18017578125,220.58900451660156
2018-09-17,51.563446044921875,104.23422241210938,95.40149688720703,92.01927185058594,57.51613235473633,159.32968139648438,6.784116744995117,216.2899932861328,34.3739128112793,24.238754272460938,26.43627166748047,81.64208221435547,69.4033203125,256.8353271484375,172.5274200439453,153.9251708984375,95.26617431640625,113.61000061035156,6281.2001953125,197.875
2018-09-18,51.648643493652344,105.22876739501953,97.05249786376953,92.39112091064453,57.87714767456055,159.05184936523438,6.712048053741455,218.3000030517578,34.59222412109375,24.35947036743164,26.61043930053711,82.11516571044922,70.03507995605469,258.22894287109375,173.95455932617188,154.5697479248047,94.26972198486328,113.44000244140625,6371.2998046875,209.97500610351562
2018-09-19,51.679412841796875,103.82520294189453,96.32099914550781,95.0747299194336,58.23221206665039,161.7903594970703,6.735824108123779,220.9499969482422,34.503963470458984,24.773366928100586,26.69218635559082,82.00127410888672,69.97364807128906,258.5041198730469,173.82138061523438,154.00686645507812,93.70719909667969,113.87999725341797,6398.5400390625,209.968994140625
2018-09-20,52.072265625,105.56336975097656,97.21499633789062,95.89112091064453,59.09012222290039,164.727294921875,6.594657897949219,221.67999267578125,34.9127311706543,24.988937377929688,26.69928741455078,82.79850769042969,70.07892608642578,260.598876953125,175.74322509765625,155.43211364746094,94.14115142822266,114.2699966430664,6519.669921875,224.59100341796875
2018-09-21,51.511390686035156,106.20474243164062,95.75050354003906,95.26063537597656,58.125587463378906,161.66134643554688,6.524569988250732,220.52000427246094,34.77478790283203,24.89193344116211,26.87571144104004,82.91019439697266,70.53211212158203,260.3608093261719,174.78231811523438,154.68771362304688,94.1009750366211,113.48999786376953,6734.9501953125,246.58399963378906
2018-09-22,51.511390686035156,106.20474243164062,95.75050354003906,95.26063537597656,58.125587463378906,161.66134643554688,6.524569988250732,220.52000427246094,34.77478790283203,24.89193344116211,26.87571144104004,82.91019439697266,70.53211212158203,260.3608093261719,174.78231811523438,154.68771362304688,94.1009750366211,113.48999786376953,6721.97998046875,240.47999572753906
2018-09-23,51.511390686035156,106.20474243164062,95.75050354003906,95.26063537597656,58.125587463378906,161.66134643554688,6.524569988250732,220.52000427246094,34.77478790283203,24.89193344116211,26.87571144104004,82.91019439697266,70.53211212158203,260.3608093261719,174.78231811523438,154.68771362304688,94.1009750366211,113.48999786376953,6710.6298828125,244.3300018310547
2018-09-24,52.25212860107422,106.5858383178711,96.71800231933594,94.34723663330078,58.494544982910156,164.12205505371094,6.580294132232666,218.1300048828125,34.94721984863281,24.61478042602539,27.26936912536621,83.07732391357422,69.32425689697266,259.4959411621094,175.26840209960938,154.1158447265625,93.85989379882812,113.47000122070312,6595.41015625,228.72999572753906
2018-09-25,52.58346176147461,106.38134765625,98.72750091552734,94.08049011230469,59.20517349243164,163.62596130371094,6.647408962249756,218.0500030517578,34.90528106689453,24.51950454711914,27.444726943969727,82.822265625,69.11264038085938,259.2552490234375,175.5066680908203,154.3518524169922,93.76347351074219,113.6500015258789,6446.47021484375,218.5050048828125
2018-09-26,52.164554595947266,105.9444808959961,98.74250030517578,92.97308349609375,59.213600158691406,165.65005493164062,6.610507011413574,216.11000061035156,34.77478790283203,24.22502899169922,27.17989730834961,83.00695037841797,69.06855773925781,258.4795227050781,175.63059997558594,152.94102478027344,94.42239379882812,113.05000305175781,6495.0,215.8470001220703
2018-09-27,53.23663330078125,106.34418487548828,100.64900207519531,92.56893157958984,59.873146057128906,167.5253448486328,6.622395038604736,216.6999969482422,34.979862213134766,24.1384220123291,27.17989730834961,83.42911529541016,69.16554260253906,259.2016296386719,177.11740112304688,152.9501495361328,94.48670959472656,112.05000305175781,6676.75,228.49400329589844
2018-09-28,53.4235954284668,106.3069839477539,100.1500015258789,91.21095275878906,59.85926818847656,163.179443359375,6.959705829620361,214.11000061035156,35.11037063598633,23.88724708557129,27.10474967956543,83.68416595458984,69.12146759033203,259.2284851074219,177.0792694091797,153.41433715820312,94.237548828125,112.76000213623047,6644.1298828125,222.40199279785156
2018-09-29,53.4235954284668,106.3069839477539,100.1500015258789,91.21095275878906,59.85926818847656,163.179443359375,6.959705829620361,214.11000061035156,35.11037063598633,23.88724708557129,27.10474967956543,83.68416595458984,69.12146759033203,259.2284851074219,177.0792694091797,153.41433715820312,94.237548828125,112.76000213623047,6601.9599609375,231.63499450683594
2018-09-30,53.4235954284668,106.3069839477539,100.1500015258789,91.21095275878906,59.85926818847656,163.179443359375,6.959705829620361,214.11000061035156,35.11037063598633,23.88724708557129,27.10474967956543,83.68416595458984,69.12146759033203,259.2284851074219,177.0792694091797,153.41433715820312,94.237548828125,112.76000213623047,6625.56005859375,232.84800720214844
2018-10-01,53.7833137512207,107.45954895019531,100.21800231933594,91.74443817138672,59.9311637878418,161.17518615722656,7.16625452041626,214.77999877929688,35.278160095214844,23.982526779174805,27.48050880432129,84.09752655029297,69.72981262207031,260.1289978027344,177.4414825439453,151.39370727539062,93.54574584960938,112.56999969482422,6589.6201171875,230.76800537109375
2018-10-02,54.261375427246094,107.03199005126953,98.56549835205078,92.12435150146484,59.88703536987305,158.08941650390625,7.09492826461792,215.2899932861328,35.282814025878906,23.982526779174805,27.509143829345703,84.00078582763672,69.88848876953125,259.97747802734375,177.04119873046875,149.75535583496094,94.11756896972656,113.87000274658203,6556.10009765625,227.18099975585938
2018-10-03,54.92164993286133,107.05060577392578,97.63800048828125,92.9892578125,60.07994079589844,161.1652374267578,7.101120471954346,216.39999389648438,35.39002227783203,24.207712173461914,27.731016159057617,83.84247589111328,70.17945098876953,260.12017822265625,177.2318115234375,151.0660400390625,92.482666015625,113.41999816894531,6502.58984375,220.48899841308594
2018-10-04,53.95607376098633,104.83837890625,95.47100067138672,93.82765197753906,58.371063232421875,157.6131591796875,6.916861534118652,218.97000122070312,34.75147247314453,24.372268676757812,27.616498947143555,83.02454376220703,69.95021057128906,258.087158203125,173.82919311523438,148.94525146484375,91.83026885986328,113.4800033569336,6576.68994140625,222.21800231933594
2018-10-05,53.08042526245117,104.2248764038086,94.48249816894531,93.29856872558594,57.912845611572266,156.10498046875,6.68332052230835,219.4600067138672,34.313350677490234,24.25101661682129,27.612926483154297,82.92777252197266,69.5887451171875,256.6426086425781,171.70375061035156,147.59811401367188,91.0409927368164,113.80000305175781,6622.47998046875,227.6009979248047
2018-10-06,53.08042526245117,104.2248764038086,94.48249816894531,93.29856872558594,57.912845611572266,156.10498046875,6.68332052230835,219.4600067138672,34.313350677490234,24.25101661682129,27.612926483154297,82.92777252197266,69.5887451171875,256.6426086425781,171.70375061035156,147.59811401367188,91.0409927368164,113.80000305175781,6588.31005859375,225.1199951171875
2018-10-07,53.08042526245117,104.2248764038086,94.48249816894531,93.29856872558594,57.912845611572266,156.10498046875,6.68332052230835,219.4600067138672,34.313350677490234,24.25101661682129,27.612926483154297,82.92777252197266,69.5887451171875,256.6426086425781,171.70375061035156,147.59811401367188,91.0409927368164,113.80000305175781,6602.9501953125,226.11900329589844
2018-10-08,52.957366943359375,103.03514862060547,93.22100067138672,93.86835479736328,57.32223129272461,156.0255889892578,6.582026481628418,222.05999755859375,33.92649841308594,24.415569305419922,27.59144401550293,82.89260864257812,69.76502990722656,256.6426086425781,170.6553497314453,147.28866577148438,90.73495483398438,112.54000091552734,6652.22998046875,229.2550048828125
2018-10-09,53.6910285949707,104.34573364257812,93.51599884033203,93.21717071533203,56.78913497924805,156.67051696777344,6.576331615447998,223.75999450683594,34.047691345214844,24.320302963256836,27.838380813598633,83.0333251953125,68.68946075439453,256.2680969238281,171.2081756591797,146.71524047851562,91.653076171875,112.5999984741211,6642.64013671875,227.98199462890625
2018-10-10,51.2037239074707,98.67579650878906,87.76249694824219,90.73453521728516,54.160362243652344,150.2012939453125,6.084728717803955,213.10000610351562,32.39772033691406,23.566791534423828,26.965190887451172,81.0720443725586,66.47651672363281,248.15380859375,163.678466796875,142.50103759765625,91.40339660644531,112.87999725341797,6585.52978515625,225.7689971923828
2018-10-11,50.7516975402832,98.44339752197266,85.96800231933594,88.01581573486328,54.08994674682617,152.1559600830078,5.823200225830078,205.19000244140625,31.9875545501709,22.865245819091797,26.052621841430664,78.88211822509766,64.7220230102539,242.68775939941406,161.6483917236328,139.77957153320312,92.51488494873047,115.77999877929688,6256.240234375,189.49899291992188
2018-10-12,52.564510345458984,101.84538269042969,89.43049621582031,87.05535888671875,55.56773376464844,152.54295349121094,6.105779647827148,206.8000030517578,33.012969970703125,22.8912296295166,26.124204635620117,80.09580993652344,65.1540298461914,246.05838012695312,166.1470947265625,139.80682373046875,92.19270324707031,115.2300033569336,6274.580078125,196.7270050048828
2018-10-13,52.564510345458984,101.84538269042969,89.43049621582031,87.05535888671875,55.56773376464844,152.54295349121094,6.105779647827148,206.8000030517578,33.012969970703125,22.8912296295166,26.124204635620117,80.09580993652344,65.1540298461914,246.05838012695312,166.1470947265625,139.80682373046875,92.19270324707031,115.2300033569336,6285.990234375,199.84100341796875
2018-10-14,52.564510345458984,101.84538269042969,89.43049621582031,87.05535888671875,55.56773376464844,152.54295349121094,6.105779647827148,206.8000030517578,33.012969970703125,22.8912296295166,26.124204635620117,80.09580993652344,65.1540298461914,246.05838012695312,166.1470947265625,139.80682373046875,92.19270324707031,115.2300033569336,6290.93017578125,195.71499633789062
2018-10-15,51.44038772583008,100.0142593383789,88.04750061035156,86.55880737304688,54.6701545715332,152.32464599609375,5.82939338684082,205.02999877929688,32.472312927246094,22.787288665771484,25.905908584594727,79.54173278808594,65.27745819091797,244.67625427246094,164.13600158691406,140.32568359375,92.15243530273438,116.0,6596.5400390625,209.70399475097656
2018-10-16,52.57398223876953,103.174560546875,90.99800109863281,88.41468048095703,56.18959426879883,157.54368591308594,6.088196277618408,209.8300018310547,33.45107650756836,23.168380737304688,26.120616912841797,81.722900390625,66.37953186035156,250.02626037597656,168.9111328125,144.39427185058594,92.36182403564453,115.80000305175781,6596.10986328125,210.1199951171875
2018-10-17,52.3467903137207,102.90502166748047,91.58650207519531,89.39959716796875,55.917354583740234,158.17869567871094,6.019594669342041,210.52000427246094,33.297279357910156,23.4022274017334,25.955997467041016,82.15383911132812,65.89460754394531,250.0708770751953,168.97784423828125,143.7753143310547,91.81416320800781,115.79000091552734,6544.43017578125,207.08299255371094
2018-10-18,51.12325668334961,100.85082244873047,88.53600311279297,87.9832763671875,54.44550704956055,153.71372985839844,5.932171821594238,208.6999969482422,32.64475631713867,23.01247787475586,25.82716941833496,81.22157287597656,64.7573013305664,246.45960998535156,165.06048583984375,141.08111572265625,91.78194427490234,115.91999816894531,6476.7099609375,203.3520050048828
2018-10-19,51.9018669128418,100.99954986572266,88.20149993896484,87.83674621582031,54.8060302734375,152.8505096435547,5.675596237182617,209.8300018310547,32.63077163696289,23.099096298217773,25.598134994506836,80.48280334472656,64.51924133300781,246.32583618164062,164.9080352783203,139.58839416503906,91.58061981201172,116.01000213623047,6465.41015625,203.7270050048828
2018-10-20,51.9018669128418,100.99954986572266,88.20149993896484,87.83674621582031,54.8060302734375,152.8505096435547,5.675596237182617,209.8300018310547,32.63077163696289,23.099096298217773,25.598134994506836,80.48280334472656,64.51924133300781,246.32583618164062,164.9080352783203,139.58839416503906,91.58061981201172,116.01000213623047,6489.18994140625,205.42999267578125
2018-10-21,51.9018669128418,100.99954986572266,88.20149993896484,87.83674621582031,54.8060302734375,152.8505096435547,5.675596237182617,209.8300018310547,32.63077163696289,23.099096298217773,25.598134994506836,80.48280334472656,64.51924133300781,246.32583618164062,164.9080352783203,139.58839416503906,91.58061981201172,116.01000213623047,6482.35009765625,205.14199829101562
2018-10-22,52.21898651123047,101.90115356445312,89.46499633789062,86.5750961303711,55.11299514770508,153.57484436035156,5.726365089416504,206.19000244140625,32.90110778808594,22.605411529541016,25.315420150756836,79.82318115234375,64.29882049560547,245.22019958496094,165.7563018798828,139.28805541992188,91.45977020263672,115.70999908447266,6487.16015625,204.04400634765625
2018-10-23,52.71124267578125,100.47901916503906,88.43499755859375,85.67158508300781,55.288536071777344,153.1878662109375,5.474745750427246,204.0,32.77526092529297,22.423526763916016,24.65337371826172,79.39220428466797,63.24082946777344,243.9718017578125,165.1463165283203,138.04103088378906,91.74972534179688,116.38999938964844,6475.740234375,204.33599853515625
2018-10-24,50.90316390991211,95.10650634765625,83.20999908447266,84.07617950439453,52.422725677490234,144.90286254882812,4.938563346862793,199.80999755859375,31.30708885192871,21.86055564880371,23.679977416992188,76.7713394165039,61.098426818847656,236.57986450195312,157.58810424804688,132.84378051757812,92.44232940673828,116.66000366210938,6495.83984375,203.8520050048828
2018-10-25,52.017845153808594,100.66492462158203,89.1084976196289,85.35411071777344,54.72718048095703,149.774658203125,5.147340297698975,201.97999572753906,32.38374710083008,22.198339462280273,23.9698486328125,77.76514434814453,61.530452728271484,240.82424926757812,163.0399169921875,135.72003173828125,92.05579376220703,116.4000015258789,6476.2900390625,202.718994140625
2018-10-26,51.18952560424805,99.41937255859375,82.1405029296875,84.18197631835938,53.74331283569336,144.2380828857422,4.910825729370117,198.49000549316406,31.735883712768555,21.87788200378418,23.790908813476562,76.8856430053711,60.92210388183594,236.5887451171875,158.84620666503906,134.23641967773438,92.61150360107422,116.7699966430664,6474.75,203.32899475097656
2018-10-27,51.18952560424805,99.41937255859375,82.1405029296875,84.18197631835938,53.74331283569336,144.2380828857422,4.910825729370117,198.49000549316406,31.735883712768555,21.87788200378418,23.790908813476562,76.8856430053711,60.92210388183594,236.5887451171875,158.84620666503906,134.23641967773438,92.61150360107422,116.7699966430664,6480.3798828125,204.2100067138672
2018-10-28,51.18952560424805,99.41937255859375,82.1405029296875,84.18197631835938,53.74331283569336,144.2380828857422,4.910825729370117,198.49000549316406,31.735883712768555,21.87788200378418,23.790908813476562,76.8856430053711,60.92210388183594,236.5887451171875,158.84620666503906,134.23641967773438,92.61150360107422,116.7699966430664,6486.39013671875,205.36599731445312
2018-10-29,50.22868728637695,96.52867126464844,76.94400024414062,85.34597778320312,51.31240463256836,140.98362731933594,4.597043514251709,200.0399932861328,31.199880599975586,22.068424224853516,23.34716033935547,77.0791244506836,59.908203125,235.27798461914062,155.5770263671875,133.4991455078125,92.40209197998047,116.30999755859375,6332.6298828125,197.2469940185547
2018-10-30,50.47955322265625,96.41710662841797,76.52100372314453,86.85185241699219,52.045345306396484,145.08148193359375,5.027472972869873,203.35000610351562,31.549449920654297,22.449508666992188,23.88753890991211,77.90586853027344,61.142520904541016,238.76443481445312,158.14093017578125,136.28440856933594,91.94302368164062,115.80000305175781,6334.27001953125,197.55599975585938
2018-10-31,51.795372009277344,99.27996063232422,79.90049743652344,88.74028778076172,54.08201217651367,150.6081085205078,5.221391201019287,205.27999877929688,32.29985046386719,22.76131248474121,24.034263610839844,78.01140594482422,61.60979080200195,241.31455993652344,161.85806274414062,136.5574188232422,91.47586822509766,115.1500015258789,6317.60986328125,197.38099670410156
2018-11-01,52.59055709838867,98.45269012451172,83.27649688720703,88.70769500732422,53.8538932800293,150.5684051513672,5.40168571472168,205.86000061035156,32.67738342285156,22.865245819091797,24.238248825073242,78.99644470214844,62.69423294067383,243.88272094726562,163.99302673339844,139.7067108154297,91.5606460571289,116.62999725341797,6377.77978515625,198.8719940185547
2018-11-02,49.1021842956543,98.67579650878906,83.27649688720703,88.21932220458984,53.13534164428711,149.17930603027344,5.322683334350586,206.57000732421875,32.038848876953125,22.847919464111328,24.177413940429688,78.50390625,62.58842849731445,242.43817138671875,161.4386749267578,140.17092895507812,90.42229461669922,116.6500015258789,6388.43994140625,200.63499450683594
2018-11-03,49.1021842956543,98.67579650878906,83.27649688720703,88.21932220458984,53.13534164428711,149.17930603027344,5.322683334350586,206.57000732421875,32.038848876953125,22.847919464111328,24.177413940429688,78.50390625,62.58842849731445,242.43817138671875,161.4386749267578,140.17092895507812,90.42229461669922,116.6500015258789,6361.259765625,200.18600463867188
2018-11-04,49.1021842956543,98.67579650878906,83.27649688720703,88.21932220458984,53.13534164428711,149.17930603027344,5.322683334350586,206.57000732421875,32.038848876953125,22.847919464111328,24.177413940429688,78.50390625,62.58842849731445,242.43817138671875,161.4386749267578,140.17092895507812,90.42229461669922,116.6500015258789,6376.1298828125,207.48599243164062
2018-11-05,47.70825958251953,99.93060302734375,81.38999938964844,88.7972412109375,52.353797912597656,147.52230834960938,5.244670391082764,216.24000549316406,32.006221771240234,23.211688995361328,24.581798553466797,79.19872283935547,62.914649963378906,243.775634765625,161.0384063720703,140.0616912841797,90.7775650024414,116.37000274658203,6419.66015625,209.09100341796875
2018-11-06,48.22417449951172,100.12579345703125,82.1405029296875,89.21237182617188,53.04012680053711,148.7725067138672,5.227086067199707,218.50999450683594,32.20663070678711,23.33294105529785,24.69631576538086,79.60330200195312,63.57587432861328,245.3182373046875,162.2583465576172,140.75341796875,90.72101593017578,116.04000091552734,6461.009765625,218.45199584960938
2018-11-07,49.68673324584961,104.06689453125,87.77449798583984,90.74266815185547,54.9577751159668,150.35015869140625,5.294696807861328,221.24000549316406,33.15279006958008,23.636079788208008,25.1007022857666,81.94275665283203,64.60739135742188,250.57032775878906,167.34796142578125,143.27471923828125,90.84211730957031,116.02999877929688,6530.14013671875,217.18299865722656
2018-11-08,49.51336669921875,103.8716812133789,87.74549865722656,91.47525024414062,54.2828483581543,146.71864318847656,5.101522445678711,222.4199981689453,33.12482833862305,23.705366134643555,24.55674171447754,81.98674774169922,64.50161743164062,250.11553955078125,166.28053283691406,142.89242553710938,90.83405303955078,115.77999877929688,6453.72021484375,212.2310028076172
2018-11-09,48.558677673339844,101.84538269042969,85.62149810791016,90.5880126953125,53.409568786621094,143.831298828125,5.093597412109375,219.6300048828125,32.551536560058594,23.488845825195312,24.51380157470703,81.74925994873047,63.84918212890625,247.67233276367188,163.4783477783203,140.2437286376953,91.51222229003906,114.4800033569336,6385.6201171875,210.07400512695312
2018-11-10,48.558677673339844,101.84538269042969,85.62149810791016,90.5880126953125,53.409568786621094,143.831298828125,5.093597412109375,219.6300048828125,32.551536560058594,23.488845825195312,24.51380157470703,81.74925994873047,63.84918212890625,247.67233276367188,163.4783477783203,140.2437286376953,91.51222229003906,114.4800033569336,6409.22021484375,212.5330047607422
2018-11-11,48.558677673339844,101.84538269042969,85.62149810791016,90.5880126953125,53.409568786621094,143.831298828125,5.093597412109375,219.6300048828125,32.551536560058594,23.488845825195312,24.51380157470703,81.74925994873047,63.84918212890625,247.67233276367188,163.4783477783203,140.2437286376953,91.51222229003906,114.4800033569336,6411.27001953125,211.33999633789062
2018-11-12,46.112579345703125,99.33573150634766,81.84249877929688,88.68329620361328,52.037906646728516,140.44784545898438,4.694125652313232,215.4199981689453,31.404964447021484,23.021146774291992,24.005634307861328,80.64110565185547,62.58842849731445,243.04452514648438,158.53167724609375,137.46763610839844,92.10965728759766,113.66000366210938,6371.27001953125,210.41799926757812
2018-11-13,45.651859283447266,99.40079498291016,81.55850219726562,89.2042236328125,51.96897888183594,141.05308532714844,4.936087131500244,217.9199981689453,31.442243576049805,23.151058197021484,23.454519271850586,80.07821655273438,62.870548248291016,242.58969116210938,158.66510009765625,137.03074645996094,92.05313873291016,113.69999694824219,6359.490234375,206.8260040283203
2018-11-14,44.36231231689453,97.99118041992188,79.95050048828125,87.36463165283203,52.2967643737793,143.09706115722656,4.883582592010498,216.02999877929688,31.06471824645996,22.839263916015625,23.415157318115234,79.43618774414062,62.658958435058594,240.93116760253906,157.45468139648438,136.02951049804688,92.10965728759766,114.63999938964844,5738.35009765625,181.39700317382812
2018-11-15,45.45711135864258,100.14761352539062,80.97200012207031,89.59495544433594,53.113521575927734,142.7299346923828,5.012366771697998,217.3800048828125,31.843088150024414,23.177040100097656,23.758710861206055,80.13977813720703,63.48772048950195,243.44566345214844,160.2091522216797,137.9682159423828,92.06930541992188,114.7699966430664,5648.02978515625,180.80599975585938
2018-11-16,45.96059036254883,101.0904541015625,79.67050170898438,89.52981567382812,52.97565841674805,138.4435577392578,4.072253704071045,218.41000366210938,31.791824340820312,23.203031539916992,24.041419982910156,80.94894409179688,63.47005844116211,244.0789031982422,159.6468048095703,138.29592895507812,92.6021499633789,115.62000274658203,5575.5498046875,175.177001953125
2018-11-17,45.96059036254883,101.0904541015625,79.67050170898438,89.52981567382812,52.97565841674805,138.4435577392578,4.072253704071045,218.41000366210938,31.791824340820312,23.203031539916992,24.041419982910156,80.94894409179688,63.47005844116211,244.0789031982422,159.6468048095703,138.29592895507812,92.6021499633789,115.62000274658203,5554.330078125,174.00100708007812
2018-11-18,45.96059036254883,101.0904541015625,79.67050170898438,89.52981567382812,52.97565841674805,138.4435577392578,4.072253704071045,218.41000366210938,31.791824340820312,23.203031539916992,24.041419982910156,80.94894409179688,63.47005844116211,244.0789031982422,159.6468048095703,138.29592895507812,92.6021499633789,115.62000274658203,5623.5400390625,177.06700134277344
2018-11-19,44.139076232910156,97.6644515991211,75.614501953125,90.21358489990234,50.94989776611328,130.52572631835938,3.583622932434082,217.94000244140625,30.579986572265625,23.194364547729492,24.034263610839844,79.91990661621094,62.46500015258789,239.95040893554688,154.46188354492188,135.4925079345703,92.8604965209961,115.66999816894531,4871.490234375,149.1750030517578
2018-11-20,42.03020477294922,94.94792938232422,74.77300262451172,88.27631378173828,51.100154876708984,131.3988494873047,3.6920971870422363,210.7100067138672,29.92280387878418,22.683361053466797,23.246957778930664,79.17236328125,61.16896057128906,235.50978088378906,151.69789123535156,132.88021850585938,92.89276885986328,115.66999816894531,4451.8701171875,130.33900451660156
2018-11-21,41.98270797729492,96.25484466552734,75.83650207519531,87.6169662475586,51.743839263916016,133.77024841308594,3.5838701725006104,210.86000061035156,30.14186668395996,22.700681686401367,23.611982345581055,78.72380065917969,61.60097885131836,236.31234741210938,152.85113525390625,134.7370147705078,92.8604965209961,115.86000061035156,4602.169921875,136.7010040283203
2018-11-22,41.98270797729492,96.25484466552734,75.83650207519531,87.6169662475586,51.743839263916016,133.77024841308594,3.5838701725006104,210.86000061035156,30.14186668395996,22.700681686401367,23.611982345581055,78.72380065917969,61.60097885131836,236.31234741210938,152.85113525390625,134.7370147705078,92.8604965209961,115.86000061035156,4365.93994140625,126.70600128173828
2018-11-23,40.91638946533203,96.2175064086914,75.10299682617188,86.8111343383789,51.082801818847656,130.7042999267578,3.5910520553588867,207.07000732421875,29.86687660217285,22.518802642822266,22.871200561523438,78.8381118774414,61.47756576538086,234.7340545654297,151.74549865722656,134.60958862304688,92.9573745727539,115.7699966430664,4347.10986328125,123.2959976196289
2018-11-24,40.91638946533203,96.2175064086914,75.10299682617188,86.8111343383789,51.082801818847656,130.7042999267578,3.5910520553588867,207.07000732421875,29.86687660217285,22.518802642822266,22.871200561523438,78.8381118774414,61.47756576538086,234.7340545654297,151.74549865722656,134.60958862304688,92.9573745727539,115.7699966430664,3880.760009765625,113.49400329589844
2018-11-25,40.91638946533203,96.2175064086914,75.10299682617188,86.8111343383789,51.082801818847656,130.7042999267578,3.5910520553588867,207.07000732421875,29.86687660217285,22.518802642822266,22.871200561523438,78.8381118774414,61.47756576538086,234.7340545654297,151.74549865722656,134.60958862304688,92.9573745727539,115.7699966430664,4009.969970703125,116.44999694824219
2018-11-26,41.469730377197266,99.39144134521484,79.06649780273438,88.93561553955078,52.36421585083008,135.318115234375,3.7904179096221924,210.6300048828125,30.542701721191406,22.977834701538086,23.214754104614258,79.60330200195312,61.92718505859375,238.523681640625,155.25296020507812,136.35714721679688,92.74746704101562,115.63999938964844,3779.1298828125,108.33499908447266
2018-11-27,41.379493713378906,100.01692962646484,79.07099914550781,89.31006622314453,52.18270492553711,133.94883728027344,3.8072586059570312,212.52999877929688,30.60329818725586,22.995162963867188,23.15033531188965,80.43003845214844,61.821407318115234,239.32615661621094,155.77720642089844,135.2285919189453,92.8524169921875,114.94999694824219,3820.719970703125,110.01000213623047
2018-11-28,42.97066116333008,103.73231506347656,83.88749694824219,90.30310821533203,54.14202117919922,135.6951446533203,3.9642748832702637,217.5,31.67529296875,23.436878204345703,23.547569274902344,82.36492919921875,63.30255126953125,244.8367919921875,160.79058837890625,138.56900024414062,92.40032958984375,115.37999725341797,4257.419921875,122.43800354003906
2018-11-29,42.640541076660156,102.8641586303711,83.67849731445312,89.58683013916016,54.280372619628906,137.6001739501953,3.9010584354400635,217.6999969482422,31.367679595947266,23.237667083740234,23.70145034790039,82.63753509521484,63.33782958984375,244.30174255371094,160.26637268066406,138.19573974609375,92.76361846923828,115.73999786376953,4278.8466796875,117.54264831542969
2018-11-30,42.41017150878906,103.51760864257812,84.50849914550781,90.50659942626953,55.02769470214844,139.51515197753906,4.05153751373291,218.24000549316406,31.665971755981445,23.358922958374023,23.658498764038086,84.31739807128906,63.95500183105469,245.7908172607422,161.42913818359375,138.9148712158203,93.11074829101562,115.54000091552734,4017.2685546875,113.17141723632812
2018-12-01,42.41017150878906,103.51760864257812,84.50849914550781,90.50659942626953,55.02769470214844,139.51515197753906,4.05153751373291,218.24000549316406,31.665971755981445,23.358922958374023,23.658498764038086,84.31739807128906,63.95500183105469,245.7908172607422,161.42913818359375,138.9148712158203,93.11074829101562,115.54000091552734,4214.671875,118.63555908203125
2018-12-02,42.41017150878906,103.51760864257812,84.50849914550781,90.50659942626953,55.02769470214844,139.51515197753906,4.05153751373291,218.24000549316406,31.665971755981445,23.358922958374023,23.658498764038086,84.31739807128906,63.95500183105469,245.7908172607422,161.42913818359375,138.9148712158203,93.11074829101562,115.54000091552734,4139.8779296875,116.38890075683594
2018-12-03,43.89209747314453,104.63780212402344,88.61799621582031,91.36128997802734,55.360443115234375,139.9914093017578,4.2154035568237305,220.80999755859375,32.3651008605957,23.506162643432617,24.184566497802734,83.91284942626953,64.69556427001953,249.0454559326172,164.2503662109375,140.2437286376953,93.77191162109375,116.41000366210938,3894.130859375,108.92501831054688
2018-12-04,41.96133804321289,101.30518341064453,83.41999816894531,87.28326416015625,52.68803405761719,136.8560028076172,3.894860029220581,210.1199951171875,31.139291763305664,22.484161376953125,23.490304946899414,82.03950500488281,61.94480895996094,240.97581481933594,157.9502410888672,134.2728271484375,95.34180450439453,117.12000274658203,3956.893798828125,110.21418762207031
2018-12-05,41.96133804321289,101.30518341064453,83.41999816894531,87.28326416015625,52.68803405761719,136.8560028076172,3.894860029220581,210.1199951171875,31.139291763305664,22.484161376953125,23.490304946899414,82.03950500488281,61.94480895996094,240.97581481933594,157.9502410888672,134.2728271484375,95.34180450439453,117.12000274658203,3753.994873046875,102.47555541992188
2018-12-06,41.493492126464844,101.93062591552734,84.95950317382812,85.62269592285156,53.46213150024414,138.54278564453125,3.924114227294922,207.9600067138672,31.20920181274414,22.172361373901367,23.057289123535156,81.73167419433594,61.60097885131836,240.61019897460938,159.06546020507812,133.98153686523438,95.64117431640625,117.13999938964844,3521.101806640625,91.76105499267578
2018-12-07,40.01395034790039,97.85112762451172,81.45649719238281,84.07617950439453,51.900047302246094,136.35000610351562,3.659348726272583,204.8800048828125,30.10923957824707,21.747968673706055,22.928462982177734,79.64728546142578,59.97874450683594,235.01939392089844,153.81378173828125,131.08714294433594,95.81918334960938,118.08999633789062,3419.937255859375,93.29456329345703
2018-12-08,40.01395034790039,97.85112762451172,81.45649719238281,84.07617950439453,51.900047302246094,136.35000610351562,3.659348726272583,204.8800048828125,30.10923957824707,21.747968673706055,22.928462982177734,79.64728546142578,59.97874450683594,235.01939392089844,153.81378173828125,131.08714294433594,95.81918334960938,118.08999633789062,3476.11474609375,92.15963745117188
2018-12-09,40.01395034790039,97.85112762451172,81.45649719238281,84.07617950439453,51.900047302246094,136.35000610351562,3.659348726272583,204.8800048828125,30.10923957824707,21.747968673706055,22.928462982177734,79.64728546142578,59.97874450683594,235.01939392089844,153.81378173828125,131.08714294433594,95.81918334960938,118.08999633789062,3614.234375,95.14205932617188
2018-12-10,40.277549743652344,100.43698120117188,82.05149841308594,82.50518035888672,52.22734451293945,140.74551391601562,3.7647085189819336,203.25999450683594,30.5240535736084,21.444833755493164,22.570589065551758,79.9551010131836,60.12861251831055,235.46522521972656,155.42453002929688,130.704833984375,96.21573638916016,117.68000030517578,3502.656005859375,91.68565368652344
2018-12-11,40.047203063964844,101.37052154541016,82.16200256347656,81.69933319091797,52.647369384765625,140.97372436523438,3.673727512359619,202.27999877929688,30.56134605407715,21.236963272094727,22.577747344970703,80.20136260986328,59.775962829589844,235.51870727539062,155.9392547607422,130.56826782226562,96.19954681396484,117.54000091552734,3424.588134765625,88.94530487060547
2018-12-12,40.1588134765625,101.82791900634766,83.177001953125,82.22843933105469,53.246421813964844,143.37484741210938,3.691329002380371,202.47999572753906,30.79904556274414,21.358213424682617,22.667217254638672,80.88735961914062,60.110984802246094,236.70458984375,157.31167602539062,131.81529235839844,95.77066040039062,117.79000091552734,3486.9501953125,90.59329986572266
2018-12-13,40.59815979003906,102.17333221435547,82.91899871826172,82.30982971191406,53.23699188232422,143.88088989257812,3.6910808086395264,202.4199981689453,30.850318908691406,21.202312469482422,22.738788604736328,80.96651458740234,59.94346618652344,236.6244659423828,157.359375,129.9493408203125,95.5440673828125,117.52999877929688,3313.67724609375,86.53931427001953
2018-12-14,39.299129486083984,98.980712890625,79.59549713134766,81.63420104980469,52.15444564819336,142.9383087158203,3.630592107772827,200.0,30.095258712768555,20.994449615478516,22.219884872436523,78.24009704589844,59.114723205566406,232.2552032470703,153.52783203125,127.98330688476562,95.87586975097656,117.05999755859375,3242.48486328125,84.30829620361328
2018-12-15,39.299129486083984,98.980712890625,79.59549713134766,81.63420104980469,52.15444564819336,142.9383087158203,3.630592107772827,200.0,30.095258712768555,20.994449615478516,22.219884872436523,78.24009704589844,59.114723205566406,232.2552032470703,153.52783203125,127.98330688476562,95.87586975097656,117.05999755859375,3236.76171875,84.44081115722656
2018-12-16,39.299129486083984,98.980712890625,79.59549713134766,81.63420104980469,52.15444564819336,142.9383087158203,3.630592107772827,200.0,30.095258712768555,20.994449615478516,22.219884872436523,78.24009704589844,59.114723205566406,232.2552032470703,153.52783203125,127.98330688476562,95.87586975097656,117.05999755859375,3252.839111328125,85.26210021972656
2018-12-17,38.93339538574219,96.04944610595703,76.04550170898438,80.59231567382812,50.862125396728516,139.09840393066406,3.559443235397339,197.9199981689453,29.45671844482422,20.78658676147461,21.81549835205078,76.68335723876953,58.14490509033203,227.69871520996094,150.04896545410156,125.13310241699219,96.43421173095703,117.87000274658203,3545.86474609375,95.13382720947266
2018-12-18,39.43922805786133,97.05766296386719,77.5739974975586,80.2097396850586,51.74284744262695,142.5414276123047,3.6427395343780518,196.52000427246094,29.689762115478516,20.708635330200195,21.300168991088867,76.01493835449219,58.43584060668945,227.44908142089844,150.99253845214844,124.97783660888672,97.01175689697266,118.1500015258789,3696.05908203125,101.11245727539062
2018-12-19,38.20906448364258,96.79630279541016,74.75399780273438,79.19227600097656,51.34860610961914,132.20254516601562,3.4337542057037354,195.1699981689453,29.102489471435547,20.448802947998047,21.049663543701172,75.02114868164062,57.333778381347656,224.0428466796875,147.284912109375,122.37506103515625,98.29330444335938,117.43000030517578,3745.95068359375,101.2685775756836
2018-12-20,37.2448616027832,94.76122283935547,73.04149627685547,78.5085220336914,50.75946807861328,132.3612823486328,3.3492181301116943,193.5800018310547,28.580474853515625,20.266916275024414,20.466339111328125,73.9656982421875,56.28461456298828,220.3959197998047,145.1499481201172,120.3567886352539,97.93643188476562,119.23999786376953,4134.44140625,116.21687316894531
2018-12-21,35.79621887207031,91.69930267333984,68.87249755859375,76.65265655517578,49.156227111816406,123.97708129882812,3.212125539779663,192.10000610351562,27.712127685546875,19.86167335510254,20.267675399780273,73.04690551757812,55.22187805175781,215.8800506591797,140.65127563476562,117.2334976196289,97.92021942138672,118.72000122070312,3896.543701171875,109.49623107910156
2018-12-22,35.79621887207031,91.69930267333984,68.87249755859375,76.65265655517578,49.156227111816406,123.97708129882812,3.212125539779663,192.10000610351562,27.712127685546875,19.86167335510254,20.267675399780273,73.04690551757812,55.22187805175781,215.8800506591797,140.65127563476562,117.2334976196289,97.92021942138672,118.72000122070312,4014.1826171875,116.7594985961914
2018-12-23,35.79621887207031,91.69930267333984,68.87249755859375,76.65265655517578,49.156227111816406,123.97708129882812,3.212125539779663,192.10000610351562,27.712127685546875,19.86167335510254,20.267675399780273,73.04690551757812,55.22187805175781,215.8800506591797,140.65127563476562,117.2334976196289,97.92021942138672,118.72000122070312,3998.980224609375,130.7652587890625
2018-12-24,34.87001419067383,87.87187194824219,67.197998046875,75.00027465820312,48.829925537109375,123.0940170288086,3.1503963470458984,187.75999450683594,26.972518920898438,19.44334602355957,19.447721481323242,71.29756927490234,53.52751541137695,210.1758575439453,137.16336059570312,114.95952606201172,98.40691375732422,120.0199966430664,4078.59912109375,140.23800659179688
2018-12-25,34.87001419067383,87.87187194824219,67.197998046875,75.00027465820312,48.829925537109375,123.0940170288086,3.1503963470458984,187.75999450683594,26.972518920898438,19.44334602355957,19.447721481323242,71.29756927490234,53.52751541137695,210.1758575439453,137.16336059570312,114.95952606201172,98.40691375732422,120.0199966430664,3815.49072265625,129.84434509277344
2018-12-26,37.325618743896484,93.87437438964844,73.54499816894531,78.10967254638672,51.96302795410156,133.13523864746094,3.299636125564575,197.57000732421875,28.601543426513672,20.32357406616211,20.657785415649414,74.40746307373047,56.020267486572266,220.7949981689453,145.72769165039062,120.48465728759766,97.35240936279297,119.66000366210938,3857.297607421875,131.86563110351562
2018-12-27,37.08336639404297,94.45317840576172,73.08200073242188,78.98876190185547,52.21345901489258,133.47259521484375,3.251790761947632,200.1199951171875,28.807510375976562,20.56759262084961,20.766145706176758,75.2291030883789,56.7210693359375,222.49005126953125,146.2917022705078,120.9869613647461,97.36865234375,120.56999969482422,3654.83349609375,116.57591247558594
2018-12-28,37.10237121582031,93.71569061279297,73.9010009765625,78.8178482055664,51.90500259399414,132.16285705566406,3.3132708072662354,202.0800018310547,28.74197769165039,20.558876037597656,20.60721778869629,75.31746673583984,56.57026672363281,222.203125,146.21514892578125,121.33399200439453,98.1878890991211,121.05999755859375,3923.918701171875,137.6470184326172
2018-12-29,37.10237121582031,93.71569061279297,73.9010009765625,78.8178482055664,51.90500259399414,132.16285705566406,3.3132708072662354,202.0800018310547,28.74197769165039,20.558876037597656,20.60721778869629,75.31746673583984,56.57026672363281,222.203125,146.21514892578125,121.33399200439453,98.1878890991211,121.05999755859375,3820.40869140625,138.01834106445312
2018-12-30,37.10237121582031,93.71569061279297,73.9010009765625,78.8178482055664,51.90500259399414,132.16285705566406,3.3132708072662354,202.0800018310547,28.74197769165039,20.558876037597656,20.60721778869629,75.31746673583984,56.57026672363281,222.203125,146.21514892578125,121.33399200439453,98.1878890991211,121.05999755859375,3865.95263671875,139.8594512939453
2018-12-31,37.46098327636719,94.8172378540039,75.09850311279297,79.46088409423828,51.819705963134766,130.06927490234375,3.3095531463623047,204.17999267578125,29.013477325439453,20.75932502746582,20.715578079223633,76.43067932128906,57.13800811767578,224.14935302734375,147.44822692871094,122.28376007080078,98.56103515625,121.25,3742.700439453125,133.36825561523438
2019-01-01,37.46098327636719,94.8172378540039,75.09850311279297,79.46088409423828,51.819705963134766,130.06927490234375,3.3095531463623047,204.17999267578125,29.013477325439453,20.75932502746582,20.715578079223633,76.43067932128906,57.13800811767578,224.14935302734375,147.44822692871094,122.28376007080078,98.56103515625,121.25,3843.52001953125,140.8194122314453
2019-01-02,37.503726959228516,94.39716339111328,76.95649719238281,80.83650207519531,52.301727294921875,134.62353515625,3.376983880996704,202.8000030517578,29.032197952270508,20.933622360229492,21.123750686645508,75.27328491210938,57.43074035644531,224.38250732421875,148.0408477783203,122.97785949707031,99.08013916015625,121.33000183105469,3943.409423828125,155.0476837158203
2019-01-03,33.7680778503418,90.92444610595703,75.01399993896484,79.68768310546875,50.85319900512695,130.7142333984375,3.172956705093384,191.66000366210938,27.567012786865234,20.46300506591797,20.914249420166016,73.74483489990234,55.68315887451172,219.02810668945312,143.20428466796875,120.77688598632812,100.20763397216797,122.43000030517578,3836.7412109375,149.135009765625
2019-01-04,35.20960998535156,95.15327453613281,78.76950073242188,82.62541198730469,53.46163558959961,136.8758544921875,3.3762400150299072,195.1999969482422,28.78878402709961,21.142784118652344,21.625835418701172,75.94473266601562,57.794464111328125,226.36460876464844,149.3312225341797,125.28836059570312,99.04769134521484,121.44000244140625,3857.717529296875,154.58193969726562
2019-01-05,35.20960998535156,95.15327453613281,78.76950073242188,82.62541198730469,53.46163558959961,136.8758544921875,3.3762400150299072,195.1999969482422,28.78878402709961,21.142784118652344,21.625835418701172,75.94473266601562,57.794464111328125,226.36460876464844,149.3312225341797,125.28836059570312,99.04769134521484,121.44000244140625,3845.194580078125,155.6385955810547
2019-01-06,35.20960998535156,95.15327453613281,78.76950073242188,82.62541198730469,53.46163558959961,136.8758544921875,3.3762400150299072,195.1999969482422,28.78878402709961,21.142784118652344,21.625835418701172,75.94473266601562,57.794464111328125,226.36460876464844,149.3312225341797,125.28836059570312,99.04769134521484,121.44000244140625,4076.632568359375,157.74620056152344
2019-01-07,35.13124465942383,95.27464294433594,81.47550201416016,82.68284606933594,53.35502624511719,136.97508239746094,3.5549800395965576,196.91000366210938,29.04624366760254,21.168930053710938,21.947317123413086,76.23627471923828,58.264617919921875,228.14947509765625,151.1090545654297,127.48011779785156,98.75569152832031,121.86000061035156,4025.248291015625,151.69921875
2019-01-08,35.80094528198242,95.9654541015625,82.8290023803711,82.52692413330078,53.82365417480469,141.42022705078125,3.4664783477783203,196.30999755859375,29.289661407470703,21.186357498168945,22.11708641052246,76.82823181152344,59.0629997253418,230.29298400878906,152.47598266601562,129.43446350097656,98.49610900878906,121.52999877929688,4030.847900390625,150.35963439941406
2019-01-09,36.40890884399414,97.33772277832031,82.97100067138672,82.387451171875,53.63916778564453,143.10696411132812,3.5346524715423584,196.3699951171875,29.668827056884766,21.290943145751953,22.467464447021484,77.17279815673828,59.46220016479492,231.36927795410156,153.71856689453125,130.50299072265625,98.34198760986328,122.30999755859375,4035.29638671875,150.80311584472656
2019-01-10,36.52528381347656,96.71224975585938,82.81099700927734,82.37923431396484,53.499324798583984,143.0771942138672,3.6003472805023193,196.5800018310547,29.79990005493164,21.29965591430664,22.532482147216797,77.32298278808594,60.269466400146484,232.18540954589844,154.1582489013672,131.1787567138672,97.7093276977539,121.58999633789062,3678.924560546875,128.62518310546875
2019-01-11,36.166683197021484,95.9654541015625,82.02799987792969,81.9853286743164,52.78721237182617,142.6803436279297,3.689594030380249,196.2899932861328,29.74372673034668,21.35194206237793,22.398832321166992,77.57917785644531,60.20735549926758,232.27511596679688,153.5943145751953,131.21531677246094,98.09054565429688,121.80000305175781,3687.365478515625,127.54832458496094
2019-01-12,36.166683197021484,95.9654541015625,82.02799987792969,81.9853286743164,52.78721237182617,142.6803436279297,3.689594030380249,196.2899932861328,29.74372673034668,21.35194206237793,22.398832321166992,77.57917785644531,60.20735549926758,232.27511596679688,153.5943145751953,131.21531677246094,98.09054565429688,121.80000305175781,3661.301025390625,125.9665298461914
2019-01-13,36.166683197021484,95.9654541015625,82.02799987792969,81.9853286743164,52.78721237182617,142.6803436279297,3.689594030380249,196.2899932861328,29.74372673034668,21.35194206237793,22.398832321166992,77.57917785644531,60.20735549926758,232.27511596679688,153.5943145751953,131.21531677246094,98.09054565429688,121.80000305175781,3552.953125,116.8978042602539
2019-01-14,35.622833251953125,95.26533508300781,80.8604965209961,82.83057403564453,52.14453125,144.2579345703125,3.729506731033325,195.77999877929688,29.467546463012695,21.500104904174805,22.34465217590332,76.72221374511719,60.19849395751953,230.8580322265625,152.2370147705078,129.9093475341797,97.72552490234375,122.08999633789062,3706.05224609375,129.0687255859375
2019-01-15,36.351924896240234,98.02853393554688,83.72799682617188,83.43778991699219,53.88018798828125,147.7902069091797,3.715376138687134,196.94000244140625,29.91225242614746,21.69183349609375,22.424118041992188,78.10043334960938,60.01219940185547,233.50387573242188,155.2096405029297,131.0052490234375,97.36865234375,121.87999725341797,3630.67529296875,122.03271484375
2019-01-16,36.79602813720703,98.37393188476562,84.18900299072266,84.11066436767578,54.02894973754883,146.3911895751953,3.6898415088653564,198.41000366210938,29.94033432006836,22.153736114501953,22.395219802856445,77.95909118652344,60.07429122924805,234.06887817382812,155.1809844970703,131.9824676513672,97.46600341796875,122.2699966430664,3655.0068359375,123.54706573486328
2019-01-17,37.014503479003906,99.06473541259766,84.66100311279297,84.45532989501953,54.50551223754883,147.14529418945312,3.7612388134002686,198.77999877929688,30.132259368896484,22.275745391845703,22.601112365722656,78.64822387695312,61.103328704833984,235.84469604492188,156.4044952392578,133.17880249023438,97.49031066894531,122.11000061035156,3678.56396484375,123.7419204711914
2019-01-18,37.24250411987305,100.54901123046875,84.80999755859375,85.8257064819336,54.911163330078125,148.87173461914062,3.890397787094116,204.47999572753906,30.591007232666016,22.659212112426758,23.059856414794922,79.58473205566406,62.265445709228516,238.98377990722656,157.9529266357422,134.5487060546875,96.97928619384766,121.0199966430664,3657.83935546875,121.01026153564453
2019-01-19,37.24250411987305,100.54901123046875,84.80999755859375,85.8257064819336,54.911163330078125,148.87173461914062,3.890397787094116,204.47999572753906,30.591007232666016,22.659212112426758,23.059856414794922,79.58473205566406,62.265445709228516,238.98377990722656,157.9529266357422,134.5487060546875,96.97928619384766,121.0199966430664,3728.568359375,124.5190200805664
2019-01-20,37.24250411987305,100.54901123046875,84.80999755859375,85.8257064819336,54.911163330078125,148.87173461914062,3.890397787094116,204.47999572753906,30.591007232666016,22.659212112426758,23.059856414794922,79.58473205566406,62.265445709228516,238.98377990722656,157.9529266357422,134.5487060546875,96.97928619384766,121.0199966430664,3601.013671875,119.4748306274414
2019-01-21,37.24250411987305,100.54901123046875,84.80999755859375,85.8257064819336,54.911163330078125,148.87173461914062,3.890397787094116,204.47999572753906,30.591007232666016,22.659212112426758,23.059856414794922,79.58473205566406,62.265445709228516,238.98377990722656,157.9529266357422,134.5487060546875,96.97928619384766,121.0199966430664,3576.032470703125,117.15785217285156
2019-01-22,36.40653991699219,98.65397644042969,81.6084976196289,84.47173309326172,53.489410400390625,146.4209442138672,3.6881062984466553,200.72000122070312,30.076086044311523,22.397754669189453,22.557769775390625,79.03694152832031,60.97914505004883,235.7549591064453,154.7891387939453,132.42079162597656,97.63632202148438,121.44999694824219,3604.5771484375,118.74755096435547
2019-01-23,36.55378723144531,99.61548614501953,82.0009994506836,84.25837707519531,53.77604293823242,143.1764373779297,3.7009973526000977,201.14999389648438,30.179075241088867,22.423900604248047,22.326589584350586,79.12528991699219,61.067848205566406,236.24827575683594,154.98980712890625,132.05552673339844,97.59577178955078,121.27999877929688,3585.123046875,117.45260620117188
2019-01-24,36.264060974121094,99.139404296875,82.74649810791016,84.30760955810547,53.75571060180664,144.69451904296875,3.9129576683044434,201.02000427246094,30.431852340698242,22.47618865966797,22.445791244506836,78.4626693725586,61.37834167480469,236.3738250732422,155.99343872070312,132.8500213623047,98.23655700683594,121.08999633789062,3600.865478515625,117.36288452148438
2019-01-25,37.465736389160156,100.04493713378906,83.52850341796875,84.84098815917969,54.624027252197266,147.84974670410156,3.970224142074585,202.75,30.862512588500977,22.659212112426758,22.731149673461914,78.55985260009766,62.158973693847656,238.37396240234375,157.85733032226562,134.5577850341797,97.76612854003906,122.86000061035156,3599.765869140625,116.37834167480469
2019-01-26,37.465736389160156,100.04493713378906,83.52850341796875,84.84098815917969,54.624027252197266,147.84974670410156,3.970224142074585,202.75,30.862512588500977,22.659212112426758,22.731149673461914,78.55985260009766,62.158973693847656,238.37396240234375,157.85733032226562,134.5577850341797,97.76612854003906,122.86000061035156,3602.46044921875,116.48873901367188
2019-01-27,37.465736389160156,100.04493713378906,83.52850341796875,84.84098815917969,54.624027252197266,147.84974670410156,3.970224142074585,202.75,30.862512588500977,22.659212112426758,22.731149673461914,78.55985260009766,62.158973693847656,238.37396240234375,157.85733032226562,134.5577850341797,97.76612854003906,122.86000061035156,3583.9658203125,113.40528869628906
2019-01-28,37.11901092529297,98.09385681152344,81.89450073242188,85.2430648803711,53.55040740966797,146.32174682617188,3.421358346939087,200.9499969482422,30.450578689575195,22.58948516845703,22.503583908081055,77.66757202148438,61.564632415771484,236.56216430664062,155.90740966796875,133.83631896972656,97.66879272460938,123.29000091552734,3470.450439453125,106.58997344970703
2019-01-29,36.73426818847656,96.09614562988281,79.69400024414062,85.48103332519531,53.06441879272461,143.06729125976562,3.262450933456421,202.0500030517578,30.122900009155273,22.51106071472168,22.57221031188965,78.04742431640625,62.41624450683594,236.24827575683594,154.43544006347656,133.51666259765625,98.16356658935547,123.9800033569336,3448.116943359375,105.59821319580078
2019-01-30,39.24449157714844,99.30744171142578,83.52149963378906,85.67800903320312,54.4494743347168,149.24876403808594,3.4059884548187256,205.9600067138672,31.05911636352539,22.64177894592285,22.890085220336914,79.116455078125,63.39205551147461,239.9883270263672,158.36395263671875,134.97787475585938,98.09054565429688,124.69000244140625,3486.181640625,108.90753936767578
2019-01-31,39.527095794677734,97.48709869384766,85.9365005493164,84.9312744140625,55.833038330078125,165.39208984375,3.56365704536438,205.5399932861328,31.026351928710938,22.606916427612305,23.038179397583008,80.10595703125,63.667049407958984,242.09605407714844,160.7344512939453,136.1285400390625,98.93414306640625,124.75,3457.792724609375,107.0610122680664
2019-02-01,39.54610061645508,95.94677734375,81.3115005493164,85.2430648803711,55.47252655029297,164.4197235107422,3.587951898574829,209.19000244140625,31.208913803100586,22.702781677246094,23.43912696838379,80.17667388916016,63.76462936401367,242.2126007080078,160.05580139160156,136.23818969726562,98.33660888671875,124.5,3487.9453125,107.60978698730469
2019-02-02,39.54610061645508,95.94677734375,81.3115005493164,85.2430648803711,55.47252655029297,164.4197235107422,3.587951898574829,209.19000244140625,31.208913803100586,22.702781677246094,23.43912696838379,80.17667388916016,63.76462936401367,242.2126007080078,160.05580139160156,136.23818969726562,98.33660888671875,124.5,3521.060791015625,110.43025970458984
2019-02-03,39.54610061645508,95.94677734375,81.3115005493164,85.2430648803711,55.47252655029297,164.4197235107422,3.587951898574829,209.19000244140625,31.208913803100586,22.702781677246094,23.43912696838379,80.17667388916016,63.76462936401367,242.2126007080078,160.05580139160156,136.23818969726562,98.33660888671875,124.5,3464.013427734375,107.49266815185547
2019-02-04,40.66940689086914,98.70999145507812,81.66549682617188,85.54670715332031,56.60317611694336,167.93215942382812,3.698270559310913,208.52000427246094,31.709794998168945,22.798654556274414,23.493309020996094,79.94693756103516,64.58963012695312,243.91668701171875,162.04396057128906,137.86375427246094,97.89757537841797,123.95999908447266,3459.154052734375,107.82160186767578
2019-02-05,41.365234375,100.09159088134766,82.94049835205078,85.16922760009766,57.12138748168945,169.8272705078125,3.7173588275909424,207.82000732421875,31.976621627807617,22.73764419555664,23.5294189453125,79.83208465576172,65.14850616455078,244.9391632080078,163.47767639160156,138.0098876953125,98.34474182128906,124.27999877929688,3466.357421875,107.44351959228516
2019-02-06,41.379493713378906,98.980712890625,82.01300048828125,85.1281967163086,55.684268951416016,169.1625213623047,3.792970657348633,206.00999450683594,32.08428192138672,22.711498260498047,23.356050491333008,80.19432067871094,65.16624450683594,244.61622619628906,162.99021911621094,137.8363800048828,98.39347839355469,123.44000244140625,3413.767822265625,104.9192886352539
2019-02-07,40.59579849243164,98.27124786376953,80.71849822998047,84.01220703125,54.84223556518555,165.08448791503906,3.65463924407959,201.72999572753906,31.64425277709961,22.484907150268555,22.839509963989258,79.31082916259766,64.72269439697266,242.28436279296875,160.8013458251953,136.7039031982422,99.0439224243164,123.73999786376953,3399.4716796875,104.5353012084961
2019-02-08,40.64349365234375,98.6446533203125,79.41100311279297,83.17520904541016,54.66717529296875,166.027099609375,3.673232078552246,200.9199981689453,31.826812744140625,22.371612548828125,22.734760284423828,79.46102142333984,64.82027435302734,242.58026123046875,161.11676025390625,136.85006713867188,99.46659088134766,124.20999908447266,3666.7802734375,119.26774597167969
2019-02-09,40.64349365234375,98.6446533203125,79.41100311279297,83.17520904541016,54.66717529296875,166.027099609375,3.673232078552246,200.9199981689453,31.826812744140625,22.371612548828125,22.734760284423828,79.46102142333984,64.82027435302734,242.58026123046875,161.11676025390625,136.85006713867188,99.46659088134766,124.20999908447266,3671.20361328125,119.4308853149414
2019-02-10,40.64349365234375,98.6446533203125,79.41100311279297,83.17520904541016,54.66717529296875,166.027099609375,3.673232078552246,200.9199981689453,31.826812744140625,22.371612548828125,22.734760284423828,79.46102142333984,64.82027435302734,242.58026123046875,161.11676025390625,136.85006713867188,99.46659088134766,124.20999908447266,3690.188232421875,124.80648803710938
2019-02-11,40.40975570678711,98.25257110595703,79.55000305175781,82.78131103515625,54.6542854309082,164.49908447265625,3.630592107772827,203.0500030517578,31.812774658203125,22.44133186340332,22.843128204345703,79.36383819580078,65.16624450683594,242.71485900878906,160.9637908935547,137.99163818359375,99.0763931274414,123.5999984741211,3648.4306640625,121.29839324951172
2019-02-12,40.75796890258789,99.78353118896484,81.90049743652344,84.19271850585938,55.91685485839844,163.75494384765625,3.7476024627685547,206.14999389648438,32.234073638916016,22.772506713867188,23.132097244262695,80.45051574707031,66.17752838134766,245.8360595703125,163.34385681152344,139.71763610839844,98.82439422607422,123.86000061035156,3653.528564453125,122.5722885131836
2019-02-13,40.58863830566406,99.70885467529297,82.0,84.5948257446289,55.968910217285156,162.79251098632812,3.7899956703186035,205.8000030517578,32.276206970214844,22.833511352539062,23.421066284179688,80.62721252441406,66.56786346435547,246.63426208496094,163.45863342285156,140.11033630371094,98.45040130615234,123.37000274658203,3632.070556640625,122.55360412597656
2019-02-14,40.73650360107422,99.79286193847656,81.13249969482422,84.0450210571289,55.99718475341797,162.6734161376953,3.8309009075164795,202.77999877929688,32.33237838745117,22.554624557495117,23.504146575927734,80.81275177001953,66.25738525390625,246.08714294433594,163.6593475341797,140.42996215820312,99.0113754272461,124.05999755859375,3616.880859375,121.39020538330078
2019-02-15,40.6458740234375,101.02513122558594,80.39749908447266,86.61348724365234,55.52260208129883,161.23472595214844,3.900562047958374,205.2899932861328,32.58984375,23.033960342407227,23.8834228515625,82.03199005126953,67.14447784423828,248.768798828125,164.34754943847656,142.6674041748047,99.16584014892578,124.80000305175781,3620.810791015625,122.10038757324219
2019-02-16,40.6458740234375,101.02513122558594,80.39749908447266,86.61348724365234,55.52260208129883,161.23472595214844,3.900562047958374,205.2899932861328,32.58984375,23.033960342407227,23.8834228515625,82.03199005126953,67.14447784423828,248.768798828125,164.34754943847656,142.6674041748047,99.16584014892578,124.80000305175781,3629.78759765625,123.26021575927734
2019-02-17,40.6458740234375,101.02513122558594,80.39749908447266,86.61348724365234,55.52260208129883,161.23472595214844,3.900562047958374,205.2899932861328,32.58984375,23.033960342407227,23.8834228515625,82.03199005126953,67.14447784423828,248.768798828125,164.34754943847656,142.6674041748047,99.16584014892578,124.80000305175781,3673.836181640625,133.598876953125
2019-02-18,40.6458740234375,101.02513122558594,80.39749908447266,86.61348724365234,55.52260208129883,161.23472595214844,3.900562047958374,205.2899932861328,32.58984375,23.033960342407227,23.8834228515625,82.03199005126953,67.14447784423828,248.768798828125,164.34754943847656,142.6674041748047,99.16584014892578,124.80000305175781,3915.71435546875,146.09837341308594
2019-02-19,40.76750564575195,100.97843933105469,81.37899780273438,86.30985260009766,55.86378860473633,161.02635192871094,3.883208751678467,205.69000244140625,32.59920120239258,23.068815231323242,23.955657958984375,81.8376235961914,67.11786651611328,249.19927978515625,164.67247009277344,143.0601348876953,99.41786193847656,126.69999694824219,3947.094482421875,145.34619140625
2019-02-20,41.029876708984375,100.45342254638672,81.1050033569336,86.72836303710938,55.570213317871094,161.2942657470703,3.930558681488037,206.16000366210938,32.63664627075195,23.216970443725586,24.056800842285156,81.74043273925781,67.43721771240234,249.7015838623047,164.6438446044922,143.73594665527344,99.1333236694336,126.4800033569336,3999.820556640625,149.55433654785156
2019-02-21,40.79852294921875,102.57218933105469,80.97200012207031,86.54783630371094,54.75792694091797,158.7938690185547,3.8616409301757812,205.3300018310547,32.65068817138672,23.094966888427734,23.684751510620117,81.0248031616211,67.1622085571289,248.81362915039062,164.04164123535156,143.18800354003906,98.24714660644531,125.05000305175781,3954.1181640625,146.13084411621094
2019-02-22,41.25405502319336,104.03471374511719,81.5780029296875,86.16217803955078,55.370361328125,160.62948608398438,3.9464244842529297,201.91000366210938,33.067317962646484,23.060100555419922,23.753385543823242,81.76692199707031,67.60578918457031,250.3562774658203,165.255615234375,144.43003845214844,98.8324966430664,125.5,4005.526611328125,149.0924530029297
2019-02-23,41.25405502319336,104.03471374511719,81.5780029296875,86.16217803955078,55.370361328125,160.62948608398438,3.9464244842529297,201.91000366210938,33.067317962646484,23.060100555419922,23.753385543823242,81.76692199707031,67.60578918457031,250.3562774658203,165.255615234375,144.43003845214844,98.8324966430664,125.5,4142.52685546875,158.79542541503906
2019-02-24,41.25405502319336,104.03471374511719,81.5780029296875,86.16217803955078,55.370361328125,160.62948608398438,3.9464244842529297,201.91000366210938,33.067317962646484,23.060100555419922,23.753385543823242,81.76692199707031,67.60578918457031,250.3562774658203,165.255615234375,144.43003845214844,98.8324966430664,125.5,3810.427490234375,135.8526611328125
2019-02-25,41.5545768737793,104.6159439086914,81.6500015258789,87.06481170654297,55.40855026245117,163.33819580078125,3.9340291023254395,202.30999755859375,33.226470947265625,23.155963897705078,23.79311752319336,81.88179016113281,67.87190246582031,250.6970977783203,165.8577423095703,144.46656799316406,98.53987121582031,125.37000274658203,3882.6962890625,139.82286071777344
2019-02-26,41.578433990478516,105.33783721923828,81.81999969482422,86.40013122558594,55.640628814697266,162.8520050048828,3.8946127891540527,201.89999389648438,33.29668045043945,23.086246490478516,23.71726417541504,81.59024047851562,67.68560028076172,250.51771545410156,166.02981567382812,143.4710693359375,99.02759552001953,125.58000183105469,3854.35791015625,138.0896759033203
2019-02-27,41.707210540771484,105.1596908569336,82.05449676513672,86.29344177246094,55.684268951416016,161.54229736328125,3.8527166843414307,202.2899932861328,33.263912200927734,23.173397064208984,23.80756187438965,81.2103271484375,67.95170593261719,250.41018676757812,165.92466735839844,143.6719970703125,97.90576171875,124.69000244140625,3851.04736328125,136.12596130371094
2019-02-28,41.29698944091797,105.02845001220703,81.99150085449219,85.63700103759766,55.86577224731445,160.19288635253906,3.82814884185791,201.3000030517578,33.17030334472656,23.112394332885742,23.56916618347168,80.9717788696289,67.72107696533203,249.9437713623047,165.54232788085938,143.17880249023438,97.5723876953125,123.98999786376953,3854.785400390625,136.74624633789062
2019-03-01,41.73106384277344,105.49720001220703,83.58650207519531,85.69440460205078,56.955265045166016,161.01641845703125,3.882495880126953,203.1300048828125,33.39498519897461,23.260555267333984,24.002614974975586,82.12034606933594,67.78321075439453,251.50430297851562,166.6893310546875,144.51222229003906,96.6705322265625,121.87999725341797,3859.583740234375,136.44361877441406
2019-03-02,41.73106384277344,105.49720001220703,83.58650207519531,85.69440460205078,56.955265045166016,161.01641845703125,3.882495880126953,203.1300048828125,33.39498519897461,23.260555267333984,24.002614974975586,82.12034606933594,67.78321075439453,251.50430297851562,166.6893310546875,144.51222229003906,96.6705322265625,121.87999725341797,3864.4150390625,134.2069549560547
2019-03-03,41.73106384277344,105.49720001220703,83.58650207519531,85.69440460205078,56.955265045166016,161.01641845703125,3.882495880126953,203.1300048828125,33.39498519897461,23.260555267333984,24.002614974975586,82.12034606933594,67.78321075439453,251.50430297851562,166.6893310546875,144.51222229003906,96.6705322265625,121.87999725341797,3847.17578125,132.24942016601562
2019-03-04,41.94095993041992,105.24407196044922,84.80850219726562,85.49748229980469,57.19826126098633,166.06680297851562,3.8906848430633545,201.80999755859375,33.26860046386719,23.112394332885742,24.045961380004883,81.00714111328125,67.48158264160156,250.5894775390625,166.718017578125,143.20628356933594,97.42825317382812,121.55999755859375,3761.55712890625,127.77412414550781
2019-03-05,41.86463165283203,104.71907043457031,84.62149810791016,85.43180847167969,57.980289459228516,169.92649841308594,3.884233236312866,201.47000122070312,33.17030334472656,23.02524757385254,23.96649932861328,80.96297454833984,67.04690551757812,250.2487335205078,166.84226989746094,142.53958129882812,97.63188934326172,121.72000122070312,3896.375,137.8223876953125
2019-03-06,41.623741149902344,104.76593780517578,83.44750213623047,85.11180877685547,57.769535064697266,171.16676330566406,3.7733049392700195,200.6699981689453,32.99708557128906,22.877090454101562,23.6630802154541,79.77908325195312,66.41705322265625,248.73300170898438,165.89596557617188,139.7450408935547,97.99031066894531,121.61000061035156,3903.942626953125,138.7893524169922
2019-03-07,41.141963958740234,103.49097442626953,81.29750061035156,84.49634552001953,57.07081985473633,167.81307983398438,3.7040679454803467,199.3000030517578,32.68346405029297,22.64177894592285,23.52220344543457,79.15180206298828,66.01787567138672,246.65219116210938,163.86004638671875,138.5212860107422,98.62574768066406,121.51000213623047,3911.484375,138.0345001220703
2019-03-08,41.23975372314453,103.60344696044922,81.04000091552734,84.52916717529297,57.02717208862305,168.27944946289062,3.738314151763916,198.6999969482422,32.678775787353516,22.63306427001953,23.081525802612305,78.98394012451172,65.88480377197266,246.15890502929688,163.6115264892578,138.48477172851562,99.04127502441406,122.83999633789062,3901.131591796875,135.1270751953125
2019-03-09,41.23975372314453,103.60344696044922,81.04000091552734,84.52916717529297,57.02717208862305,168.27944946289062,3.738314151763916,198.6999969482422,32.678775787353516,22.63306427001953,23.081525802612305,78.98394012451172,65.88480377197266,246.15890502929688,163.6115264892578,138.48477172851562,99.04127502441406,122.83999633789062,3963.313720703125,137.96533203125
2019-03-10,41.23975372314453,103.60344696044922,81.04000091552734,84.52916717529297,57.02717208862305,168.27944946289062,3.738314151763916,198.6999969482422,32.678775787353516,22.63306427001953,23.081525802612305,78.98394012451172,65.88480377197266,246.15890502929688,163.6115264892578,138.48477172851562,99.04127502441406,122.83999633789062,3951.599853515625,136.75868225097656
2019-03-11,42.66840362548828,105.77848052978516,83.53099822998047,85.62876892089844,58.47966384887695,170.73019409179688,3.9988839626312256,202.08999633789062,33.38094711303711,22.868371963500977,23.44274139404297,79.88507843017578,66.44366455078125,249.72865295410156,167.01429748535156,140.9048614501953,98.74801635742188,122.23999786376953,3905.227294921875,133.8340301513672
2019-03-12,43.14777755737305,106.51907348632812,83.65499877929688,85.37438201904297,59.371788024902344,170.58139038085938,4.033130168914795,202.5,33.577545166015625,22.9206600189209,23.59444808959961,80.46820831298828,65.89368438720703,250.670166015625,167.93197631835938,140.97793579101562,99.44052124023438,122.9800033569336,3909.15625,134.44288635253906
2019-03-13,43.33858108520508,107.34406280517578,84.54049682617188,85.66159057617188,59.4615478515625,172.02008056640625,4.184508800506592,204.05999755859375,33.79756164550781,23.07753562927246,23.832855224609375,81.33402252197266,66.47029113769531,252.32948303222656,169.19371032714844,141.53497314453125,99.25312805175781,123.83999633789062,3906.71728515625,133.26307678222656
2019-03-14,43.82036209106445,107.42845916748047,84.31099700927734,86.44116973876953,59.137725830078125,168.8450164794922,4.1085710525512695,203.3800048828125,33.86778259277344,23.164690017700195,23.85813331604004,81.20150756835938,66.24850463867188,252.16799926757812,168.90689086914062,140.95968627929688,98.53620910644531,122.41000366210938,3924.369140625,133.7115936279297
2019-03-15,44.3903923034668,108.66594696044922,85.61799621582031,87.43408203125,59.02714157104492,164.68760681152344,4.214041233062744,204.30999755859375,34.27775955200195,23.326736450195312,23.848669052124023,81.5748291015625,66.01471710205078,253.41387939453125,170.47451782226562,141.3340606689453,99.18790435791016,122.97000122070312,3960.9111328125,137.69178771972656
2019-03-16,44.3903923034668,108.66594696044922,85.61799621582031,87.43408203125,59.02714157104492,164.68760681152344,4.214041233062744,204.30999755859375,34.27775955200195,23.326736450195312,23.848669052124023,81.5748291015625,66.01471710205078,253.41387939453125,170.47451782226562,141.3340606689453,99.18790435791016,122.97000122070312,4048.725830078125,142.39817810058594
2019-03-17,44.3903923034668,108.66594696044922,85.61799621582031,87.43408203125,59.02714157104492,164.68760681152344,4.214041233062744,204.30999755859375,34.27775955200195,23.326736450195312,23.848669052124023,81.5748291015625,66.01471710205078,253.41387939453125,170.47451782226562,141.3340606689453,99.18790435791016,122.97000122070312,4025.22900390625,140.00054931640625
2019-03-18,44.84354782104492,110.22220611572266,87.10749816894531,87.95923614501953,58.94035720825195,159.2205352783203,4.192698001861572,206.67999267578125,34.423343658447266,23.563247680664062,24.179950714111328,81.45068359375,66.65711975097656,254.33273315429688,170.88046264648438,142.23817443847656,99.1308822631836,123.04000091552734,4032.50732421875,139.37460327148438
2019-03-19,44.48817443847656,110.29719543457031,88.09249877929688,87.63919067382812,59.630157470703125,160.3119659423828,4.36045503616333,205.14999389648438,34.49378967285156,23.379297256469727,24.11441993713379,82.09801483154297,66.41624450683594,254.39578247070312,171.45504760742188,141.51675415039062,98.91096496582031,123.37999725341797,4071.190185546875,140.51919555664062
2019-03-20,44.87693786621094,110.17532348632812,89.8635025024414,85.76826477050781,60.81882858276367,164.15182495117188,4.327945709228516,203.27000427246094,34.39985656738281,22.89751625061035,24.325565338134766,81.5304946899414,65.9612045288086,253.630126953125,172.1348876953125,140.33734130859375,99.94558715820312,124.18000030517578,4087.476318359375,140.6863555908203
2019-03-21,46.529762268066406,112.70659637451172,90.96299743652344,84.4142837524414,61.29985427856445,164.78684997558594,4.564691543579102,204.42999267578125,35.26395797729492,22.827438354492188,24.496665954589844,81.84971618652344,66.59469604492188,256.49468994140625,174.82574462890625,142.17788696289062,100.16558074951172,123.68000030517578,4029.326904296875,136.6360626220703
2019-03-22,45.56621170043945,109.73471069335938,88.2385025024414,81.86225128173828,59.88752746582031,163.06039428710938,4.404877185821533,200.5500030517578,34.432743072509766,22.196754455566406,23.834104537963867,80.35993957519531,65.08683013916016,251.5581512451172,170.98582458496094,137.00428771972656,101.72164154052734,123.97000122070312,4023.96826171875,137.1814422607422
2019-03-23,45.56621170043945,109.73471069335938,88.2385025024414,81.86225128173828,59.88752746582031,163.06039428710938,4.404877185821533,200.5500030517578,34.432743072509766,22.196754455566406,23.834104537963867,80.35993957519531,65.08683013916016,251.5581512451172,170.98582458496094,137.00428771972656,101.72164154052734,123.97000122070312,4035.826416015625,138.2398681640625
2019-03-24,45.56621170043945,109.73471069335938,88.2385025024414,81.86225128173828,59.88752746582031,163.06039428710938,4.404877185821533,200.5500030517578,34.432743072509766,22.196754455566406,23.834104537963867,80.35993957519531,65.08683013916016,251.5581512451172,170.98582458496094,137.00428771972656,101.72164154052734,123.97000122070312,4022.168212890625,136.98692321777344
2019-03-25,45.015281677246094,110.30660247802734,88.71299743652344,81.18114471435547,59.378238677978516,164.9951934814453,4.312561511993408,199.44000244140625,34.28245544433594,22.10039520263672,23.845027923583984,80.31561279296875,65.238525390625,251.36898803710938,170.66018676757812,137.6085662841797,101.88455963134766,124.91999816894531,3963.070556640625,135.03102111816406
2019-03-26,44.5501708984375,110.54096221923828,89.18800354003906,81.99353790283203,59.00432586669922,166.37437438964844,4.389244079589844,200.6199951171875,34.47031021118164,22.363183975219727,24.187232971191406,80.86542510986328,65.67572021484375,253.2427520751953,171.45504760742188,139.05538940429688,101.81122589111328,124.30000305175781,3985.080810546875,135.46035766601562
2019-03-27,44.950889587402344,109.47219848632812,88.28500366210938,81.71456146240234,58.41767883300781,164.57846069335938,4.380061149597168,199.2100067138672,34.2730598449707,22.266828536987305,24.016132354736328,80.19145965576172,65.7470932006836,251.91845703125,170.35379028320312,138.51510620117188,102.74810028076172,123.6500015258789,4087.066162109375,140.9881591796875
2019-03-28,45.010494232177734,109.62223052978516,88.6709976196289,82.64180755615234,58.13302993774414,164.260986328125,4.3986735343933105,200.66000366210938,34.4139518737793,22.45954132080078,24.107141494750977,80.39542388916016,66.22889709472656,252.87335205078125,170.74644470214844,139.7512969970703,103.10658264160156,121.9000015258789,4069.107177734375,139.41647338867188
2019-03-29,45.30385971069336,110.56908416748047,89.0374984741211,83.06851959228516,58.36213684082031,165.39208984375,4.455998420715332,200.88999938964844,34.7520866394043,22.52085304260254,24.070735931396484,81.36200714111328,66.9426498413086,254.46780395507812,172.03915405273438,140.1816864013672,103.00887298583984,122.01000213623047,4098.37451171875,142.49742126464844
2019-03-30,45.30385971069336,110.56908416748047,89.0374984741211,83.06851959228516,58.36213684082031,165.39208984375,4.455998420715332,200.88999938964844,34.7520866394043,22.52085304260254,24.070735931396484,81.36200714111328,66.9426498413086,254.46780395507812,172.03915405273438,140.1816864013672,103.00887298583984,122.01000213623047,4106.66015625,142.09268188476562
2019-03-31,45.30385971069336,110.56908416748047,89.0374984741211,83.06851959228516,58.36213684082031,165.39208984375,4.455998420715332,200.88999938964844,34.7520866394043,22.52085304260254,24.070735931396484,81.36200714111328,66.9426498413086,254.46780395507812,172.03915405273438,140.1816864013672,103.00887298583984,122.01000213623047,4105.404296875,141.51409912109375
2019-04-01,45.611534118652344,111.58158874511719,90.70950317382812,85.86674499511719,59.45758819580078,167.38644409179688,4.523499011993408,205.0,35.22640609741211,23.072710037231445,24.387451171875,81.48616027832031,68.32557678222656,257.48565673828125,174.31817626953125,141.71083068847656,101.54566955566406,121.52999877929688,4158.18310546875,141.830322265625
2019-04-02,46.27458190917969,111.74095916748047,90.6989974975586,86.27703094482422,59.78289794921875,172.84361267089844,4.541366100311279,203.8800048828125,35.34850311279297,23.055191040039062,24.219993591308594,81.2999267578125,68.29882049560547,257.6116943359375,174.9789581298828,141.34458923339844,101.73348999023438,121.9800033569336,4879.8779296875,163.9617462158203
2019-04-03,46.59178924560547,112.47221374511719,91.03500366210938,86.44934844970703,60.04423904418945,172.18875122070312,4.680833339691162,203.6699981689453,35.63498306274414,23.125268936157227,23.987003326416016,81.19352722167969,68.09359741210938,258.0171813964844,175.98440551757812,142.07717895507812,100.85167694091797,121.80000305175781,4973.02197265625,161.45880126953125
2019-04-04,46.67287826538086,111.90035247802734,90.94300079345703,87.2845230102539,60.472694396972656,174.64944458007812,4.671900272369385,204.10000610351562,35.48469161987305,23.26542091369629,24.187232971191406,81.0250244140625,68.51294708251953,258.7016906738281,175.91734313964844,142.77305603027344,101.13742065429688,122.11000061035156,4922.798828125,158.0525360107422
2019-04-05,46.985313415527344,112.39722442626953,91.86399841308594,87.07776641845703,60.075965881347656,174.35179138183594,4.7386555671691895,205.3300018310547,35.65374755859375,23.300457000732422,24.6131591796875,81.58370208740234,68.70922088623047,259.9539489746094,176.8270721435547,144.1099395751953,101.26810455322266,121.9800033569336,5036.68115234375,165.5148468017578
2019-04-06,46.985313415527344,112.39722442626953,91.86399841308594,87.07776641845703,60.075965881347656,174.35179138183594,4.7386555671691895,205.3300018310547,35.65374755859375,23.300457000732422,24.6131591796875,81.58370208740234,68.70922088623047,259.9539489746094,176.8270721435547,144.1099395751953,101.26810455322266,121.9800033569336,5059.8173828125,165.94720458984375
2019-04-07,46.985313415527344,112.39722442626953,91.86399841308594,87.07776641845703,60.075965881347656,174.35179138183594,4.7386555671691895,205.3300018310547,35.65374755859375,23.300457000732422,24.6131591796875,81.58370208740234,68.70922088623047,259.9539489746094,176.8270721435547,144.1099395751953,101.26810455322266,121.9800033569336,5198.89697265625,174.53164672851562
2019-04-08,47.72467041015625,112.43473052978516,92.49299621582031,87.35894012451172,59.91877746582031,173.56796264648438,4.7595014572143555,205.25,35.78994369506836,23.326736450195312,24.722381591796875,81.56596374511719,68.414794921875,260.1520690917969,177.27711486816406,143.87185668945312,100.90885925292969,122.51000213623047,5289.77099609375,180.25881958007812
2019-04-09,47.581573486328125,111.82532501220703,91.79199981689453,86.71395874023438,59.64155578613281,176.19728088378906,4.696715831756592,204.9199981689453,35.62088394165039,23.134023666381836,24.42021942138672,81.35314178466797,67.48689270019531,258.8188171386719,176.6546630859375,142.11380004882812,101.22725677490234,123.1500015258789,5204.95849609375,176.1145782470703
2019-04-10,47.84868621826172,112.67847442626953,92.36650085449219,87.10257720947266,59.82801818847656,176.4354248046875,4.767193794250488,204.52000427246094,35.869781494140625,23.204103469848633,24.511240005493164,81.37971496582031,67.46906280517578,259.7016296386719,177.6027374267578,144.04583740234375,101.47221374511719,123.52999877929688,5324.5517578125,177.3374786376953
2019-04-11,47.45038986206055,112.80972290039062,92.20349884033203,87.83850860595703,59.98373031616211,176.1278533935547,4.753296375274658,206.6699981689453,35.822811126708984,23.34425926208496,24.529434204101562,80.37767028808594,68.04898834228516,259.629638671875,177.18136596679688,143.86268615722656,100.87618255615234,121.94999694824219,5064.48779296875,165.4970245361328
2019-04-12,47.431312561035156,113.39096069335938,92.15299987792969,91.95631408691406,60.63534927368164,177.70547485351562,4.715325832366943,210.55999755859375,36.07172393798828,23.773469924926758,24.594961166381836,79.64165496826172,68.95011901855469,261.38629150390625,177.94740295410156,144.38461303710938,100.15763854980469,121.83000183105469,5089.5390625,164.736328125
2019-04-13,47.431312561035156,113.39096069335938,92.15299987792969,91.95631408691406,60.63534927368164,177.70547485351562,4.715325832366943,210.55999755859375,36.07172393798828,23.773469924926758,24.594961166381836,79.64165496826172,68.95011901855469,261.38629150390625,177.94740295410156,144.38461303710938,100.15763854980469,121.83000183105469,5096.58642578125,164.5133514404297
2019-04-14,47.431312561035156,113.39096069335938,92.15299987792969,91.95631408691406,60.63534927368164,177.70547485351562,4.715325832366943,210.55999755859375,36.07172393798828,23.773469924926758,24.594961166381836,79.64165496826172,68.95011901855469,261.38629150390625,177.94740295410156,144.38461303710938,100.15763854980469,121.83000183105469,5167.72216796875,167.83851623535156
2019-04-15,47.51719284057617,113.48473358154297,92.24349975585938,90.90620422363281,60.82379150390625,178.2511749267578,4.583553314208984,209.74000549316406,36.057621002197266,23.624561309814453,24.449344635009766,79.96089172363281,68.56645202636719,261.2151184082031,177.9761505126953,143.9176483154297,100.41077423095703,121.5999984741211,5067.1083984375,161.5741729736328
2019-04-16,47.521949768066406,113.22222137451172,93.1520004272461,91.8653564453125,61.09058380126953,177.4772186279297,4.670657634735107,211.8000030517578,36.240779876708984,23.957422256469727,24.609529495239258,78.32035064697266,68.98580169677734,261.38629150390625,178.58901977539062,144.2564697265625,99.78211975097656,120.51000213623047,5235.5595703125,167.62344360351562
2019-04-17,48.44734191894531,114.15972900390625,93.24099731445312,94.51136016845703,61.49871063232422,177.38795471191406,4.6478271484375,210.3699951171875,36.442726135253906,24.01874542236328,24.57676124572754,76.06793975830078,69.07504272460938,260.7466735839844,179.21144104003906,142.93789672851562,99.82291412353516,120.27999877929688,5251.93798828125,166.9507598876953
2019-04-18,48.6214599609375,115.65974426269531,93.08450317382812,93.81678771972656,61.564674377441406,176.89183044433594,4.623258590698242,209.99000549316406,36.54603576660156,23.948667526245117,24.46026611328125,76.19207763671875,69.86908721923828,261.26019287109375,179.4412841796875,142.5166778564453,100.34545135498047,120.37000274658203,5298.3857421875,173.81402587890625
2019-04-19,48.6214599609375,115.65974426269531,93.08450317382812,93.81678771972656,61.564674377441406,176.89183044433594,4.623258590698242,209.99000549316406,36.54603576660156,23.948667526245117,24.46026611328125,76.19207763671875,69.86908721923828,261.26019287109375,179.4412841796875,142.5166778564453,100.34545135498047,120.37000274658203,5303.8125,173.70843505859375
2019-04-20,48.6214599609375,115.65974426269531,93.08450317382812,93.81678771972656,61.564674377441406,176.89183044433594,4.623258590698242,209.99000549316406,36.54603576660156,23.948667526245117,24.46026611328125,76.19207763671875,69.86908721923828,261.26019287109375,179.4412841796875,142.5166778564453,100.34545135498047,120.37000274658203,5337.88623046875,173.7512664794922
2019-04-21,48.6214599609375,115.65974426269531,93.08450317382812,93.81678771972656,61.564674377441406,176.89183044433594,4.623258590698242,209.99000549316406,36.54603576660156,23.948667526245117,24.46026611328125,76.19207763671875,69.86908721923828,261.26019287109375,179.4412841796875,142.5166778564453,100.34545135498047,120.37000274658203,5314.53125,170.04652404785156
2019-04-22,48.781246185302734,116.0253677368164,94.3655014038086,93.93253326416016,62.17413330078125,180.02728271484375,4.677109718322754,209.49000549316406,36.63056182861328,23.878589630126953,24.977214813232422,76.2364273071289,69.65496063232422,261.4853820800781,179.9488067626953,142.14125061035156,99.86370849609375,120.37000274658203,5399.365234375,171.87466430664062
2019-04-23,49.48483657836914,117.60037994384766,96.1884994506836,94.04830169677734,63.00872802734375,182.34898376464844,4.731705665588379,211.61000061035156,37.029754638671875,24.027502059936523,24.937170028686523,77.44245910644531,70.26167297363281,263.8365478515625,182.23744201660156,144.28392028808594,100.0760269165039,120.12000274658203,5572.3623046875,171.4477996826172
2019-04-24,49.408512115478516,117.19722747802734,95.0875015258789,93.8912124633789,62.486053466796875,181.1583709716797,4.744114875793457,210.57000732421875,37.0438346862793,24.001222610473633,24.50031280517578,77.3537826538086,70.05645751953125,263.2510070800781,181.662841796875,144.73260498046875,100.89250946044922,120.47000122070312,5464.86669921875,165.8260955810547
2019-04-25,48.96012496948242,121.07847595214844,95.11250305175781,93.94081115722656,62.847564697265625,191.75518798828125,4.638399124145508,211.9499969482422,37.03443145751953,24.04503059387207,24.42386245727539,78.15186309814453,68.64676666259766,263.08880615234375,182.40016174316406,143.53305053710938,100.74552154541016,120.56999969482422,5210.515625,154.4593963623047
2019-04-26,48.72639083862305,121.77224731445312,97.53150177001953,94.65192413330078,63.34743118286133,189.99899291992188,4.419519424438477,214.22000122070312,36.8935661315918,24.264009475708008,24.107141494750977,78.9322280883789,69.16422271728516,264.3140869140625,182.56295776367188,144.92489624023438,101.08843994140625,121.37000274658203,5279.34814453125,156.3470916748047
2019-04-27,48.72639083862305,121.77224731445312,97.53150177001953,94.65192413330078,63.34743118286133,189.99899291992188,4.419519424438477,214.22000122070312,36.8935661315918,24.264009475708008,24.107141494750977,78.9322280883789,69.16422271728516,264.3140869140625,182.56295776367188,144.92489624023438,101.08843994140625,121.37000274658203,5268.291015625,158.4349365234375
2019-04-28,48.72639083862305,121.77224731445312,97.53150177001953,94.65192413330078,63.34743118286133,189.99899291992188,4.419519424438477,214.22000122070312,36.8935661315918,24.264009475708008,24.107141494750977,78.9322280883789,69.16422271728516,264.3140869140625,182.56295776367188,144.92489624023438,101.08843994140625,121.37000274658203,5285.13916015625,157.29507446289062
2019-04-29,48.80034637451172,121.6597671508789,96.92150115966797,96.01624298095703,64.27873992919922,193.2633819580078,4.450290679931641,216.5800018310547,36.9029541015625,24.509273529052734,24.085296630859375,78.79035186767578,69.32485961914062,264.7283935546875,182.9173126220703,145.6208038330078,100.44342803955078,120.83000183105469,5247.3525390625,155.20199584960938
2019-04-30,47.860633850097656,122.43790435791016,96.32599639892578,95.9583740234375,59.45659255981445,191.8940887451172,4.491734027862549,216.7100067138672,36.9640007019043,24.544313430786133,24.06709861755371,79.15391540527344,69.60143280029297,264.863525390625,181.5000457763672,144.9431915283203,100.95780944824219,121.19999694824219,5350.7265625,162.16603088378906
2019-05-01,50.20988464355469,119.88785552978516,95.57599639892578,95.22245025634766,58.185096740722656,191.52699279785156,4.478580951690674,216.7100067138672,36.87008285522461,24.34284782409668,23.5865535736084,79.01205444335938,69.14640808105469,262.8726806640625,180.91590881347656,143.56968688964844,101.3742904663086,120.4000015258789,5402.697265625,160.81834411621094
2019-05-02,49.883140563964844,118.32221984863281,95.04100036621094,95.42918395996094,57.84739303588867,191.03089904785156,4.546082496643066,215.92999267578125,36.67753982543945,24.369125366210938,23.1751766204834,79.34901428222656,69.1107177734375,262.3050537109375,180.13072204589844,144.23814392089844,100.89153289794922,119.94000244140625,5505.28369140625,162.12278747558594
2019-05-03,50.50325012207031,120.8441162109375,98.12300109863281,96.01624298095703,58.98994827270508,193.94798278808594,4.541615009307861,218.60000610351562,37.025047302246094,24.58811378479004,23.389968872070312,79.9520034790039,69.94940948486328,264.8724670410156,183.0034637451172,146.9943084716797,101.17789459228516,120.6500015258789,5768.28955078125,167.95240783691406
2019-05-04,50.50325012207031,120.8441162109375,98.12300109863281,96.01624298095703,58.98994827270508,193.94798278808594,4.541615009307861,218.60000610351562,37.025047302246094,24.58811378479004,23.389968872070312,79.9520034790039,69.94940948486328,264.8724670410156,183.0034637451172,146.9943084716797,101.17789459228516,120.6500015258789,5831.16748046875,164.02658081054688
2019-05-05,50.50325012207031,120.8441162109375,98.12300109863281,96.01624298095703,58.98994827270508,193.94798278808594,4.541615009307861,218.60000610351562,37.025047302246094,24.58811378479004,23.389968872070312,79.9520034790039,69.94940948486328,264.8724670410156,183.0034637451172,146.9943084716797,101.17789459228516,120.6500015258789,5795.70849609375,163.45069885253906
2019-05-06,49.723331451416016,120.14100646972656,97.52749633789062,95.16455841064453,59.183841705322266,192.37037658691406,4.46319580078125,213.16000366210938,36.73858642578125,24.421680450439453,23.41180992126465,80.35993957519531,69.28024291992188,263.7825012207031,181.8831024169922,147.1591796875,101.45610046386719,120.80999755859375,5746.80712890625,172.65321350097656
2019-05-07,48.38295364379883,117.67536163330078,96.05000305175781,93.61006164550781,58.45983123779297,188.2924041748047,4.295934200286865,209.42999267578125,35.949615478515625,24.01874542236328,23.207948684692383,78.81694030761719,67.87945556640625,259.37738037109375,178.34005737304688,144.2472686767578,102.23338317871094,121.20999908447266,5829.50146484375,169.7986602783203
2019-05-08,48.39249038696289,117.66598510742188,95.88849639892578,93.11396789550781,58.05914306640625,188.06417846679688,4.316035270690918,209.2899932861328,35.907344818115234,23.9661865234375,23.207948684692383,78.98542785644531,67.87945556640625,259.0170593261719,177.88998413085938,143.5421905517578,101.79159545898438,120.91000366210938,5982.45751953125,170.9481658935547
2019-05-09,47.872562408447266,117.6566162109375,94.99349975585938,93.03951263427734,57.919795989990234,187.18109130859375,4.223470211029053,208.55999755859375,35.66313934326172,23.913625717163086,23.207948684692383,78.81694030761719,67.78132629394531,258.2333068847656,176.932373046875,143.02024841308594,102.2088394165039,121.19999694824219,6174.52880859375,170.289306640625
2019-05-10,47.209346771240234,119.18473815917969,94.4990005493164,93.03125762939453,57.9034309387207,186.87350463867188,4.189471244812012,209.02000427246094,35.77586364746094,24.0712947845459,23.317155838012695,78.84354400634766,68.04898834228516,259.53057861328125,177.1526336669922,143.41403198242188,102.06974029541016,121.43000030517578,6378.84912109375,173.1427459716797
2019-05-11,47.209346771240234,119.18473815917969,94.4990005493164,93.03125762939453,57.9034309387207,186.87350463867188,4.189471244812012,209.02000427246094,35.77586364746094,24.0712947845459,23.317155838012695,78.84354400634766,68.04898834228516,259.53057861328125,177.1526336669922,143.41403198242188,102.06974029541016,121.43000030517578,7204.771484375,194.30433654785156
2019-05-12,47.209346771240234,119.18473815917969,94.4990005493164,93.03125762939453,57.9034309387207,186.87350463867188,4.189471244812012,209.02000427246094,35.77586364746094,24.0712947845459,23.317155838012695,78.84354400634766,68.04898834228516,259.53057861328125,177.1526336669922,143.41403198242188,102.06974029541016,121.43000030517578,6972.37158203125,187.3253173828125
2019-05-13,44.465572357177734,115.64096069335938,91.13400268554688,90.5009994506836,56.363651275634766,180.12643432617188,3.9321279525756836,205.00999450683594,34.428035736083984,23.37053108215332,22.916706085205078,77.36265563964844,66.11290740966797,253.008544921875,171.00491333007812,138.8448028564453,102.8715591430664,122.66999816894531,7814.9150390625,196.84628295898438
2019-05-14,45.16947937011719,116.93473052978516,92.00599670410156,91.22038269042969,55.78195571899414,179.32278442382812,4.021218299865723,203.69000244140625,34.9821891784668,23.55448341369629,23.19702911376953,77.7528076171875,66.79989624023438,255.29656982421875,172.88182067871094,140.59373474121094,102.56885528564453,122.45999908447266,7994.416015625,217.14857482910156
2019-05-15,45.7105712890625,118.58142852783203,93.55750274658203,90.87311553955078,58.06013870239258,184.8196258544922,3.9601709842681885,202.97999572753906,35.362586975097656,23.466890335083008,23.317155838012695,77.9833755493164,66.88910675048828,256.79193115234375,175.32366943359375,141.05154418945312,103.19884490966797,122.38999938964844,8205.16796875,247.15306091308594
2019-05-16,45.50945281982422,121.31968688964844,95.37850189208984,92.03900909423828,58.73952102661133,185.5340118408203,3.975308418273926,204.6300048828125,35.68662643432617,23.70339584350586,23.444580078125,78.59525299072266,67.50474548339844,259.1701965332031,177.0856170654297,141.9305877685547,102.85521697998047,121.51000213623047,7884.9091796875,264.010009765625
2019-05-17,45.250877380371094,120.51045227050781,93.44999694824219,91.59249877929688,57.959964752197266,183.857177734375,3.8844807147979736,203.27000427246094,35.40016174316406,23.54572105407715,23.207948684692383,78.42677307128906,66.75530242919922,257.4947204589844,175.27574157714844,139.95274353027344,103.08427429199219,120.6500015258789,7343.8955078125,243.76458740234375
2019-05-18,45.250877380371094,120.51045227050781,93.44999694824219,91.59249877929688,57.959964752197266,183.857177734375,3.8844807147979736,203.27000427246094,35.40016174316406,23.54572105407715,23.207948684692383,78.42677307128906,66.75530242919922,257.4947204589844,175.27574157714844,139.95274353027344,103.08427429199219,120.6500015258789,7271.2080078125,234.59523010253906
2019-05-19,45.250877380371094,120.51045227050781,93.44999694824219,91.59249877929688,57.959964752197266,183.857177734375,3.8844807147979736,203.27000427246094,35.40016174316406,23.54572105407715,23.207948684692383,78.42677307128906,66.75530242919922,257.4947204589844,175.27574157714844,139.95274353027344,103.08427429199219,120.6500015258789,8197.689453125,261.2922058105469
2019-05-20,43.835880279541016,118.76964569091797,92.94850158691406,92.07207489013672,56.763851165771484,181.29727172851562,3.765859603881836,202.72999572753906,34.78495407104492,23.57200813293457,23.21886444091797,78.39128112792969,66.58574676513672,255.7919921875,172.31689453125,138.98211669921875,102.8715591430664,120.63999938964844,7978.30908203125,251.86441040039062
2019-05-21,44.6762580871582,119.40950775146484,92.8759994506836,92.38627624511719,57.24884033203125,183.38088989257812,3.84800124168396,203.36000061035156,35.212310791015625,23.817272186279297,23.488262176513672,79.1273193359375,67.37090301513672,258.0982971191406,174.11712646484375,140.85011291503906,102.70795440673828,120.36000061035156,7963.32763671875,255.21588134765625
2019-05-22,43.76166534423828,120.13404083251953,92.98400115966797,91.63384246826172,57.318763732910156,183.87704467773438,3.777026891708374,202.60000610351562,35.02914810180664,23.6771183013916,23.12421417236328,79.57957458496094,66.81774139404297,257.305419921875,173.34146118164062,139.66888427734375,103.29708862304688,120.23999786376953,7680.06640625,244.69891357421875
2019-05-23,43.014671325683594,118.73199462890625,90.77400207519531,89.83126068115234,56.797569274902344,179.46168518066406,3.65592360496521,201.3000030517578,34.4139518737793,23.34425926208496,22.348796844482422,79.3046875,65.80061340332031,254.16156005859375,170.68896484375,136.7936553955078,104.45885467529297,121.16999816894531,7881.8466796875,245.96566772460938
2019-05-24,42.849464416503906,118.78844451904297,91.16400146484375,90.71599578857422,56.46382522583008,179.65020751953125,3.602072238922119,201.69000244140625,34.423343658447266,23.528207778930664,22.432527542114258,79.41995239257812,65.82738494873047,254.73805236816406,170.602783203125,138.0756378173828,104.54886627197266,121.30000305175781,7987.37158203125,249.4849853515625
2019-05-25,42.849464416503906,118.78844451904297,91.16400146484375,90.71599578857422,56.46382522583008,179.65020751953125,3.602072238922119,201.69000244140625,34.423343658447266,23.528207778930664,22.432527542114258,79.41995239257812,65.82738494873047,254.73805236816406,170.602783203125,138.0756378173828,104.54886627197266,121.30000305175781,8052.5439453125,251.75987243652344
2019-05-26,42.849464416503906,118.78844451904297,91.16400146484375,90.71599578857422,56.46382522583008,179.65020751953125,3.602072238922119,201.69000244140625,34.423343658447266,23.528207778930664,22.432527542114258,79.41995239257812,65.82738494873047,254.73805236816406,170.602783203125,138.0756378173828,104.54886627197266,121.30000305175781,8673.2158203125,267.06964111328125
2019-05-27,42.849464416503906,118.78844451904297,91.16400146484375,90.71599578857422,56.46382522583008,179.65020751953125,3.602072238922119,201.69000244140625,34.423343658447266,23.528207778930664,22.432527542114258,79.41995239257812,65.82738494873047,254.73805236816406,170.602783203125,138.0756378173828,104.54886627197266,121.30000305175781,8805.7783203125,272.8626403808594
2019-05-28,42.67229461669922,118.71317291259766,91.82150268554688,89.7320327758789,56.51093673706055,182.8748779296875,3.5569069385528564,199.6999969482422,34.32472229003906,23.25665283203125,22.199539184570312,78.28489685058594,65.22067260742188,252.368896484375,169.961181640625,136.9767608642578,105.30156707763672,120.83000183105469,8719.9619140625,271.7687072753906
2019-05-29,42.46878433227539,117.56520080566406,90.95950317382812,89.48397827148438,55.53798294067383,180.7714080810547,3.4827072620391846,198.52000427246094,34.122779846191406,23.212860107421875,22.05756187438965,77.5311279296875,64.92625427246094,250.67532348632812,168.56314086914062,135.8321990966797,105.62069702148438,120.87000274658203,8659.4873046875,269.4556884765625
2019-05-30,42.689048767089844,118.30854797363281,90.81600189208984,88.5248031616211,55.61088180541992,181.58499145507812,3.4561233520507812,199.74000549316406,34.33412170410156,23.134023666381836,21.777244567871094,77.956787109375,65.17607116699219,251.35995483398438,169.2717742919922,135.45677185058594,106.52890014648438,121.69000244140625,8319.47265625,255.85894775390625
2019-05-31,41.91571807861328,116.37955474853516,88.75350189208984,87.61524200439453,54.87148666381836,176.08816528320312,3.3654401302337646,197.4199981689453,33.76117706298828,22.783641815185547,21.394996643066406,77.39810180664062,64.28385162353516,247.9728546142578,166.5713653564453,133.561279296875,107.86257934570312,123.33000183105469,8574.501953125,268.1135559082031
2019-06-01,41.91571807861328,116.37955474853516,88.75350189208984,87.61524200439453,54.87148666381836,176.08816528320312,3.3654401302337646,197.4199981689453,33.76117706298828,22.783641815185547,21.394996643066406,77.39810180664062,64.28385162353516,247.9728546142578,166.5713653564453,133.561279296875,107.86257934570312,123.33000183105469,8564.0166015625,265.3912658691406
2019-06-02,41.91571807861328,116.37955474853516,88.75350189208984,87.61524200439453,54.87148666381836,176.08816528320312,3.3654401302337646,197.4199981689453,33.76117706298828,22.783641815185547,21.394996643066406,77.39810180664062,64.28385162353516,247.9728546142578,166.5713653564453,133.561279296875,107.86257934570312,123.33000183105469,8742.9580078125,270.22552490234375
2019-06-03,41.49193572998047,112.7662124633789,84.6344985961914,88.02869415283203,51.511260986328125,162.87185668945312,3.3237013816833496,198.55999755859375,33.16945266723633,22.932559967041016,21.66803550720215,77.58433532714844,64.7210464477539,247.34226989746094,162.90377807617188,134.0282745361328,108.58403778076172,125.11000061035156,8208.9951171875,252.60792541503906
2019-06-04,43.00986862182617,115.89026641845703,86.47799682617188,90.74082946777344,52.29230499267578,166.19578552246094,3.5527687072753906,201.58999633789062,34.27775955200195,23.55448341369629,22.04300308227539,78.87016296386719,66.26455688476562,252.71115112304688,167.4906463623047,137.49871826171875,107.34601593017578,125.1500015258789,7707.77099609375,241.3387908935547
2019-06-05,43.70419692993164,118.40264892578125,86.92500305175781,91.06330871582031,51.80384063720703,166.8605499267578,3.5100350379943848,203.3000030517578,34.723899841308594,23.70339584350586,21.799089431762695,79.46430969238281,66.90694427490234,254.90025329589844,168.7355194091797,137.5261993408203,106.73934936523438,125.47000122070312,7824.2314453125,247.05101013183594
2019-06-06,44.34585189819336,120.27518463134766,87.71800231933594,91.26175689697266,51.95856857299805,167.01930236816406,3.5721466541290283,204.77000427246094,35.127769470214844,23.79099464416504,22.20317840576172,79.87220764160156,67.02294158935547,256.5578308105469,170.0760955810547,137.16909790039062,107.08369445800781,125.87999725341797,7822.0234375,249.47433471679688
2019-06-07,45.526206970214844,123.64385986328125,90.20149993896484,90.26123809814453,52.980613708496094,172.000244140625,3.614879846572876,205.80999755859375,35.78055953979492,23.755956649780273,22.305112838745117,80.7057876586914,67.55826568603516,259.1251220703125,173.36061096191406,138.1396942138672,108.01010131835938,126.58999633789062,8043.951171875,250.93035888671875
2019-06-08,45.526206970214844,123.64385986328125,90.20149993896484,90.26123809814453,52.980613708496094,172.000244140625,3.614879846572876,205.80999755859375,35.78055953979492,23.755956649780273,22.305112838745117,80.7057876586914,67.55826568603516,259.1251220703125,173.36061096191406,138.1396942138672,108.01010131835938,126.58999633789062,7954.1279296875,245.73809814453125
2019-06-09,45.526206970214844,123.64385986328125,90.20149993896484,90.26123809814453,52.980613708496094,172.000244140625,3.614879846572876,205.80999755859375,35.78055953979492,23.755956649780273,22.305112838745117,80.7057876586914,67.55826568603516,259.1251220703125,173.36061096191406,138.1396942138672,108.01010131835938,126.58999633789062,7688.0771484375,233.08670043945312
2019-06-10,46.10800552368164,124.77303314208984,93.03150177001953,91.2369613647461,53.694217681884766,173.4587860107422,3.6876742839813232,207.16000366210938,36.1468620300293,23.957422256469727,22.370643615722656,80.94522857666016,67.64750671386719,260.3143005371094,175.381103515625,138.95465087890625,106.99346160888672,125.33000183105469,8000.32958984375,247.52012634277344
2019-06-11,46.64192581176758,124.30255889892578,93.18499755859375,91.5180892944336,53.608917236328125,176.7132568359375,3.7453136444091797,206.6300048828125,36.1468620300293,23.9661865234375,22.414325714111328,80.81218719482422,67.06757354736328,260.251220703125,175.6205291748047,138.54261779785156,107.05908966064453,125.18000030517578,7927.71435546875,245.78182983398438
2019-06-12,46.49347686767578,123.72856903076172,92.76599884033203,90.35218811035156,53.512718200683594,173.6770782470703,3.632270574569702,204.57000732421875,35.94491195678711,23.729679107666016,22.097604751586914,81.20238494873047,67.2103271484375,259.79180908203125,174.60549926757812,138.6982879638672,107.14104461669922,125.83000183105469,8145.857421875,260.9032897949219
2019-06-13,46.48389434814453,124.50958251953125,93.51499938964844,90.57544708251953,54.103328704833984,176.08816528320312,3.683450698852539,204.99000549316406,36.05293655395508,23.80851173400879,22.3560791015625,81.10482788085938,67.54934692382812,260.86370849609375,175.6396484375,140.16334533691406,107.510009765625,126.5999984741211,8230.923828125,256.1687927246094
2019-06-14,46.14631652832031,124.63188171386719,93.4834976196289,90.80694580078125,53.86977005004883,179.91810607910156,3.593513250350952,205.16000366210938,35.738285064697266,23.861068725585938,22.2104549407959,80.9186019897461,67.28169250488281,260.5754699707031,174.89271545410156,138.93634033203125,107.78059387207031,126.55999755859375,8693.8330078125,264.08746337890625
2019-06-15,46.14631652832031,124.63188171386719,93.4834976196289,90.80694580078125,53.86977005004883,179.91810607910156,3.593513250350952,205.16000366210938,35.738285064697266,23.861068725585938,22.2104549407959,80.9186019897461,67.28169250488281,260.5754699707031,174.89271545410156,138.93634033203125,107.78059387207031,126.55999755859375,8838.375,269.0193176269531
2019-06-16,46.14631652832031,124.63188171386719,93.4834976196289,90.80694580078125,53.86977005004883,179.91810607910156,3.593513250350952,205.16000366210938,35.738285064697266,23.861068725585938,22.2104549407959,80.9186019897461,67.28169250488281,260.5754699707031,174.89271545410156,138.93634033203125,107.78059387207031,126.55999755859375,8994.48828125,269.22320556640625
2019-06-17,46.42164611816406,125.00831604003906,94.30149841308594,90.31085205078125,54.24615478515625,187.53829956054688,3.603203058242798,203.47999572753906,35.76646041870117,23.6420841217041,22.3961238861084,81.28218841552734,67.04971313476562,260.674560546875,175.9461212158203,139.89479064941406,107.9691390991211,126.4800033569336,9320.3525390625,274.3511047363281
2019-06-18,47.5134162902832,127.18189239501953,95.06849670410156,91.54287719726562,54.80900573730469,187.0024871826172,3.798232078552246,206.00999450683594,36.414546966552734,23.957422256469727,22.7055606842041,81.97386932373047,68.35234832763672,263.4041442871094,178.50286865234375,141.52120971679688,108.5102767944336,127.12000274658203,9081.7626953125,265.0518493652344
2019-06-19,47.37455368041992,127.6806869506836,95.43949890136719,90.88139343261719,54.772804260253906,186.02020263671875,3.804194927215576,206.75,36.54603576660156,23.913625717163086,22.68008041381836,82.70990753173828,68.29882049560547,263.99859619140625,179.17312622070312,142.0266571044922,108.66606903076172,127.88999938964844,9273.521484375,269.4317932128906
2019-06-20,47.755226135253906,128.8662567138672,95.90950012207031,91.11289978027344,55.203739166259766,188.05422973632812,3.828542947769165,208.0399932861328,37.08140563964844,24.01874542236328,23.182464599609375,83.07349395751953,69.44080352783203,266.5210876464844,180.83935546875,142.6974334716797,108.95299530029297,131.11000061035156,9527.16015625,271.69500732421875
2019-06-21,47.59242248535156,128.8850860595703,95.56500244140625,90.49275970458984,55.80725860595703,189.65170288085938,3.7704062461853027,206.2100067138672,36.90610122680664,23.96504020690918,23.349987030029297,83.47246551513672,69.07076263427734,266.1336669921875,180.57125854492188,141.46612548828125,107.75595092773438,131.97999572753906,10144.556640625,294.9102783203125
2019-06-22,47.59242248535156,128.8850860595703,95.56500244140625,90.49275970458984,55.80725860595703,189.65170288085938,3.7704062461853027,206.2100067138672,36.90610122680664,23.96504020690918,23.349987030029297,83.47246551513672,69.07076263427734,266.1336669921875,180.57125854492188,141.46612548828125,107.75595092773438,131.97999572753906,10701.69140625,309.38031005859375
2019-06-23,47.59242248535156,128.8850860595703,95.56500244140625,90.49275970458984,55.80725860595703,189.65170288085938,3.7704062461853027,206.2100067138672,36.90610122680664,23.96504020690918,23.349987030029297,83.47246551513672,69.07076263427734,266.1336669921875,180.57125854492188,141.46612548828125,107.75595092773438,131.97999572753906,10855.37109375,307.8277893066406
2019-06-24,47.54454040527344,129.6472930908203,95.69499969482422,89.8478012084961,55.37730026245117,191.10035705566406,3.7927663326263428,206.85000610351562,36.97678756713867,23.868188858032227,23.14058494567871,83.03609466552734,68.93634796142578,265.8077392578125,180.57696533203125,139.74771118164062,108.55946350097656,133.94000244140625,11011.1025390625,310.4246826171875
2019-06-25,46.823883056640625,125.55403900146484,93.91349792480469,89.10359954833984,53.933250427246094,187.36964416503906,3.7634503841400146,208.07000732421875,36.29813003540039,23.788957595825195,22.95690155029297,82.6976547241211,68.41661834716797,263.20074462890625,177.47714233398438,138.89317321777344,108.89559936523438,134.1999969482422,11790.9169921875,318.1263122558594
2019-06-26,47.836647033691406,126.02450561523438,94.8915023803711,89.69896697998047,53.573219299316406,186.1988067626953,3.956740379333496,208.50999450683594,36.68929672241211,23.744930267333984,23.309574127197266,81.65571594238281,68.58687591552734,262.9382019042969,178.3024139404297,138.57150268554688,108.19872283935547,132.97000122070312,13016.2314453125,336.753173828125
2019-06-27,47.822265625,126.2315444946289,95.21399688720703,89.99663543701172,53.390228271484375,188.0244903564453,4.055373191833496,212.02000427246094,36.7835693359375,23.956228256225586,23.13690757751465,82.22566986083984,68.64958190917969,263.87054443359375,178.98387145996094,141.17205810546875,108.96121215820312,132.83999633789062,11182.806640625,294.26763916015625
2019-06-28,47.386531829833984,126.05279541015625,94.68150329589844,92.44418334960938,53.69620132446289,191.49725341796875,4.0802178382873535,213.1699981689453,36.77884292602539,24.29960060119629,23.405088424682617,82.50174713134766,69.37544250488281,265.2283935546875,179.21420288085938,142.89039611816406,108.8874282836914,133.1999969482422,12407.33203125,311.2261047363281
2019-06-29,47.386531829833984,126.05279541015625,94.68150329589844,92.44418334960938,53.69620132446289,191.49725341796875,4.0802178382873535,213.1699981689453,36.77884292602539,24.29960060119629,23.405088424682617,82.50174713134766,69.37544250488281,265.2283935546875,179.21420288085938,142.89039611816406,108.8874282836914,133.1999969482422,11959.37109375,320.05889892578125
2019-06-30,47.386531829833984,126.05279541015625,94.68150329589844,92.44418334960938,53.69620132446289,191.49725341796875,4.0802178382873535,213.1699981689453,36.77884292602539,24.29960060119629,23.405088424682617,82.50174713134766,69.37544250488281,265.2283935546875,179.21420288085938,142.89039611816406,108.8874282836914,133.1999969482422,10817.1552734375,290.69598388671875
2019-07-01,48.2556266784668,127.67121887207031,96.1094970703125,93.9986801147461,54.54914855957031,191.49725341796875,4.128416061401367,214.6199951171875,37.36323165893555,24.590137481689453,23.42713165283203,82.9113998413086,69.43814849853516,267.6361999511719,181.63262939453125,143.44178771972656,108.63272857666016,130.6199951171875,10583.134765625,293.64111328125
2019-07-02,48.538143157958984,128.5181121826172,96.71549987792969,94.09790802001953,55.17398452758789,193.48165893554688,4.030528545379639,214.5399932861328,37.46220016479492,24.528507232666016,23.05241584777832,83.35670471191406,69.3485336303711,268.3332824707031,182.35240173339844,142.5687713623047,109.47069549560547,133.41000366210938,10801.677734375,291.596435546875
2019-07-03,48.94037628173828,129.34617614746094,96.94999694824219,93.9480209350586,55.68922805786133,195.6645050048828,4.043447971343994,215.16000366210938,37.74968719482422,24.722196578979492,23.144256591796875,84.06914520263672,69.7338638305664,270.4786376953125,183.72483825683594,143.58880615234375,110.2510757446289,133.6300048828125,11961.26953125,303.0999755859375
2019-07-04,48.94037628173828,129.34617614746094,96.94999694824219,93.9480209350586,55.68922805786133,195.6645050048828,4.043447971343994,215.16000366210938,37.74968719482422,24.722196578979492,23.144256591796875,84.06914520263672,69.7338638305664,270.4786376953125,183.72483825683594,143.58880615234375,110.2510757446289,133.6300048828125,11215.4375,284.5232238769531
2019-07-05,48.897274017333984,128.9697723388672,97.14550018310547,94.50593566894531,56.16925811767578,194.8707733154297,3.980839729309082,215.25,37.67900848388672,24.792634963989258,23.177326202392578,83.49027252197266,69.4560775756836,270.17083740234375,183.35052490234375,143.97471618652344,108.78882598876953,132.13999938964844,10978.4599609375,287.9975280761719
2019-07-06,48.897274017333984,128.9697723388672,97.14550018310547,94.50593566894531,56.16925811767578,194.8707733154297,3.980839729309082,215.25,37.67900848388672,24.792634963989258,23.177326202392578,83.49027252197266,69.4560775756836,270.17083740234375,183.35052490234375,143.97471618652344,108.78882598876953,132.13999938964844,11208.55078125,287.547119140625
2019-07-07,48.897274017333984,128.9697723388672,97.14550018310547,94.50593566894531,56.16925811767578,194.8707733154297,3.980839729309082,215.25,37.67900848388672,24.792634963989258,23.177326202392578,83.49027252197266,69.4560775756836,270.17083740234375,183.35052490234375,143.97471618652344,108.78882598876953,132.13999938964844,11450.8466796875,305.7005615234375
2019-07-08,47.889312744140625,128.87570190429688,97.61599731445312,93.98967742919922,55.38177490234375,194.23574829101562,3.905808925628662,215.1300048828125,37.391502380371094,24.669374465942383,23.210386276245117,82.86688995361328,68.8825912475586,268.686279296875,182.06448364257812,142.60552978515625,108.93669891357422,131.2899932861328,12285.9580078125,313.25140380859375
2019-07-09,48.18141555786133,128.40518188476562,99.41500091552734,94.38937377929688,55.75369644165039,197.65887451171875,3.9082932472229004,214.75,37.52347946166992,24.713396072387695,23.22875213623047,82.94701385498047,68.7302474975586,269.0212097167969,182.97621154785156,142.79852294921875,108.89561462402344,131.75,12573.8125,308.8810119628906
2019-07-10,48.65785598754883,129.71315002441406,100.87049865722656,94.11456298828125,56.5778923034668,201.15145874023438,3.976616621017456,214.02999877929688,37.820377349853516,24.625354766845703,23.526323318481445,83.23200988769531,68.56893920898438,270.30657958984375,184.7996368408203,143.04664611816406,108.29597473144531,133.8300018310547,12156.5126953125,290.0023193359375
2019-07-11,48.30351638793945,130.23068237304688,100.05349731445312,95.01390075683594,56.73508834838867,199.66314697265625,4.131148815155029,213.1699981689453,37.96175765991211,24.766223907470703,23.57408332824707,83.24983215332031,69.03491973876953,270.9403076171875,184.66525268554688,142.3482666015625,106.85009765625,132.6999969482422,11358.662109375,268.70404052734375
2019-07-12,48.674617767333984,130.70114135742188,100.55000305175781,96.01317596435547,56.797569274902344,203.27479553222656,4.164193153381348,214.10000610351562,38.23981857299805,24.933494567871094,23.673269271850586,82.32362365722656,70.24465942382812,272.1532897949219,185.73049926757812,143.45089721679688,106.97333526611328,133.52999877929688,11815.986328125,276.2767028808594
2019-07-13,48.674617767333984,130.70114135742188,100.55000305175781,96.01317596435547,56.797569274902344,203.27479553222656,4.164193153381348,214.10000610351562,38.23981857299805,24.933494567871094,23.673269271850586,82.32362365722656,70.24465942382812,272.1532897949219,185.73049926757812,143.45089721679688,106.97333526611328,133.52999877929688,11392.37890625,269.45880126953125
2019-07-14,48.674617767333984,130.70114135742188,100.55000305175781,96.01317596435547,56.797569274902344,203.27479553222656,4.164193153381348,214.10000610351562,38.23981857299805,24.933494567871094,23.673269271850586,82.32362365722656,70.24465942382812,272.1532897949219,185.73049926757812,143.45089721679688,106.97333526611328,133.52999877929688,10256.05859375,227.57806396484375
2019-07-15,49.13191604614258,130.70114135742188,101.04949951171875,94.84735107421875,57.053951263427734,202.3223114013672,4.155745029449463,213.5399932861328,38.367069244384766,24.792634963989258,23.460189819335938,82.50174713134766,69.95787811279297,272.24383544921875,186.32554626464844,142.6974334716797,107.58942413330078,133.52999877929688,10895.08984375,229.7760009765625
2019-07-16,48.961917877197266,128.98858642578125,100.49500274658203,95.8633041381836,57.20023727416992,202.2528076171875,4.151025295257568,212.8800048828125,38.0088996887207,24.73100471496582,23.210386276245117,82.09210205078125,70.40593719482422,271.36572265625,185.36582946777344,142.65150451660156,107.26908874511719,132.39999389648438,9477.6416015625,199.1886749267578
2019-07-17,48.68658447265625,128.2264404296875,99.60150146484375,94.92230224609375,56.867000579833984,200.2287139892578,4.216365814208984,207.4499969482422,37.909915924072266,24.519704818725586,22.945878982543945,82.10990905761719,68.9004898071289,269.51904296875,184.45413208007812,141.6315155029297,108.42736053466797,134.5800018310547,9693.802734375,211.48497009277344
2019-07-18,49.239654541015625,128.36753845214844,98.8949966430664,95.48856353759766,56.89179229736328,199.21664428710938,4.228042125701904,207.97999572753906,38.192691802978516,24.704586029052734,22.949552536010742,82.57299041748047,69.02594757080078,270.5056457519531,184.66525268554688,142.16452026367188,108.4355697631836,136.47999572753906,10666.482421875,226.566162109375
2019-07-19,48.50461959838867,128.5557403564453,98.22599792480469,94.5475845336914,56.11372375488281,196.81552124023438,4.184814453125,205.97000122070312,38.027740478515625,24.598939895629883,23.05609130859375,81.71807861328125,69.40233612060547,269.00311279296875,183.31210327148438,141.3466339111328,108.18092346191406,134.47000122070312,10530.732421875,221.3334197998047
2019-07-20,48.50461959838867,128.5557403564453,98.22599792480469,94.5475845336914,56.11372375488281,196.81552124023438,4.184814453125,205.97000122070312,38.027740478515625,24.598939895629883,23.05609130859375,81.71807861328125,69.40233612060547,269.00311279296875,183.31210327148438,141.3466339111328,108.18092346191406,134.47000122070312,10767.1396484375,229.1192169189453
2019-07-21,48.50461959838867,128.5557403564453,98.22599792480469,94.5475845336914,56.11372375488281,196.81552124023438,4.184814453125,205.97000122070312,38.027740478515625,24.598939895629883,23.05609130859375,81.71807861328125,69.40233612060547,269.00311279296875,183.31210327148438,141.3466339111328,108.18092346191406,134.47000122070312,10599.10546875,225.63076782226562
2019-07-22,49.613155364990234,130.2589111328125,99.28150177001953,95.15547180175781,56.49357604980469,200.7446746826172,4.256364345550537,204.83999633789062,38.466033935546875,24.651769638061523,23.16262435913086,81.54884338378906,69.4560775756836,269.6639709472656,184.77084350585938,141.2179718017578,108.38631439208984,134.4499969482422,10343.1064453125,217.5600128173828
2019-07-23,50.00102233886719,131.06817626953125,99.72450256347656,96.89585876464844,56.93196105957031,200.7843475341797,4.364190578460693,206.4600067138672,38.67810821533203,24.907089233398438,23.22508430480957,82.05645751953125,70.3342514038086,271.59197998046875,185.98007202148438,142.15530395507812,107.79483032226562,133.69000244140625,9900.767578125,212.728515625
2019-07-24,49.9603157043457,132.4137420654297,100.04049682617188,97.2872543334961,56.51936721801758,203.06643676757812,4.438724517822266,207.97000122070312,38.99858856201172,25.16240882873535,23.324264526367188,82.10100555419922,70.638916015625,272.86846923828125,187.28526306152344,144.50772094726562,108.26307678222656,134.3699951171875,9811.92578125,217.04637145996094
2019-07-25,49.56527328491211,131.91505432128906,98.69100189208984,96.35457611083984,56.3314208984375,199.147216796875,4.3075456619262695,207.89999389648438,38.838348388671875,24.9863224029541,23.059764862060547,81.70023345947266,70.49556732177734,271.5647888183594,185.50979614257812,142.7617645263672,107.74553680419922,133.4199981689453,9911.841796875,219.6179962158203
2019-07-26,49.737648010253906,132.99713134765625,97.15249633789062,96.77928924560547,61.750633239746094,198.19468688964844,4.349532127380371,209.89999389648438,38.92317581176758,25.25925636291504,22.94220733642578,81.99412536621094,70.34320068359375,273.3843688964844,187.419677734375,144.45254516601562,108.00022888183594,133.63999938964844,9870.3037109375,219.62960815429688
2019-07-27,49.737648010253906,132.99713134765625,97.15249633789062,96.77928924560547,61.750633239746094,198.19468688964844,4.349532127380371,209.89999389648438,38.92317581176758,25.25925636291504,22.94220733642578,81.99412536621094,70.34320068359375,273.3843688964844,187.419677734375,144.45254516601562,108.00022888183594,133.63999938964844,9477.677734375,207.40830993652344
2019-07-28,49.737648010253906,132.99713134765625,97.15249633789062,96.77928924560547,61.750633239746094,198.19468688964844,4.349532127380371,209.89999389648438,38.92317581176758,25.25925636291504,22.94220733642578,81.99412536621094,70.34320068359375,273.3843688964844,187.419677734375,144.45254516601562,108.00022888183594,133.63999938964844,9552.8603515625,211.18655395507812
2019-07-29,50.2021369934082,132.70542907714844,95.62249755859375,96.47119140625,61.583011627197266,194.41433715820312,4.34332275390625,208.61000061035156,38.89962387084961,25.065563201904297,22.85036277770996,82.3325424194336,70.21772003173828,272.8865051269531,186.77662658691406,143.48768615722656,108.03303527832031,134.52999877929688,9519.1455078125,211.26805114746094
2019-07-30,49.98664474487305,132.06558227539062,94.92649841308594,96.25467681884766,60.896697998046875,195.50575256347656,4.358973979949951,207.80999755859375,38.64982604980469,24.99513053894043,23.107521057128906,81.976318359375,70.52240753173828,272.21661376953125,185.9705047607422,145.04066467285156,108.29597473144531,134.97999572753906,9607.423828125,210.52259826660156
2019-07-31,51.006591796875,128.2264404296875,93.33899688720703,96.59609985351562,60.410709381103516,192.7176513671875,4.191770553588867,205.42999267578125,38.06544876098633,24.871875762939453,23.03404998779297,81.1658935546875,69.7338638305664,269.2385559082031,183.39845275878906,143.86444091796875,109.16670227050781,133.2100067138672,10085.6279296875,218.65414428710938
2019-08-01,49.90284729003906,129.9107208251953,92.76599884033203,94.04795837402344,60.09233856201172,191.2293243408203,4.097360610961914,201.7100067138672,37.87223434448242,24.308401107788086,22.51238441467285,81.27276611328125,68.38075256347656,266.8940124511719,182.48678588867188,141.77850341796875,111.33479309082031,136.41000366210938,10399.6689453125,217.80844116210938
2019-08-02,48.84700012207031,128.8192138671875,91.16200256347656,94.03962707519531,59.32567596435547,187.54823303222656,4.004689693450928,202.6699981689453,37.25483322143555,24.29960060119629,22.189098358154297,81.08574676513672,67.94168090820312,264.8844299316406,179.79965209960938,140.2071990966797,112.3636474609375,135.88999938964844,10518.1748046875,217.87156677246094
2019-08-03,48.84700012207031,128.8192138671875,91.16200256347656,94.03962707519531,59.32567596435547,187.54823303222656,4.004689693450928,202.6699981689453,37.25483322143555,24.29960060119629,22.189098358154297,81.08574676513672,67.94168090820312,264.8844299316406,179.79965209960938,140.2071990966797,112.3636474609375,135.88999938964844,10821.7265625,222.49034118652344
2019-08-04,48.84700012207031,128.8192138671875,91.16200256347656,94.03962707519531,59.32567596435547,187.54823303222656,4.004689693450928,202.6699981689453,37.25483322143555,24.29960060119629,22.189098358154297,81.08574676513672,67.94168090820312,264.8844299316406,179.79965209960938,140.2071990966797,112.3636474609375,135.88999938964844,10970.1845703125,222.6697235107422
2019-08-05,46.28996276855469,124.40605163574219,88.25650024414062,91.24168395996094,57.26420974731445,180.31497192382812,3.746307611465454,197.72999572753906,35.699615478515625,23.489608764648438,21.52783203125,79.17994689941406,66.05989074707031,256.91851806640625,173.44639587402344,135.99855041503906,114.30625915527344,137.7899932861328,11805.6533203125,234.21502685546875
2019-08-06,47.166255950927734,126.73967742919922,89.3915023803711,91.95780944824219,58.07401657104492,183.0733642578125,3.7850654125213623,200.5500030517578,36.29342269897461,23.868188858032227,21.502120971679688,80.2040786743164,67.05455780029297,260.5212707519531,175.87448120117188,137.248291015625,115.21991729736328,138.91000366210938,11478.1689453125,226.02064514160156
2019-08-07,47.65468215942383,127.29486846923828,89.66999816894531,89.95926666259766,58.313541412353516,183.70835876464844,3.8233249187469482,198.2100067138672,36.51963806152344,23.551244735717773,21.34047508239746,80.23080444335938,67.01871490478516,260.67498779296875,176.8245391845703,137.21151733398438,115.26106262207031,141.02000427246094,11941.96875,226.39100646972656
2019-08-08,48.70573806762695,130.6917724609375,91.64450073242188,91.48314666748047,59.81513214111328,188.6793212890625,3.931896209716797,200.52000427246094,37.41507339477539,24.00025177001953,21.9539794921875,81.29946899414062,68.15673828125,265.78961181640625,180.6729278564453,140.17044067382812,115.50798797607422,141.72999572753906,11966.4072265625,220.94186401367188
2019-08-09,48.30438995361328,129.58140563964844,90.37899780273438,91.38322448730469,58.95771408081055,186.38734436035156,3.8305301666259766,199.0500030517578,36.99092483520508,23.921016693115234,21.711517333984375,81.39744567871094,67.58324432373047,263.9792175292969,178.97430419921875,138.40611267089844,115.27754211425781,141.25999450683594,11862.9365234375,210.48890686035156
2019-08-10,48.30438995361328,129.58140563964844,90.37899780273438,91.38322448730469,58.95771408081055,186.38734436035156,3.8305301666259766,199.0500030517578,36.99092483520508,23.921016693115234,21.711517333984375,81.39744567871094,67.58324432373047,263.9792175292969,178.97430419921875,138.40611267089844,115.27754211425781,141.25999450683594,11354.0244140625,206.73353576660156
2019-08-11,48.30438995361328,129.58140563964844,90.37899780273438,91.38322448730469,58.95771408081055,186.38734436035156,3.8305301666259766,199.0500030517578,36.99092483520508,23.921016693115234,21.711517333984375,81.39744567871094,67.58324432373047,263.9792175292969,178.97430419921875,138.40611267089844,115.27754211425781,141.25999450683594,11523.5791015625,216.09286499023438
2019-08-12,48.181819915771484,127.77474212646484,89.24600219726562,89.66781616210938,58.24361801147461,183.9266357421875,3.762704849243164,197.17999267578125,36.50550842285156,23.463193893432617,21.45435905456543,80.60484313964844,66.65129089355469,260.765625,176.9205322265625,136.6142578125,117.68101501464844,142.6300048828125,11382.6162109375,211.28807067871094
2019-08-13,50.22224426269531,130.41888427734375,91.21700286865234,91.05014038085938,59.34600067138672,186.98263549804688,3.8769896030426025,198.77999877929688,37.41979217529297,23.753734588623047,21.652732849121094,81.65571594238281,67.4488296508789,264.8210754394531,180.79769897460938,138.0845184326172,117.2777099609375,141.77999877929688,10895.830078125,208.70904541015625
2019-08-14,48.72736740112305,126.49139404296875,88.14800262451172,87.26956939697266,57.735321044921875,178.3107147216797,3.7284188270568848,195.80999755859375,36.269866943359375,22.873315811157227,20.804115295410156,79.38477325439453,65.38783264160156,256.9908142089844,175.39459228515625,134.22511291503906,119.91991424560547,142.75,10051.7041015625,186.6077423095703
2019-08-15,48.48463821411133,126.20816802978516,88.80599975585938,87.60264587402344,57.98674011230469,181.16830444335938,3.6961214542388916,198.30999755859375,36.203887939453125,22.987770080566406,20.675539016723633,79.66083526611328,65.3161392211914,257.6697692871094,175.19305419921875,133.69210815429688,121.25333404541016,143.6999969482422,10311.5458984375,188.50205993652344
2019-08-16,49.62861633300781,128.521240234375,89.62850189208984,89.7011489868164,58.47718811035156,182.2696533203125,3.964193820953369,199.72000122070312,36.891944885253906,23.392765045166016,20.947389602661133,80.64047241210938,66.57962036132812,261.4716796875,178.00497436523438,136.57749938964844,120.28207397460938,142.77999877929688,10374.3388671875,185.44007873535156
2019-08-17,49.62861633300781,128.521240234375,89.62850189208984,89.7011489868164,58.47718811035156,182.2696533203125,3.964193820953369,199.72000122070312,36.891944885253906,23.392765045166016,20.947389602661133,80.64047241210938,66.57962036132812,261.4716796875,178.00497436523438,136.57749938964844,120.28207397460938,142.77999877929688,10231.744140625,185.68768310546875
2019-08-18,49.62861633300781,128.521240234375,89.62850189208984,89.7011489868164,58.47718811035156,182.2696533203125,3.964193820953369,199.72000122070312,36.891944885253906,23.392765045166016,20.947389602661133,80.64047241210938,66.57962036132812,261.4716796875,178.00497436523438,136.57749938964844,120.28207397460938,142.77999877929688,10345.810546875,194.4935302734375
2019-08-19,50.553897857666016,130.67381286621094,90.80599975585938,90.50886535644531,59.529991149902344,184.7203826904297,4.242949962615967,200.94000244140625,37.452781677246094,23.630475997924805,21.410274505615234,81.41526794433594,67.20687866210938,264.6218566894531,180.83612060546875,137.95590209960938,118.56175994873047,141.11000061035156,10916.0537109375,203.09193420410156
2019-08-20,50.556297302246094,129.5880584716797,90.06900024414062,89.35971069335938,58.69141387939453,182.37879943847656,4.170650959014893,198.14999389648438,37.26425552368164,23.313526153564453,21.230266571044922,80.7206039428711,66.81261444091797,262.5942077636719,179.4349365234375,137.05532836914062,119.78824615478516,142.2100067138672,10763.232421875,196.56541442871094
2019-08-21,51.104251861572266,131.0325469970703,91.177001953125,89.60954284667969,59.09061813354492,182.12081909179688,4.2541303634643555,199.24000549316406,37.70256805419922,23.41918182373047,21.366191864013672,81.31729888916016,67.22479248046875,264.7304992675781,181.02801513671875,138.1855926513672,118.98980712890625,141.75999450683594,10138.0498046875,186.89163208007812
2019-08-22,51.06099319458008,130.07901000976562,90.23300170898438,90.53385925292969,59.08763885498047,180.62255859375,4.260341644287109,201.00999450683594,37.6130256652832,23.577653884887695,21.270675659179688,80.91654205322266,67.32337951660156,264.64892578125,180.44261169433594,137.86395263671875,118.19956970214844,141.39999389648438,10131.0556640625,191.33291625976562
2019-08-23,48.70093536376953,125.93438720703125,87.48100280761719,88.2854995727539,57.20619201660156,176.365966796875,4.0357465744018555,197.16000366210938,36.36882781982422,22.97896957397461,20.5579833984375,79.04637145996094,65.52223205566406,257.8508605957031,174.732421875,133.6370086669922,120.14215087890625,144.1699981689453,10407.96484375,194.70620727539062
2019-08-24,48.70093536376953,125.93438720703125,87.48100280761719,88.2854995727539,57.20619201660156,176.365966796875,4.0357465744018555,197.16000366210938,36.36882781982422,22.97896957397461,20.5579833984375,79.04637145996094,65.52223205566406,257.8508605957031,174.732421875,133.6370086669922,120.14215087890625,144.1699981689453,10159.9609375,191.28956604003906
2019-08-25,48.70093536376953,125.93438720703125,87.48100280761719,88.2854995727539,57.20619201660156,176.365966796875,4.0357465744018555,197.16000366210938,36.36882781982422,22.97896957397461,20.5579833984375,79.04637145996094,65.52223205566406,257.8508605957031,174.732421875,133.6370086669922,120.14215087890625,144.1699981689453,10138.517578125,186.84239196777344
2019-08-26,49.62621307373047,127.87920379638672,88.44349670410156,88.9933090209961,58.07897186279297,178.95565795898438,4.110528469085693,200.1999969482422,36.87310028076172,23.19907569885254,20.646150588989258,79.87461853027344,66.00611114501953,260.7023010253906,177.37159729003906,135.10726928710938,119.65652465820312,144.19000244140625,10370.8203125,188.92938232421875
2019-08-27,49.06624221801758,128.153076171875,88.09149932861328,88.05232238769531,58.061126708984375,179.88832092285156,4.019845008850098,198.35000610351562,36.81654739379883,23.05820655822754,20.517566680908203,79.40261840820312,65.66561126708984,259.6794128417969,176.9972686767578,133.1040496826172,121.50023651123047,145.57000732421875,10185.5,187.51666259765625
2019-08-28,49.3954963684082,127.98307037353516,88.2125015258789,88.93502807617188,58.206424713134766,180.34475708007812,4.009400367736816,200.4499969482422,36.849552154541016,23.26950454711914,20.811464309692383,79.98145294189453,66.47209167480469,261.5079040527344,177.6306915283203,134.65701293945312,121.6566162109375,145.16000366210938,9754.4228515625,173.8899688720703
2019-08-29,50.231842041015625,130.40000915527344,89.31999969482422,90.9502182006836,59.222530364990234,184.12509155273438,4.153142929077148,203.1999969482422,37.49048614501953,23.621673583984375,21.11638069152832,80.5870132446289,67.61012268066406,264.8481750488281,180.34666442871094,137.0185546875,121.19573974609375,144.1199951171875,9510.2001953125,169.51673889160156
2019-08-30,50.16697311401367,130.15451049804688,88.81449890136719,91.48314666748047,59.038551330566406,184.22430419921875,4.165828227996826,203.41000366210938,37.48105239868164,23.700910568237305,21.11638069152832,80.68499755859375,67.88793182373047,264.7304992675781,179.91477966308594,136.7704315185547,121.22865295410156,143.75,9598.173828125,168.83486938476562
2019-08-31,50.16697311401367,130.15451049804688,88.81449890136719,91.48314666748047,59.038551330566406,184.22430419921875,4.165828227996826,203.41000366210938,37.48105239868164,23.700910568237305,21.11638069152832,80.68499755859375,67.88793182373047,264.7304992675781,179.91477966308594,136.7704315185547,121.22865295410156,143.75,9630.6640625,172.46978759765625
2019-09-01,50.16697311401367,130.15451049804688,88.81449890136719,91.48314666748047,59.038551330566406,184.22430419921875,4.165828227996826,203.41000366210938,37.48105239868164,23.700910568237305,21.11638069152832,80.68499755859375,67.88793182373047,264.7304992675781,179.91477966308594,136.7704315185547,121.22865295410156,143.75,9757.970703125,171.62942504882812
2019-09-02,50.16697311401367,130.15451049804688,88.81449890136719,91.48314666748047,59.038551330566406,184.22430419921875,4.165828227996826,203.41000366210938,37.48105239868164,23.700910568237305,21.11638069152832,80.68499755859375,67.88793182373047,264.7304992675781,179.91477966308594,136.7704315185547,121.22865295410156,143.75,10346.7607421875,178.34735107421875
2019-09-03,49.43635177612305,128.43626403808594,89.49199676513672,90.40060424804688,57.998146057128906,180.96983337402344,4.082763195037842,200.89999389648438,37.02390670776367,23.454389572143555,21.013517379760742,80.2129898071289,66.96495056152344,263.1826171875,178.16810607910156,134.76727294921875,121.3853530883789,145.75,10623.5400390625,179.49932861328125
2019-09-04,50.27511978149414,129.93739318847656,90.03099822998047,91.49150085449219,58.62892532348633,185.682861328125,4.196913719177246,202.19000244140625,37.65544128417969,23.683303833007812,21.30741310119629,80.26644134521484,67.81621551513672,266.1697692871094,180.7401123046875,135.85154724121094,121.56670379638672,146.66000366210938,10594.4931640625,175.99288940429688
2019-09-05,51.25807571411133,132.22216796875,92.03600311279297,93.57331848144531,60.1126708984375,189.41357421875,4.469977378845215,204.24000549316406,38.442474365234375,24.16753578186035,21.571918487548828,81.05901336669922,69.03491973876953,269.59149169921875,184.0510711669922,138.37857055664062,119.3650894165039,143.13999938964844,10575.533203125,174.21713256835938
2019-09-06,51.253265380859375,131.32518005371094,91.67549896240234,93.77318572998047,59.82157897949219,186.03013610839844,4.442870140075684,204.72999572753906,38.40948486328125,24.158729553222656,21.68580436706543,81.28165435791016,69.17827606201172,269.7997741699219,183.86871337890625,137.74452209472656,120.21440887451172,141.9199981689453,10353.302734375,169.9561767578125
2019-09-07,51.253265380859375,131.32518005371094,91.67549896240234,93.77318572998047,59.82157897949219,186.03013610839844,4.442870140075684,204.72999572753906,38.40948486328125,24.158729553222656,21.68580436706543,81.28165435791016,69.17827606201172,269.7997741699219,183.86871337890625,137.74452209472656,120.21440887451172,141.9199981689453,10517.2548828125,178.2626190185547
2019-09-08,51.253265380859375,131.32518005371094,91.67549896240234,93.77318572998047,59.82157897949219,186.03013610839844,4.442870140075684,204.72999572753906,38.40948486328125,24.158729553222656,21.68580436706543,81.28165435791016,69.17827606201172,269.7997741699219,183.86871337890625,137.74452209472656,120.21440887451172,141.9199981689453,10441.2763671875,181.35552978515625
2019-09-09,51.47196578979492,129.8335418701172,91.56749725341797,96.09644317626953,59.76950454711914,187.2902374267578,4.488876819610596,206.6199951171875,38.12200164794922,24.528507232666016,22.119298934936523,80.53359985351562,69.38436889648438,269.935546875,183.48484802246094,139.59152221679688,118.07876586914062,141.38999938964844,10334.974609375,181.1494598388672
2019-09-10,52.08000183105469,128.4740753173828,91.02749633789062,97.32054901123047,59.79082489013672,184.7203826904297,4.5555267333984375,208.30999755859375,37.92877197265625,24.616546630859375,22.380128860473633,80.76514434814453,70.02062225341797,269.8721618652344,182.95700073242188,141.37423706054688,116.00912475585938,140.17999267578125,10115.9755859375,179.78717041015625
2019-09-11,53.73588943481445,128.5117645263672,91.14949798583984,97.58702850341797,60.499969482421875,187.02232360839844,4.584127426147461,210.91000366210938,38.32465362548828,24.757417678833008,22.402172088623047,81.566650390625,70.67474365234375,271.79119873046875,184.67489624023438,144.268798828125,115.802978515625,141.02999877929688,10178.3720703125,178.72549438476562
2019-09-12,53.615726470947266,129.8335418701172,92.17749786376953,98.18659210205078,61.242340087890625,186.0102996826172,4.582633018493652,211.3699951171875,38.53201675415039,24.889474868774414,22.262575149536133,81.5399398803711,70.71955871582031,272.7326354980469,185.442626953125,144.30552673339844,115.04437255859375,141.32000732421875,10410.126953125,181.01609802246094
2019-09-13,52.572689056396484,129.6447296142578,91.96700286865234,100.1185073852539,61.493255615234375,185.7324676513672,4.524688243865967,213.61000061035156,38.24924850463867,25.08316993713379,22.43891143798828,81.49539184570312,71.1048812866211,272.551513671875,184.78045654296875,144.5536346435547,112.58712005615234,140.14999389648438,10360.546875,181.10972595214844
2019-09-14,52.572689056396484,129.6447296142578,91.96700286865234,100.1185073852539,61.493255615234375,185.7324676513672,4.524688243865967,213.61000061035156,38.24924850463867,25.08316993713379,22.43891143798828,81.49539184570312,71.1048812866211,272.551513671875,184.78045654296875,144.5536346435547,112.58712005615234,140.14999389648438,10358.048828125,188.1055145263672
2019-09-15,52.572689056396484,129.6447296142578,91.96700286865234,100.1185073852539,61.493255615234375,185.7324676513672,4.524688243865967,213.61000061035156,38.24924850463867,25.08316993713379,22.43891143798828,81.49539184570312,71.1048812866211,272.551513671875,184.78045654296875,144.5536346435547,112.58712005615234,140.14999389648438,10347.712890625,189.78912353515625
2019-09-16,52.84907913208008,128.71006774902344,90.39199829101562,99.2275161743164,61.07670211791992,184.77001953125,4.48166561126709,210.3300018310547,38.154991149902344,24.99513053894043,23.1920166015625,81.31729888916016,71.04216003417969,271.70965576171875,183.955078125,145.09579467773438,114.02189636230469,141.32000732421875,10276.7939453125,197.11317443847656
2019-09-17,53.04133224487305,129.7108154296875,91.12750244140625,98.73619079589844,60.98992156982422,186.6155548095703,4.503054618835449,210.14999389648438,38.310508728027344,25.021541595458984,22.868732452392578,81.44198608398438,71.00629425048828,272.39776611328125,184.8380584716797,144.71902465820312,114.64029693603516,141.60000610351562,10241.2724609375,208.60874938964844
2019-09-18,53.53881072998047,130.77761840820312,90.87300109863281,99.72713470458984,61.127281188964844,186.67510986328125,4.47594690322876,210.89999389648438,38.3057975769043,25.10958480834961,22.758514404296875,81.43306732177734,70.8987808227539,272.56060791015625,184.76124572753906,143.82769775390625,115.12682342529297,140.7100067138672,10198.248046875,211.39303588867188
2019-09-19,53.10382080078125,133.18516540527344,91.07499694824219,99.41069030761719,61.42978286743164,188.65948486328125,4.400343894958496,209.22000122070312,38.390625,24.99513053894043,22.699743270874023,81.81603240966797,70.54033660888672,272.54254150390625,185.06834411621094,143.12933349609375,115.47313690185547,141.27999877929688,10266.4150390625,221.28085327148438
2019-09-20,52.327537536621094,131.64620971679688,89.70800018310547,99.010986328125,60.98793411254883,188.45114135742188,4.294649600982666,208.1199951171875,37.942935943603516,24.84823226928711,22.718278884887695,82.27210235595703,70.09442901611328,271.2547302246094,183.1105499267578,142.8260955810547,116.99864196777344,142.9499969482422,10181.6416015625,218.050048828125
2019-09-21,52.327537536621094,131.64620971679688,89.70800018310547,99.010986328125,60.98793411254883,188.45114135742188,4.294649600982666,208.1199951171875,37.942935943603516,24.84823226928711,22.718278884887695,82.27210235595703,70.09442901611328,271.2547302246094,183.1105499267578,142.8260955810547,116.99864196777344,142.9499969482422,10019.716796875,215.51620483398438
2019-09-22,52.327537536621094,131.64620971679688,89.70800018310547,99.010986328125,60.98793411254883,188.45114135742188,4.294649600982666,208.1199951171875,37.942935943603516,24.84823226928711,22.718278884887695,82.27210235595703,70.09442901611328,271.2547302246094,183.1105499267578,142.8260955810547,116.99864196777344,142.9499969482422,10070.392578125,211.54537963867188
2019-09-23,52.565467834472656,131.3629913330078,89.26499938964844,98.99432373046875,61.228450775146484,185.36534118652344,4.348117351531982,207.9600067138672,38.06113052368164,24.892484664916992,22.725688934326172,81.8338851928711,69.95928192138672,271.1911315917969,183.1913604736328,142.7158203125,116.97386169433594,143.75,9729.32421875,201.9213104248047
2019-09-24,52.31553268432617,129.70135498046875,87.08049774169922,97.70361328125,60.41714859008789,179.8684844970703,4.290669918060303,206.39999389648438,37.6923942565918,24.65355682373047,22.366079330444336,81.08271789550781,69.56294250488281,269.0631408691406,180.7584228515625,140.5616912841797,118.38385772705078,144.50999450683594,8620.56640625,168.11073303222656
2019-09-25,53.12063980102539,131.57069396972656,88.41649627685547,98.26155090332031,61.78634262084961,181.3766632080078,4.432425022125244,208.11000061035156,38.14149475097656,24.857086181640625,22.403162002563477,80.68922424316406,70.01334381103516,270.65460205078125,182.78744506835938,142.1016387939453,116.65230560302734,141.8300018310547,8486.9931640625,170.8927001953125
2019-09-26,52.846656799316406,131.74061584472656,86.99199676513672,97.45380401611328,61.605323791503906,178.70761108398438,4.4102911949157715,206.89999389648438,38.18404006958008,24.74204444885254,22.110279083251953,80.24213409423828,70.11241912841797,270.0908203125,182.11427307128906,140.5155792236328,117.4026870727539,141.7899932861328,8118.9677734375,166.7271270751953
2019-09-27,52.58950424194336,130.0318145751953,86.27249908447266,98.02835845947266,60.79502868652344,175.7210235595703,4.27152156829834,207.4499969482422,37.6734733581543,24.839387893676758,22.10657501220703,79.88440704345703,69.83318328857422,268.6357421875,179.85450744628906,139.3905487060547,117.6912612915039,141.05999755859375,8251.845703125,174.71099853515625
2019-09-28,52.58950424194336,130.0318145751953,86.27249908447266,98.02835845947266,60.79502868652344,175.7210235595703,4.27152156829834,207.4499969482422,37.6734733581543,24.839387893676758,22.10657501220703,79.88440704345703,69.83318328857422,268.6357421875,179.85450744628906,139.3905487060547,117.6912612915039,141.05999755859375,8245.9150390625,174.57289123535156
2019-09-29,52.58950424194336,130.0318145751953,86.27249908447266,98.02835845947266,60.79502868652344,175.7210235595703,4.27152156829834,207.4499969482422,37.6734733581543,24.839387893676758,22.10657501220703,79.88440704345703,69.83318328857422,268.6357421875,179.85450744628906,139.3905487060547,117.6912612915039,141.05999755859375,8104.185546875,170.50347900390625
2019-09-30,53.82722473144531,131.25914001464844,86.79550170898438,98.00341033935547,60.55649948120117,176.6934051513672,4.328968524932861,208.02000427246094,38.070587158203125,24.777446746826172,21.947158813476562,80.59982299804688,69.93225860595703,269.8816223144531,181.56614685058594,139.55654907226562,117.97985076904297,138.8699951171875,8293.8681640625,179.87220764160156
2019-10-01,53.97623062133789,129.40870666503906,86.78250122070312,96.22137451171875,59.80570983886719,174.44107055664062,4.32722806930542,206.7100067138672,37.71601867675781,24.255348205566406,21.43926429748535,79.81285095214844,68.2567138671875,266.67144775390625,180.08526611328125,136.8178253173828,118.33505249023438,139.6300048828125,8343.2763671875,177.34042358398438
2019-10-02,52.62316131591797,127.12395477294922,85.6614990234375,94.30610656738281,58.41321563720703,173.24049377441406,4.303354263305664,203.10000610351562,37.00688171386719,23.759798049926758,20.91282844543457,78.65032196044922,66.968505859375,261.96075439453125,176.9888153076172,135.78504943847656,118.62409210205078,141.25999450683594,8393.0419921875,180.71051025390625
2019-10-03,53.07017517089844,128.66285705566406,86.22100067138672,94.17178344726562,58.9839973449707,177.9832763671875,4.509020805358887,204.97999572753906,37.46072769165039,23.857133865356445,21.138973236083984,79.35678100585938,67.40991973876953,264.1069641113281,178.93133544921875,136.2368621826172,119.70629119873047,141.89999389648438,8259.9921875,175.1993408203125
2019-10-04,54.557830810546875,130.40000915527344,86.98249816894531,96.21155548095703,60.05167770385742,179.04495239257812,4.525435447692871,208.0800018310547,38.08003234863281,24.29959487915039,21.272430419921875,80.59982299804688,68.11257934570312,267.68084716796875,181.56614685058594,137.52784729003906,120.59003448486328,141.89999389648438,8205.939453125,176.98500061035156
2019-10-05,54.557830810546875,130.40000915527344,86.98249816894531,96.21155548095703,60.05167770385742,179.04495239257812,4.525435447692871,208.0800018310547,38.08003234863281,24.29959487915039,21.272430419921875,80.59982299804688,68.11257934570312,267.68084716796875,181.56614685058594,137.52784729003906,120.59003448486328,141.89999389648438,8151.50048828125,176.3515167236328
2019-10-06,54.557830810546875,130.40000915527344,86.98249816894531,96.21155548095703,60.05167770385742,179.04495239257812,4.525435447692871,208.0800018310547,38.08003234863281,24.29959487915039,21.272430419921875,80.59982299804688,68.11257934570312,267.68084716796875,181.56614685058594,137.52784729003906,120.59003448486328,141.89999389648438,7988.15576171875,173.05914306640625
2019-10-07,54.56985855102539,129.45587158203125,86.63300323486328,96.0016860961914,59.91728210449219,178.28094482421875,4.584127426147461,207.24000549316406,37.919288635253906,24.175704956054688,21.083364486694336,80.33152770996094,67.77027130126953,266.5259704589844,181.01805114746094,137.28811645507812,119.59060668945312,140.69000244140625,8245.623046875,181.18634033203125
2019-10-08,53.930564880371094,128.08697509765625,85.27549743652344,93.86122131347656,59.018714904785156,176.365966796875,4.407555103302002,204.08999633789062,37.22434997558594,23.69785499572754,20.7237548828125,78.80236053466797,66.72526550292969,262.3883056640625,178.30624389648438,135.05654907226562,119.91270446777344,141.9199981689453,8228.783203125,182.0215606689453
2019-10-09,54.5626335144043,130.51332092285156,86.09950256347656,94.5411376953125,59.62718200683594,178.44961547851562,4.494100093841553,206.69000244140625,37.77748107910156,23.91908073425293,20.91282844543457,79.37467956542969,67.29280853271484,264.8798828125,180.0467987060547,135.67437744140625,119.23538970947266,142.0500030517578,8595.740234375,193.2932586669922
2019-10-10,55.29805374145508,131.32518005371094,86.01300048828125,95.86737060546875,59.977783203125,178.6282196044922,4.5517964363098145,206.86000061035156,38.03749465942383,24.166854858398438,21.176040649414062,79.76815795898438,67.90538024902344,266.67144775390625,181.441162109375,136.21841430664062,117.4594497680664,140.80999755859375,8586.4736328125,191.65966796875
2019-10-11,56.76888656616211,131.872802734375,86.59600067138672,97.4874038696289,60.2872314453125,182.75582885742188,4.625409126281738,208.0800018310547,38.56223678588867,24.46772003173828,21.461503982543945,80.4299087524414,69.18458557128906,269.4360046386719,183.77792358398438,138.52378845214844,116.00566864013672,140.02999877929688,8321.7568359375,182.56968688964844
2019-10-12,56.76888656616211,131.872802734375,86.59600067138672,97.4874038696289,60.2872314453125,182.75582885742188,4.625409126281738,208.0800018310547,38.56223678588867,24.46772003173828,21.461503982543945,80.4299087524414,69.18458557128906,269.4360046386719,183.77792358398438,138.52378845214844,116.00566864013672,140.02999877929688,8336.5556640625,180.82664489746094
2019-10-13,56.76888656616211,131.872802734375,86.59600067138672,97.4874038696289,60.2872314453125,182.75582885742188,4.625409126281738,208.0800018310547,38.56223678588867,24.46772003173828,21.461503982543945,80.4299087524414,69.18458557128906,269.4360046386719,183.77792358398438,138.52378845214844,116.00566864013672,140.02999877929688,8321.005859375,182.0751495361328
2019-10-14,56.68717956542969,131.75009155273438,86.82150268554688,97.74762725830078,60.389381408691406,181.8529052734375,4.638836860656738,207.91000366210938,38.53859329223633,24.503122329711914,21.450382232666016,80.39413452148438,69.04944610595703,269.1358947753906,183.75872802734375,138.01658630371094,116.84822845458984,140.58999633789062,8374.6865234375,186.96090698242188
2019-10-15,56.554988861083984,133.6571502685547,88.36900329589844,100.69389343261719,61.60285186767578,187.41921997070312,4.883550643920898,209.3800048828125,38.964073181152344,24.857086181640625,21.53936004638672,81.86073303222656,69.60798645019531,271.80047607421875,186.09544372558594,139.60264587402344,115.43571472167969,139.61000061035156,8205.369140625,181.40606689453125
2019-10-16,56.32667541503906,132.5620574951172,88.87149810791016,100.4588623046875,61.64054489135742,188.07408142089844,4.829832077026367,209.2899932861328,38.69460678100586,24.795141220092773,21.23906707763672,81.75341033935547,69.57196044921875,271.3638610839844,185.63388061523438,139.75022888183594,115.57611846923828,140.41000366210938,8047.52685546875,176.0135040283203
2019-10-17,56.54538345336914,131.8822479248047,89.3740005493164,101.0212631225586,62.126522064208984,188.90756225585938,4.831822872161865,208.6199951171875,38.61896896362305,24.81283950805664,21.253902435302734,82.36148071289062,69.91425323486328,272.1641845703125,186.12435913085938,141.40081787109375,115.29524230957031,140.61000061035156,8103.9111328125,178.02835083007812
2019-10-18,56.81694793701172,129.72970581054688,87.87550354003906,101.19752502441406,61.710472106933594,184.40289306640625,4.737319469451904,208.75999450683594,38.250221252441406,24.874784469604492,21.142681121826172,82.05748748779297,69.31068420410156,270.9729309082031,184.33567810058594,140.72767639160156,115.29524230957031,140.4600067138672,7973.20751953125,173.621337890625
2019-10-19,56.81694793701172,129.72970581054688,87.87550354003906,101.19752502441406,61.710472106933594,184.40289306640625,4.737319469451904,208.75999450683594,38.250221252441406,24.874784469604492,21.142681121826172,82.05748748779297,69.31068420410156,270.9729309082031,184.33567810058594,140.72767639160156,115.29524230957031,140.4600067138672,7988.560546875,172.91302490234375
2019-10-20,56.81694793701172,129.72970581054688,87.87550354003906,101.19752502441406,61.710472106933594,184.40289306640625,4.737319469451904,208.75999450683594,38.250221252441406,24.874784469604492,21.142681121826172,82.05748748779297,69.31068420410156,270.9729309082031,184.33567810058594,140.72767639160156,115.29524230957031,140.4600067138672,8222.078125,175.5343780517578
2019-10-21,57.80231857299805,130.69264221191406,89.28299713134766,103.70733642578125,61.70402145385742,188.28244018554688,4.874598979949951,211.49000549316406,38.661521911621094,25.219898223876953,21.520822525024414,81.96803283691406,69.72510528564453,272.809814453125,185.97047424316406,142.04632568359375,114.4280014038086,139.7899932861328,8243.720703125,174.92098999023438
2019-10-22,57.670135498046875,128.74781799316406,88.2864990234375,104.74818420410156,61.5512809753418,180.92022705078125,4.864650249481201,210.6199951171875,38.14149475097656,25.14910316467285,21.79886817932129,82.14688873291016,70.27459716796875,271.91864013671875,184.48956298828125,142.203125,115.09701538085938,140.1999969482422,8078.203125,172.3008575439453
2019-10-23,58.444007873535156,129.5692138671875,88.1084976196289,105.0251693725586,62.36605453491211,184.7005615234375,4.851717948913574,210.9600067138672,38.17457962036133,25.255292892456055,21.980525970458984,82.6566390991211,70.26558685302734,272.7098388671875,184.8453369140625,142.37831115722656,115.2126693725586,140.52999877929688,7514.671875,162.4027862548828
2019-10-24,58.54014205932617,132.11830139160156,89.03900146484375,104.94963836669922,62.43943786621094,184.92877197265625,4.895735740661621,210.25999450683594,38.73242950439453,25.219898223876953,21.88784408569336,82.23631286621094,70.36470031738281,273.15533447265625,186.64361572265625,142.1754150390625,114.98138427734375,141.52999877929688,7493.48876953125,162.16854858398438
2019-10-25,59.261138916015625,132.86412048339844,88.06649780273438,105.78902435302734,62.69681167602539,186.42701721191406,5.08673095703125,211.8000030517578,39.20045471191406,25.343782424926758,22.065793991088867,82.32575225830078,70.80609130859375,274.2740478515625,188.1341552734375,142.9315643310547,114.41974639892578,141.86000061035156,8660.7001953125,181.52320861816406
2019-10-26,59.261138916015625,132.86412048339844,88.06649780273438,105.78902435302734,62.69681167602539,186.42701721191406,5.08673095703125,211.8000030517578,39.20045471191406,25.343782424926758,22.065793991088867,82.32575225830078,70.80609130859375,274.2740478515625,188.1341552734375,142.9315643310547,114.41974639892578,141.86000061035156,9244.97265625,179.83547973632812
2019-10-27,59.261138916015625,132.86412048339844,88.06649780273438,105.78902435302734,62.69681167602539,186.42701721191406,5.08673095703125,211.8000030517578,39.20045471191406,25.343782424926758,22.065793991088867,82.32575225830078,70.80609130859375,274.2740478515625,188.1341552734375,142.9315643310547,114.41974639892578,141.86000061035156,9551.71484375,184.24221801757812
2019-10-28,59.85475158691406,136.13075256347656,88.85399627685547,106.19194793701172,63.92068862915039,187.9252471923828,5.1426849365234375,212.86000061035156,39.69684600830078,25.47652244567871,21.939748764038086,83.17528533935547,71.00426483154297,275.8199462890625,189.99009704589844,144.1672821044922,113.37894439697266,140.63999938964844,9256.1484375,182.66281127929688
2019-10-29,58.47043991088867,134.84674072265625,88.135498046875,106.12478637695312,62.51630783081055,187.83595275878906,5.046443462371826,213.00999450683594,39.33755874633789,25.53846549987793,22.028724670410156,84.35572052001953,71.23851013183594,275.7381286621094,188.51881408691406,144.63755798339844,113.45323944091797,140.25,9427.6875,190.3425750732422
2019-10-30,58.463233947753906,136.52725219726562,88.99949645996094,105.53721618652344,62.518287658691406,186.7842254638672,5.04843282699585,213.25,39.57865524291992,25.520769119262695,21.580141067504883,84.82968139648438,71.4907455444336,276.5838317871094,189.43231201171875,144.15806579589844,115.11360168457031,141.02000427246094,9205.7265625,184.69216918945312
2019-10-31,59.78505325317383,135.35658264160156,88.83300018310547,104.85730743408203,62.4240608215332,190.15773010253906,4.9991912841796875,212.5800018310547,39.55500030517578,25.396879196166992,21.487459182739258,84.73131561279297,70.72501373291016,275.8472595214844,189.51889038085938,143.34654235839844,116.66647338867188,142.42999267578125,9199.5849609375,183.9669189453125
2019-11-01,61.48180389404297,135.68701171875,89.5719985961914,107.27476501464844,63.09104537963867,192.1123809814453,5.03823709487915,215.8300018310547,40.02776336669922,25.768539428710938,21.976816177368164,84.838623046875,72.26546478271484,278.4026794433594,191.24021911621094,145.79025268554688,116.30732727050781,142.55999755859375,9261.1044921875,183.9698944091797
2019-11-02,61.48180389404297,135.68701171875,89.5719985961914,107.27476501464844,63.09104537963867,192.1123809814453,5.03823709487915,215.8300018310547,40.02776336669922,25.768539428710938,21.976816177368164,84.838623046875,72.26546478271484,278.4026794433594,191.24021911621094,145.79025268554688,116.30732727050781,142.55999755859375,9324.7177734375,183.92572021484375
2019-11-03,61.48180389404297,135.68701171875,89.5719985961914,107.27476501464844,63.09104537963867,192.1123809814453,5.03823709487915,215.8300018310547,40.02776336669922,25.768539428710938,21.976816177368164,84.838623046875,72.26546478271484,278.4026794433594,191.24021911621094,145.79025268554688,116.30732727050781,142.55999755859375,9235.3544921875,182.42501831054688
2019-11-04,61.88556671142578,136.47059631347656,90.23300170898438,108.13095092773438,63.95193099975586,193.20384216308594,5.234951496124268,217.97999572753906,40.23577117919922,25.98976707458496,22.692325592041016,84.57926940917969,73.10325622558594,279.5212097167969,192.42308044433594,146.57403564453125,114.77657318115234,142.14999389648438,9412.6123046875,186.35519409179688
2019-11-05,61.7966423034668,136.38565063476562,90.08550262451172,108.3659896850586,64.04268646240234,192.8069610595703,5.21281623840332,220.8800048828125,40.1884880065918,26.08710289001465,22.72198486328125,83.98011016845703,73.25638580322266,279.2120056152344,192.52880859375,146.75845336914062,113.48566436767578,139.85000610351562,9342.52734375,189.30416870117188
2019-11-06,61.82307052612305,136.00799560546875,89.78849792480469,108.53385925292969,64.0213623046875,190.0585479736328,5.163577556610107,222.0,40.169593811035156,26.219837188720703,22.258573532104492,84.26628875732422,73.30142211914062,279.27569580078125,192.0961151123047,145.91014099121094,114.17244720458984,140.4499969482422,9360.8798828125,191.59384155273438
2019-11-07,62.536590576171875,136.19679260253906,89.41000366210938,109.1214370727539,64.81133270263672,188.9373321533203,5.181234359741211,222.74000549316406,40.48632049560547,26.41452407836914,22.59223175048828,84.4541015625,73.55364227294922,280.2578430175781,192.74038696289062,146.29739379882812,112.10389709472656,138.27000427246094,9267.5615234375,187.97654724121094
2019-11-08,62.70774841308594,137.8018035888672,89.29399871826172,109.44039916992188,64.91348266601562,189.35401916503906,5.167306423187256,221.30999755859375,40.7132568359375,26.405677795410156,22.499549865722656,85.07111358642578,73.65274047851562,280.9490051269531,193.5096893310547,146.6938934326172,111.63226318359375,137.38999938964844,8804.880859375,184.2114715576172
2019-11-09,62.70774841308594,137.8018035888672,89.29399871826172,109.44039916992188,64.91348266601562,189.35401916503906,5.167306423187256,221.30999755859375,40.7132568359375,26.405677795410156,22.499549865722656,85.07111358642578,73.65274047851562,280.9490051269531,193.5096893310547,146.6938934326172,111.63226318359375,137.38999938964844,8813.58203125,185.02871704101562
2019-11-10,62.70774841308594,137.8018035888672,89.29399871826172,109.44039916992188,64.91348266601562,189.35401916503906,5.167306423187256,221.30999755859375,40.7132568359375,26.405677795410156,22.499549865722656,85.07111358642578,73.65274047851562,280.9490051269531,193.5096893310547,146.6938934326172,111.63226318359375,137.38999938964844,9055.5263671875,189.47727966308594
2019-11-11,63.20431900024414,137.9434051513672,88.5824966430664,109.05428314208984,64.38188934326172,188.13363647460938,5.177254676818848,220.85000610351562,40.73215866088867,26.33487892150879,22.37350082397461,84.72236633300781,73.68878936767578,280.41241455078125,193.2500457763672,146.4172821044922,111.70674133300781,137.05999755859375,8757.7880859375,185.48963928222656
2019-11-12,63.14646911621094,138.8497772216797,88.9000015258789,108.41635131835938,64.32882690429688,192.95578002929688,5.21281623840332,220.88999938964844,40.86925506591797,26.370275497436523,22.258573532104492,85.23210144042969,73.6797866821289,281.0035705566406,193.80776977539062,146.46339416503906,112.2197036743164,137.42999267578125,8815.662109375,186.84341430664062
2019-11-13,63.75153350830078,139.07635498046875,87.65550231933594,107.8455581665039,64.27774047851562,191.6857452392578,5.186954498291016,219.77000427246094,40.959083557128906,26.202146530151367,22.162181854248047,85.3304672241211,73.37350463867188,281.094482421875,193.85586547851562,145.8363494873047,112.9478759765625,137.97999572753906,8808.2626953125,188.2587432861328
2019-11-14,63.31039810180664,139.78439331054688,87.7300033569336,107.94628143310547,64.92092895507812,191.6460723876953,5.217294216156006,219.36000061035156,40.91181182861328,26.255237579345703,22.10286521911621,85.33940887451172,73.60771179199219,281.50360107421875,193.70204162597656,145.79025268554688,114.11459350585938,138.55999755859375,8708.0947265625,185.9996337890625
2019-11-15,64.06246185302734,141.58766174316406,86.97450256347656,108.72691345214844,66.13043212890625,193.5808868408203,5.078026294708252,219.74000549316406,41.24272155761719,26.326032638549805,22.273401260375977,87.15475463867188,74.14822387695312,283.5406799316406,195.12521362304688,146.54637145996094,113.99050903320312,138.2100067138672,8491.9921875,180.52117919921875
2019-11-16,64.06246185302734,141.58766174316406,86.97450256347656,108.72691345214844,66.13043212890625,193.5808868408203,5.078026294708252,219.74000549316406,41.24272155761719,26.326032638549805,22.273401260375977,87.15475463867188,74.14822387695312,283.5406799316406,195.12521362304688,146.54637145996094,113.99050903320312,138.2100067138672,8550.7607421875,183.34835815429688
2019-11-17,64.06246185302734,141.58766174316406,86.97450256347656,108.72691345214844,66.13043212890625,193.5808868408203,5.078026294708252,219.74000549316406,41.24272155761719,26.326032638549805,22.273401260375977,87.15475463867188,74.14822387695312,283.5406799316406,195.12521362304688,146.54637145996094,113.99050903320312,138.2100067138672,8577.9755859375,185.11923217773438
2019-11-18,64.38545227050781,141.93695068359375,87.62650299072266,109.64186096191406,65.45104217529297,195.8629608154297,5.279218673706055,219.35000610351562,41.36565017700195,26.379131317138672,22.002769470214844,86.8596420288086,73.86894226074219,283.7499084472656,195.2790985107422,146.17755126953125,114.1973648071289,138.6199951171875,8309.2861328125,180.55960083007812
2019-11-19,64.19023895263672,141.9841766357422,87.6395034790039,109.6082992553711,65.0915298461914,197.7680206298828,5.172530174255371,219.02999877929688,41.446006774902344,26.43222427368164,21.67652702331543,87.44985961914062,73.805908203125,283.6680908203125,195.5675811767578,146.72157287597656,115.14893341064453,138.69000244140625,8206.1455078125,177.45555114746094
2019-11-20,63.44295120239258,141.73785400390625,87.27649688720703,108.81085205078125,64.5594253540039,195.97210693359375,5.251862525939941,217.47999572753906,41.19544982910156,26.308330535888672,21.895263671875,87.33361053466797,73.22035217285156,282.6130676269531,194.39437866210938,146.16831970214844,116.34048461914062,138.75999450683594,8027.26806640625,175.69834899902344
2019-11-21,63.158512115478516,141.6052703857422,86.7354965209961,109.06266784667969,64.47412109375,196.3888702392578,5.226994514465332,216.6300048828125,40.98744583129883,26.281789779663086,22.254867553710938,87.55717468261719,73.19331359863281,282.158447265625,193.961669921875,145.4490509033203,115.6123275756836,138.0,7642.75,161.4627227783203
2019-11-22,63.103057861328125,141.70948791503906,87.28600311279297,109.7845458984375,64.15328216552734,197.27194213867188,5.244650840759277,217.9600067138672,40.93545150756836,26.476463317871094,22.180721282958984,87.87015533447266,73.57169342041016,282.78594970703125,194.08665466308594,145.90089416503906,115.7612075805664,137.74000549316406,7296.57763671875,150.26817321777344
2019-11-23,63.103057861328125,141.70948791503906,87.28600311279297,109.7845458984375,64.15328216552734,197.27194213867188,5.244650840759277,217.9600067138672,40.93545150756836,26.476463317871094,22.180721282958984,87.87015533447266,73.57169342041016,282.78594970703125,194.08665466308594,145.90089416503906,115.7612075805664,137.74000549316406,7397.796875,153.41778564453125
2019-11-24,63.103057861328125,141.70948791503906,87.28600311279297,109.7845458984375,64.15328216552734,197.27194213867188,5.244650840759277,217.9600067138672,40.93545150756836,26.476463317871094,22.180721282958984,87.87015533447266,73.57169342041016,282.78594970703125,194.08665466308594,145.90089416503906,115.7612075805664,137.74000549316406,7047.9169921875,142.83470153808594
2019-11-25,64.20950317382812,143.2630615234375,88.69200134277344,110.37214660644531,64.74687194824219,198.23435974121094,5.50130033493042,219.05999755859375,41.53111267089844,26.644601821899414,22.202960968017578,88.89857482910156,74.1031723022461,284.9775695800781,196.38494873046875,148.999267578125,116.10047912597656,137.0800018310547,7146.1337890625,146.47653198242188
2019-11-26,63.708126068115234,144.0209197998047,89.84700012207031,110.52323150634766,65.11185455322266,197.42074584960938,5.396600723266602,218.89999389648438,41.56892776489258,26.618051528930664,21.99906349182129,88.82701110839844,74.31937408447266,285.623291015625,196.760009765625,149.10072326660156,116.7790298461914,137.74000549316406,7218.37109375,148.96507263183594
2019-11-27,64.56385040283203,144.29563903808594,90.92549896240234,110.85057830810547,65.06871032714844,200.42715454101562,5.431441783905029,220.5,41.80057144165039,26.724245071411133,22.054672241210938,89.2831039428711,74.24727630615234,286.8963928222656,198.13514709472656,150.1519775390625,116.43978118896484,137.00999450683594,7531.66357421875,153.01055908203125
2019-11-28,64.56385040283203,144.29563903808594,90.92549896240234,110.85057830810547,65.06871032714844,200.42715454101562,5.431441783905029,220.5,41.80057144165039,26.724245071411133,22.054672241210938,89.2831039428711,74.24727630615234,286.8963928222656,198.13514709472656,150.1519775390625,116.43978118896484,137.00999450683594,7463.10595703125,151.7175750732422
2019-11-29,64.421630859375,143.4051971435547,90.04000091552734,110.59876251220703,64.66999816894531,200.06997680664062,5.394111633300781,220.3000030517578,41.67765426635742,26.679994583129883,21.83223533630371,88.9701156616211,73.90497589111328,285.8324279785156,197.23121643066406,149.17446899414062,116.19153594970703,137.86000061035156,7761.24365234375,155.3041534423828
2019-11-30,64.421630859375,143.4051971435547,90.04000091552734,110.59876251220703,64.66999816894531,200.06997680664062,5.394111633300781,220.3000030517578,41.67765426635742,26.679994583129883,21.83223533630371,88.9701156616211,73.90497589111328,285.8324279785156,197.23121643066406,149.17446899414062,116.19153594970703,137.86000061035156,7569.6298828125,152.53968811035156
2019-12-01,64.421630859375,143.4051971435547,90.04000091552734,110.59876251220703,64.66999816894531,200.06997680664062,5.394111633300781,220.3000030517578,41.67765426635742,26.679994583129883,21.83223533630371,88.9701156616211,73.90497589111328,285.8324279785156,197.23121643066406,149.17446899414062,116.19153594970703,137.86000061035156,7424.29248046875,151.18572998046875
2019-12-02,63.67676544189453,141.67153930664062,89.08000183105469,110.35533905029297,63.91474914550781,198.1450653076172,5.207703590393066,220.3300018310547,41.08199691772461,26.51186180114746,21.83223533630371,88.5766372680664,72.68885803222656,283.40435791015625,195.2117919921875,147.717529296875,114.642333984375,137.7899932861328,7321.98828125,149.0591583251953
2019-12-03,62.54139709472656,141.4442138671875,88.49800109863281,108.93677520751953,64.2063217163086,197.27194213867188,5.16813325881958,218.0800018310547,40.717979431152344,26.14020538330078,21.505990982055664,88.37991333007812,71.8961181640625,281.50360107421875,193.68276977539062,147.24720764160156,117.04608154296875,139.11000061035156,7320.1455078125,147.9564208984375
2019-12-04,63.09344482421875,141.95579528808594,88.03450012207031,111.08561706542969,65.40641784667969,197.1627655029297,5.211934566497803,218.39999389648438,40.883453369140625,26.387975692749023,21.82853126525879,89.2026138305664,72.17536926269531,283.2406005859375,194.66363525390625,148.26156616210938,115.87735748291016,138.9199981689453,7252.03466796875,146.74774169921875
2019-12-05,64.01909637451172,142.03158569335938,87.02400207519531,111.68997955322266,65.80412292480469,197.80772399902344,5.19501256942749,219.60000610351562,41.034725189208984,26.51186180114746,21.7247257232666,89.2026138305664,72.19340515136719,283.7499084472656,195.04832458496094,148.40908813476562,115.313720703125,139.0,7448.3076171875,149.24899291992188
2019-12-06,65.25568389892578,143.7556915283203,87.58000183105469,113.35197448730469,66.4205322265625,199.4845733642578,5.280375003814697,222.61000061035156,41.48855972290039,26.865827560424805,22.139944076538086,89.7928237915039,73.06719970703125,286.34173583984375,197.135009765625,150.14273071289062,114.6755142211914,137.6199951171875,7546.99658203125,149.19444274902344
2019-12-07,65.25568389892578,143.7556915283203,87.58000183105469,113.35197448730469,66.4205322265625,199.4845733642578,5.280375003814697,222.61000061035156,41.48855972290039,26.865827560424805,22.139944076538086,89.7928237915039,73.06719970703125,286.34173583984375,197.135009765625,150.14273071289062,114.6755142211914,137.6199951171875,7556.23779296875,148.76815795898438
2019-12-08,65.25568389892578,143.7556915283203,87.58000183105469,113.35197448730469,66.4205322265625,199.4845733642578,5.280375003814697,222.61000061035156,41.48855972290039,26.865827560424805,22.139944076538086,89.7928237915039,73.06719970703125,286.34173583984375,197.135009765625,150.14273071289062,114.6755142211914,137.6199951171875,7564.34521484375,151.2647247314453
2019-12-09,64.34209442138672,143.38624572753906,87.47550201416016,112.82316589355469,66.59906005859375,199.7722930908203,5.280375003814697,221.3800048828125,41.27111053466797,26.803882598876953,22.113988876342773,89.1668472290039,72.78794860839844,285.4414367675781,196.24075317382812,149.85687255859375,114.9241943359375,137.5800018310547,7400.8994140625,148.2251739501953
2019-12-10,64.71813201904297,143.16830444335938,86.96050262451172,112.89869689941406,66.5940933227539,199.30593872070312,5.325422763824463,221.25999450683594,41.30419158935547,26.812726974487305,22.158479690551758,89.36357879638672,72.69786834716797,285.1230773925781,196.07725524902344,149.94906616210938,114.93244171142578,137.97000122070312,7278.11962890625,146.2670440673828
2019-12-11,65.27012634277344,143.7083282470703,87.43599700927734,112.63011932373047,66.66153717041016,200.6851348876953,5.409043788909912,222.57000732421875,41.58311080932617,26.75078773498535,22.121402740478516,89.44406127929688,73.15728759765625,285.9324951171875,197.11582946777344,149.9029998779297,115.83594512939453,138.9199981689453,7217.42724609375,143.60800170898438
2019-12-12,65.43648529052734,145.16720581054688,88.0165023803711,115.85337829589844,66.8718032836914,195.218017578125,5.576536655426025,225.9199981689453,42.027496337890625,27.272884368896484,22.529205322265625,90.2757339477539,73.805908203125,288.39691162109375,198.58706665039062,151.19393920898438,113.92948150634766,138.42999267578125,7243.13427734375,145.60400390625
2019-12-13,66.32598114013672,146.38922119140625,88.0469970703125,114.83770751953125,66.7914810180664,192.59860229492188,5.574545383453369,225.3699951171875,42.306427001953125,27.17554473876953,22.35866928100586,90.21312713623047,73.60771179199219,288.56976318359375,199.2410430908203,150.61300659179688,115.24739837646484,139.0500030517578,7269.6845703125,144.9447479248047
2019-12-14,66.32598114013672,146.38922119140625,88.0469970703125,114.83770751953125,66.7914810180664,192.59860229492188,5.574545383453369,225.3699951171875,42.306427001953125,27.17554473876953,22.35866928100586,90.21312713623047,73.60771179199219,288.56976318359375,199.2410430908203,150.61300659179688,115.24739837646484,139.0500030517578,7124.673828125,142.86923217773438
2019-12-15,66.32598114013672,146.38922119140625,88.0469970703125,114.83770751953125,66.7914810180664,192.59860229492188,5.574545383453369,225.3699951171875,42.306427001953125,27.17554473876953,22.35866928100586,90.21312713623047,73.60771179199219,288.56976318359375,199.2410430908203,150.61300659179688,115.24739837646484,139.0500030517578,7152.3017578125,143.114990234375
2019-12-16,67.46131896972656,147.33656311035156,88.46050262451172,115.28258514404297,67.47730255126953,196.37890625,5.603414535522461,226.85000610351562,42.68461608886719,27.272884368896484,22.658960342407227,91.18788146972656,73.57169342041016,290.5521545410156,201.2412109375,151.6746063232422,114.2113037109375,139.0399932861328,6932.48046875,133.61402893066406
2019-12-17,67.59391021728516,146.5408172607422,89.53299713134766,115.9876937866211,67.1891860961914,196.8452606201172,5.681562423706055,227.0500030517578,42.5853385925293,27.379077911376953,22.673786163330078,91.0895004272461,73.49960327148438,290.6159362792969,201.35662841796875,152.4335174560547,114.05382537841797,139.00999450683594,6640.51513671875,122.60388946533203
2019-12-18,67.43240356445312,146.23764038085938,89.20149993896484,115.8701400756836,67.0414047241211,200.92327880859375,5.711925506591797,225.00999450683594,42.58061599731445,27.2640380859375,22.75905990600586,91.21469116210938,73.19331359863281,290.63409423828125,201.51046752929688,152.729736328125,113.11717224121094,139.02000427246094,7276.802734375,133.09219360351562
2019-12-19,67.49990844726562,147.50706481933594,89.61399841308594,115.29100799560547,67.26604461669922,204.45555114746094,5.860004425048828,225.2100067138672,42.88790512084961,27.255189895629883,22.75164031982422,91.57241821289062,73.3915023803711,291.8254089355469,202.77023315429688,153.3867950439453,113.29815673828125,139.3800048828125,7202.84423828125,129.32113647460938
2019-12-20,67.3600845336914,149.11746215820312,89.32499694824219,115.19865417480469,67.0071792602539,204.69366455078125,5.957315444946289,226.30999755859375,43.13690948486328,27.287212371826172,22.969884872436523,92.2207260131836,73.72920227050781,293.1047668457031,203.58761596679688,153.60891723632812,113.44761657714844,139.52000427246094,7218.81640625,129.06605529785156
2019-12-21,67.3600845336914,149.11746215820312,89.32499694824219,115.19865417480469,67.0071792602539,204.69366455078125,5.957315444946289,226.30999755859375,43.13690948486328,27.287212371826172,22.969884872436523,92.2207260131836,73.72920227050781,293.1047668457031,203.58761596679688,153.60891723632812,113.44761657714844,139.52000427246094,7191.15869140625,128.13095092773438
2019-12-22,67.3600845336914,149.11746215820312,89.32499694824219,115.19865417480469,67.0071792602539,204.69366455078125,5.957315444946289,226.30999755859375,43.13690948486328,27.287212371826172,22.969884872436523,92.2207260131836,73.72920227050781,293.1047668457031,203.58761596679688,153.60891723632812,113.44761657714844,139.52000427246094,7511.5888671875,132.3725128173828
2019-12-23,68.45928955078125,149.11746215820312,89.6500015258789,115.16512298583984,66.97792053222656,204.5745849609375,5.94362735748291,225.47999572753906,43.26022720336914,27.224945068359375,23.20572280883789,92.58889770507812,74.33573913574219,293.5525817871094,204.12539672851562,153.91439819335938,113.28157806396484,139.9499969482422,7355.62841796875,128.6140899658203
2019-12-24,68.52436828613281,149.08909606933594,89.46050262451172,115.48406982421875,66.67046356201172,203.5228729248047,5.9386491775512695,225.47000122070312,43.27445602416992,27.287212371826172,23.194494247436523,92.47216033935547,74.03700256347656,293.5617370605469,204.23138427734375,154.2660369873047,113.60530090332031,141.27000427246094,7322.5322265625,129.0638885498047
2019-12-25,68.52436828613281,149.08909606933594,89.46050262451172,115.48406982421875,66.67046356201172,203.5228729248047,5.9386491775512695,225.47000122070312,43.27445602416992,27.287212371826172,23.194494247436523,92.47216033935547,74.03700256347656,293.5617370605469,204.23138427734375,154.2660369873047,113.60530090332031,141.27000427246094,7275.15576171875,126.45463562011719
2019-12-26,69.88390350341797,150.31114196777344,93.4384994506836,116.70955657958984,67.56507110595703,206.17208862304688,5.952834606170654,226.4499969482422,43.59697723388672,27.43840980529785,23.1870059967041,92.40930938720703,74.20903015136719,295.12445068359375,206.03350830078125,154.2660369873047,113.87933349609375,142.3800048828125,7238.966796875,126.36122131347656
2019-12-27,69.85737609863281,150.58584594726562,93.48999786376953,116.79350280761719,67.17679595947266,206.47964477539062,5.895097732543945,226.13999938964844,43.59223556518555,27.36725616455078,23.089675903320312,92.43624114990234,74.14563751220703,295.05126953125,205.86004638671875,153.5071258544922,114.00386047363281,142.3300018310547,7290.08837890625,127.21460723876953
2019-12-28,69.85737609863281,150.58584594726562,93.48999786376953,116.79350280761719,67.17679595947266,206.47964477539062,5.895097732543945,226.13999938964844,43.59223556518555,27.36725616455078,23.089675903320312,92.43624114990234,74.14563751220703,295.05126953125,205.86004638671875,153.5071258544922,114.00386047363281,142.3300018310547,7317.990234375,128.3227081298828
2019-12-29,69.85737609863281,150.58584594726562,93.48999786376953,116.79350280761719,67.17679595947266,206.47964477539062,5.895097732543945,226.13999938964844,43.59223556518555,27.36725616455078,23.089675903320312,92.43624114990234,74.14563751220703,295.05126953125,205.86004638671875,153.5071258544922,114.00386047363281,142.3300018310547,7422.65283203125,134.7579803466797
2019-12-30,70.2719955444336,149.28807067871094,92.34449768066406,116.36541748046875,66.43640899658203,202.81838989257812,5.781857967376709,225.75999450683594,43.340850830078125,27.287212371826172,23.016809463500977,91.88129425048828,73.80160522460938,293.42462158203125,204.5109100341797,153.1184539794922,113.5887451171875,142.6300048828125,7292.9951171875,132.63348388671875
2019-12-31,70.78543853759766,149.39222717285156,92.39199829101562,117.01176452636719,66.4205322265625,203.65184020996094,5.856022834777832,226.5,43.4783935546875,27.376150131225586,23.14789390563965,92.06205749511719,73.75634002685547,294.13751220703125,204.89633178710938,153.33126831054688,112.47624969482422,142.89999389648438,7193.59912109375,129.61085510253906
2020-01-01,70.78543853759766,149.39222717285156,92.39199829101562,117.01176452636719,66.4205322265625,203.65184020996094,5.856022834777832,226.5,43.4783935546875,27.376150131225586,23.14789390563965,92.06205749511719,73.75634002685547,294.13751220703125,204.89633178710938,153.33126831054688,112.47624969482422,142.89999389648438,7200.17431640625,130.802001953125
2020-01-02,72.40052795410156,152.1583709716797,94.90049743652344,118.43035125732422,67.87303161621094,208.14657592773438,5.9707536697387695,228.38999938964844,44.294189453125,27.64297103881836,23.3560848236084,92.30609893798828,75.15054321289062,296.88818359375,208.3175506591797,153.43307495117188,113.74647521972656,143.9499969482422,6985.47021484375,127.4101791381836
2020-01-03,71.69666290283203,150.26377868652344,93.74849700927734,116.86747741699219,67.51795959472656,207.0452117919922,5.875186920166016,226.17999267578125,43.79617691040039,27.349468231201172,23.28668975830078,91.5016860961914,75.00569915771484,294.6401062011719,206.40940856933594,152.83151245117188,115.49815368652344,145.86000061035156,7344.88427734375,134.1717071533203
2020-01-04,71.69666290283203,150.26377868652344,93.74849700927734,116.86747741699219,67.51795959472656,207.0452117919922,5.875186920166016,226.17999267578125,43.79617691040039,27.349468231201172,23.28668975830078,91.5016860961914,75.00569915771484,294.6401062011719,206.40940856933594,152.83151245117188,115.49815368652344,145.86000061035156,7410.65673828125,135.06936645507812
2020-01-05,71.69666290283203,150.26377868652344,93.74849700927734,116.86747741699219,67.51795959472656,207.0452117919922,5.875186920166016,226.17999267578125,43.79617691040039,27.349468231201172,23.28668975830078,91.5016860961914,75.00569915771484,294.6401062011719,206.40940856933594,152.83151245117188,115.49815368652344,145.86000061035156,7411.3173828125,136.2767791748047
2020-01-06,72.2679214477539,150.6521759033203,95.14399719238281,116.77452087402344,69.31759643554688,210.9446258544922,5.899824619293213,226.99000549316406,43.900516510009766,27.33167839050293,23.46788787841797,92.07109832763672,75.03284454345703,295.76416015625,207.73936462402344,153.03509521484375,114.84236145019531,147.38999938964844,7769.21923828125,144.3041534423828
2020-01-07,71.92807006835938,149.27854919433594,95.34300231933594,114.7893295288086,69.18370056152344,211.40103149414062,5.971253395080566,225.9199981689453,43.88154220581055,27.15379524230957,23.40620994567871,91.89032745361328,74.87893676757812,294.9325866699219,207.7104034423828,152.52606201171875,114.2778091430664,147.97000122070312,8163.6923828125,143.5439910888672
2020-01-08,73.08511352539062,151.65631103515625,94.59850311279297,115.68477630615234,69.67613983154297,213.54421997070312,5.982452869415283,225.99000549316406,44.35110092163086,27.33167839050293,23.020668029785156,92.48686981201172,75.13243865966797,296.5043029785156,209.2716064453125,152.9980926513672,113.52233123779297,146.86000061035156,8079.86279296875,141.2581329345703
2020-01-09,74.63748931884766,153.55096435546875,95.05249786376953,116.10716247558594,70.40760040283203,216.6002197265625,6.048154830932617,228.64999389648438,44.85384750366211,27.500667572021484,23.190305709838867,92.88452911376953,75.44928741455078,298.514892578125,211.04489135742188,153.18319702148438,113.92081451416016,146.02999877929688,7879.0712890625,138.9792022705078
2020-01-10,74.80622863769531,152.8404998779297,94.15799713134766,114.94979095458984,70.86231994628906,216.36212158203125,6.080508232116699,226.6199951171875,44.74950408935547,27.296096801757812,23.059219360351562,92.9116439819336,74.91516876220703,297.6558532714844,210.50521850585938,152.6094207763672,114.9336929321289,146.91000366210938,8166.55419921875,143.96377563476562
2020-01-11,74.80622863769531,152.8404998779297,94.15799713134766,114.94979095458984,70.86231994628906,216.36212158203125,6.080508232116699,226.6199951171875,44.74950408935547,27.296096801757812,23.059219360351562,92.9116439819336,74.91516876220703,297.6558532714844,210.50521850585938,152.6094207763672,114.9336929321289,146.91000366210938,8037.53759765625,142.92710876464844
2020-01-12,74.80622863769531,152.8404998779297,94.15799713134766,114.94979095458984,70.86231994628906,216.36212158203125,6.080508232116699,226.6199951171875,44.74950408935547,27.296096801757812,23.059219360351562,92.9116439819336,74.91516876220703,297.6558532714844,210.50521850585938,152.6094207763672,114.9336929321289,146.91000366210938,8192.494140625,145.87393188476562
2020-01-13,76.4044189453125,154.67828369140625,94.56500244140625,115.90447235107422,71.41129302978516,220.18212890625,6.27114725112915,228.4499969482422,45.309165954589844,27.48287582397461,23.066932678222656,92.5862808227539,75.53077697753906,299.70294189453125,212.93374633789062,153.59967041015625,114.58502197265625,145.82000732421875,8144.1943359375,144.22659301757812
2020-01-14,75.37271118164062,153.58888244628906,93.47200012207031,117.256103515625,70.94316101074219,217.35433959960938,6.154175281524658,227.1699981689453,45.09574890136719,27.429515838623047,23.070783615112305,93.14664459228516,75.53982543945312,299.2459411621094,212.09530639648438,154.16424560546875,115.17440795898438,145.69000244140625,8827.7646484375,165.95535278320312
2020-01-15,75.0497055053711,154.58351135253906,93.10099792480469,115.4989013671875,71.37012481689453,219.42803955078125,6.1116180419921875,228.35000610351562,45.14790344238281,27.27830696105957,22.90114974975586,93.95101928710938,75.65752410888672,299.92230224609375,212.18203735351562,154.90469360351562,115.9382095336914,146.5399932861328,8807.0107421875,166.23068237304688
2020-01-16,75.98979949951172,157.41603088378906,93.89700317382812,115.9466781616211,71.91364288330078,220.043212890625,6.195240020751953,229.72999572753906,45.755001068115234,27.518455505371094,22.939699172973633,94.43909454345703,76.40892791748047,302.4170227050781,214.21548461914062,156.90380859375,115.57299041748047,146.30999755859375,8723.7861328125,164.39100646972656
2020-01-17,76.83109283447266,158.2969970703125,93.23600006103516,116.74921417236328,73.3696060180664,220.41033935546875,6.20395040512085,230.1999969482422,46.06330108642578,27.59850311279297,22.793193817138672,94.43909454345703,76.41798400878906,303.35833740234375,215.2755889892578,156.47808837890625,114.58502197265625,146.5800018310547,8929.0380859375,170.7799530029297
2020-01-18,76.83109283447266,158.2969970703125,93.23600006103516,116.74921417236328,73.3696060180664,220.41033935546875,6.20395040512085,230.1999969482422,46.06330108642578,27.59850311279297,22.793193817138672,94.43909454345703,76.41798400878906,303.35833740234375,215.2755889892578,156.47808837890625,114.58502197265625,146.5800018310547,8942.80859375,175.3656768798828
2020-01-19,76.83109283447266,158.2969970703125,93.23600006103516,116.74921417236328,73.3696060180664,220.41033935546875,6.20395040512085,230.1999969482422,46.06330108642578,27.59850311279297,22.793193817138672,94.43909454345703,76.41798400878906,303.35833740234375,215.2755889892578,156.47808837890625,114.58502197265625,146.5800018310547,8706.2451171875,166.9698486328125
2020-01-20,76.83109283447266,158.2969970703125,93.23600006103516,116.74921417236328,73.3696060180664,220.41033935546875,6.20395040512085,230.1999969482422,46.06330108642578,27.59850311279297,22.793193817138672,94.43909454345703,76.41798400878906,303.35833740234375,215.2755889892578,156.47808837890625,114.58502197265625,146.5800018310547,8657.642578125,167.12051391601562
2020-01-21,76.3104248046875,157.7286376953125,94.5999984741211,115.60031127929688,73.5049819946289,219.7158203125,6.170600891113281,228.6300048828125,46.04432678222656,27.36725616455078,22.384523391723633,94.53848266601562,75.5760269165039,302.7642822265625,215.17922973632812,155.18235778808594,115.78877258300781,146.74000549316406,8745.89453125,169.69715881347656
2020-01-22,76.58280944824219,156.97076416015625,94.37300109863281,115.46510314941406,73.58531951904297,219.5967254638672,6.224605560302734,229.5399932861328,46.210323333740234,27.447298049926758,22.168615341186523,94.65599060058594,75.17772674560547,302.8009033203125,215.7478485107422,155.08047485351562,116.19554138183594,146.7899932861328,8680.8759765625,168.29415893554688
2020-01-23,76.95161437988281,157.93702697753906,94.22899627685547,115.34685516357422,73.62598419189453,218.04885864257812,6.293047904968262,229.3800048828125,46.42850112915039,27.376150131225586,22.08380126953125,94.1769790649414,75.99249267578125,303.1482238769531,216.44168090820312,154.9787139892578,117.0091781616211,147.1199951171875,8406.515625,162.92855834960938
2020-01-24,76.72985076904297,156.34555053710938,93.08200073242188,112.48306274414062,72.70758056640625,216.24301147460938,6.233814716339111,226.86000061035156,46.210323333740234,27.02927589416504,21.829345703125,92.60435485839844,75.63941192626953,300.45220947265625,214.62026977539062,153.0721435546875,117.9555892944336,147.97999572753906,8445.4345703125,163.05117797851562
2020-01-25,76.72985076904297,156.34555053710938,93.08200073242188,112.48306274414062,72.70758056640625,216.24301147460938,6.233814716339111,226.86000061035156,46.210323333740234,27.02927589416504,21.829345703125,92.60435485839844,75.63941192626953,300.45220947265625,214.62026977539062,153.0721435546875,117.9555892944336,147.97999572753906,8367.84765625,161.283935546875
2020-01-26,76.72985076904297,156.34555053710938,93.08200073242188,112.48306274414062,72.70758056640625,216.24301147460938,6.233814716339111,226.86000061035156,46.210323333740234,27.02927589416504,21.829345703125,92.60435485839844,75.63941192626953,300.45220947265625,214.62026977539062,153.0721435546875,117.9555892944336,147.97999572753906,8596.830078125,168.0771026611328
2020-01-27,74.47357940673828,153.73098754882812,91.41699981689453,111.5368881225586,70.99967956542969,213.19692993164062,5.977972984313965,222.4499969482422,45.1099739074707,26.611249923706055,21.224042892456055,91.89936828613281,74.20903015136719,295.63616943359375,210.18716430664062,151.33216857910156,119.79033660888672,148.99000549316406,8909.8193359375,170.93089294433594
2020-01-28,76.58036804199219,156.743408203125,92.6624984741211,113.56436157226562,71.93049621582031,216.0941925048828,6.171347618103027,224.02999877929688,45.973175048828125,26.922548294067383,21.32042694091797,92.35128784179688,74.6888198852539,298.7342529296875,213.4156494140625,152.5908660888672,118.85225677490234,147.66000366210938,9358.58984375,176.3703155517578
2020-01-29,78.18341064453125,159.1875,92.9000015258789,113.3953857421875,72.23795318603516,221.49185180664062,6.1108717918396,224.5,46.09175109863281,26.878080368041992,21.096813201904297,92.09821319580078,75.08716583251953,298.48736572265625,213.76258850097656,151.7208709716797,120.01445007324219,148.4600067138672,9316.6298828125,175.0503387451172
2020-01-30,78.0700912475586,163.67779541015625,93.53399658203125,114.7977523803711,72.11646270751953,207.89849853515625,6.117591857910156,227.8800048828125,46.49015426635742,27.21605110168457,21.266450881958008,91.42941284179688,75.16864013671875,299.4561462402344,214.52391052246094,151.7208709716797,120.03117370605469,148.47000122070312,9508.9931640625,184.6904754638672
2020-01-31,74.60857391357422,161.26210021972656,100.43599700927734,111.81566619873047,71.05176544189453,200.3378448486328,5.884146213531494,224.42999267578125,45.21430587768555,26.64682960510254,20.60331916809082,89.60371398925781,73.43042755126953,294.0186767578125,211.12197875976562,148.5740966796875,121.12699890136719,149.3300018310547,9350.529296875,180.16017150878906
2020-02-01,74.60857391357422,161.26210021972656,100.43599700927734,111.81566619873047,71.05176544189453,200.3378448486328,5.884146213531494,224.42999267578125,45.21430587768555,26.64682960510254,20.60331916809082,89.60371398925781,73.43042755126953,294.0186767578125,211.12197875976562,148.5740966796875,121.12699890136719,149.3300018310547,9392.875,183.6739501953125
2020-02-02,74.60857391357422,161.26210021972656,100.43599700927734,111.81566619873047,71.05176544189453,200.3378448486328,5.884146213531494,224.42999267578125,45.21430587768555,26.64682960510254,20.60331916809082,89.60371398925781,73.43042755126953,294.0186767578125,211.12197875976562,148.5740966796875,121.12699890136719,149.3300018310547,9344.365234375,188.61753845214844
2020-02-03,74.40367126464844,165.1935577392578,100.20999908447266,112.66886901855469,73.52233123779297,202.60011291503906,5.981206893920898,223.47000122070312,45.81191635131836,26.83360481262207,20.33344268798828,90.4171371459961,73.40327453613281,296.2027893066406,214.31190490722656,150.2307891845703,121.02882385253906,148.36000061035156,9293.521484375,189.8650665283203
2020-02-04,76.8599853515625,170.631103515625,102.4834976196289,114.29087829589844,71.67808532714844,208.19619750976562,6.150443077087402,225.0800018310547,47.01188659667969,27.09153938293457,20.40669822692871,92.0078353881836,74.78841400146484,300.7172546386719,219.2172393798828,152.49830627441406,119.39899444580078,146.42999267578125,9180.962890625,189.25059509277344
2020-02-05,77.48675537109375,170.42269897460938,101.99349975585938,116.23390197753906,71.70982360839844,208.47398376464844,6.240784168243408,228.64999389648438,47.28697204589844,27.634077072143555,21.173921585083008,93.779296875,76.03775787353516,304.1899719238281,219.9399871826172,154.84912109375,118.09339904785156,146.61000061035156,9613.423828125,204.23023986816406
2020-02-06,78.39312744140625,173.95626831054688,102.5114974975586,116.25078582763672,73.19355010986328,209.20823669433594,6.327641487121582,229.61000061035156,47.71857452392578,27.59850311279297,20.95802116394043,93.86062622070312,76.28217315673828,305.2135314941406,221.83853149414062,154.4974365234375,118.62564849853516,147.39999389648438,9729.8017578125,212.33908081054688
2020-02-07,77.32754516601562,174.20249938964844,103.96399688720703,115.87907409667969,73.3492660522461,210.67672729492188,6.261440753936768,227.3800048828125,47.282222747802734,27.500667572021484,20.811511993408203,93.1285629272461,75.72996520996094,303.5868225097656,220.88446044921875,152.60011291503906,120.10582733154297,147.7899932861328,9795.943359375,222.72605895996094
2020-02-08,77.32754516601562,174.20249938964844,103.96399688720703,115.87907409667969,73.3492660522461,210.67672729492188,6.261440753936768,227.3800048828125,47.282222747802734,27.500667572021484,20.811511993408203,93.1285629272461,75.72996520996094,303.5868225097656,220.88446044921875,152.60011291503906,120.10582733154297,147.7899932861328,9865.119140625,223.14651489257812
2020-02-09,77.32754516601562,174.20249938964844,103.96399688720703,115.87907409667969,73.3492660522461,210.67672729492188,6.261440753936768,227.3800048828125,47.282222747802734,27.500667572021484,20.811511993408203,93.1285629272461,75.72996520996094,303.5868225097656,220.88446044921875,152.60011291503906,120.10582733154297,147.7899932861328,10116.673828125,228.5785675048828
2020-02-10,77.6948013305664,178.7591094970703,106.69550323486328,116.36062622070312,74.81464385986328,211.40103149414062,6.544661521911621,227.11000061035156,47.92251205444336,27.580713272094727,20.707416534423828,93.62567138671875,76.15544891357422,305.853271484375,223.553955078125,153.4608154296875,120.43846130371094,148.1699981689453,9856.611328125,223.522705078125
2020-02-11,77.22603607177734,174.72354125976562,107.54000091552734,116.58026123046875,74.88407897949219,205.57676696777344,6.667105674743652,227.3300018310547,47.761253356933594,27.678544998168945,20.938745498657227,94.18600463867188,76.44515228271484,306.38323974609375,223.59251403808594,154.5252227783203,119.83140563964844,147.66000366210938,10208.236328125,235.8511962890625
2020-02-12,79.06000518798828,174.9793243408203,108.0,116.58026123046875,75.30906677246094,209.1189422607422,6.782833576202393,227.44000244140625,48.27824020385742,27.696338653564453,21.220182418823242,94.3034896850586,77.16035461425781,308.3572692871094,225.77052307128906,155.58953857421875,119.22437286376953,147.5399932861328,10326.0546875,265.4061279296875
2020-02-13,78.49700927734375,174.03204345703125,107.49349975585938,116.4789047241211,75.04922485351562,211.48043823242188,6.739029884338379,226.47000122070312,48.150184631347656,27.68744468688965,21.154640197753906,93.86062622070312,76.72581481933594,308.02825927734375,225.4813995361328,155.99679565429688,119.68172454833984,148.3800048828125,10214.3798828125,268.0992431640625
2020-02-14,78.51634216308594,175.58558654785156,106.74349975585938,116.12409210205078,75.31403350830078,212.51229858398438,7.212141990661621,226.8000030517578,48.358863830566406,27.7230167388916,21.042835235595703,93.93295288085938,76.62620544433594,308.5217590332031,226.1270751953125,155.39520263671875,120.20558166503906,149.0,10312.1162109375,284.2174987792969
2020-02-15,78.51634216308594,175.58558654785156,106.74349975585938,116.12409210205078,75.31403350830078,212.51229858398438,7.212141990661621,226.8000030517578,48.358863830566406,27.7230167388916,21.042835235595703,93.93295288085938,76.62620544433594,308.5217590332031,226.1270751953125,155.39520263671875,120.20558166503906,149.0,9889.4248046875,264.72857666015625
2020-02-16,78.51634216308594,175.58558654785156,106.74349975585938,116.12409210205078,75.31403350830078,212.51229858398438,7.212141990661621,226.8000030517578,48.358863830566406,27.7230167388916,21.042835235595703,93.93295288085938,76.62620544433594,308.5217590332031,226.1270751953125,155.39520263671875,120.20558166503906,149.0,9934.43359375,259.89471435546875
2020-02-17,78.51634216308594,175.58558654785156,106.74349975585938,116.12409210205078,75.31403350830078,212.51229858398438,7.212141990661621,226.8000030517578,48.358863830566406,27.7230167388916,21.042835235595703,93.93295288085938,76.62620544433594,308.5217590332031,226.1270751953125,155.39520263671875,120.20558166503906,149.0,9690.142578125,266.3634338378906
2020-02-18,77.07865905761719,177.3665313720703,107.78350067138672,114.58655548095703,75.3492431640625,216.10414123535156,7.380878925323486,226.77000427246094,48.17864227294922,27.48287582397461,20.869342803955078,93.5985336303711,76.19164276123047,307.72674560546875,226.2138214111328,155.06202697753906,121.02882385253906,150.91000366210938,10141.99609375,281.944580078125
2020-02-19,78.19497680664062,177.89854431152344,108.51100158691406,116.14942932128906,75.61851501464844,215.79653930664062,7.832088947296143,229.24000549316406,48.752532958984375,27.68744468688965,21.14693260192871,94.03236389160156,76.16448211669922,309.19793701171875,228.3822021484375,155.85791015625,121.02053833007812,151.7899932861328,9633.38671875,259.76397705078125
2020-02-20,77.39277648925781,175.18182373046875,107.65499877929688,116.14942932128906,75.22773742675781,212.90919494628906,7.682764530181885,228.1699981689453,48.24504470825195,27.634077072143555,21.12380599975586,93.42681884765625,76.05587005615234,307.9277038574219,226.26199340820312,156.23741149902344,121.96857452392578,152.41000366210938,9608.4755859375,257.949462890625
2020-02-21,75.64098358154297,169.64382934570312,104.79850006103516,114.73016357421875,73.56498718261719,208.54344177246094,7.318658828735352,229.3300018310547,47.16365051269531,27.36725616455078,20.873197555541992,93.48103332519531,75.67562866210938,304.7566223144531,221.91563415527344,154.65476989746094,123.10783386230469,154.6999969482422,9686.44140625,265.6006164550781
2020-02-22,75.64098358154297,169.64382934570312,104.79850006103516,114.73016357421875,73.56498718261719,208.54344177246094,7.318658828735352,229.3300018310547,47.16365051269531,27.36725616455078,20.873197555541992,93.48103332519531,75.67562866210938,304.7566223144531,221.91563415527344,154.65476989746094,123.10783386230469,154.6999969482422,9663.181640625,262.33172607421875
2020-02-23,75.64098358154297,169.64382934570312,104.79850006103516,114.73016357421875,73.56498718261719,208.54344177246094,7.318658828735352,229.3300018310547,47.16365051269531,27.36725616455078,20.873197555541992,93.48103332519531,75.67562866210938,304.7566223144531,221.91563415527344,154.65476989746094,123.10783386230469,154.6999969482422,9924.515625,273.754150390625
2020-02-24,72.04800415039062,162.32952880859375,100.4645004272461,111.64671325683594,70.41104125976562,199.15711975097656,6.801248550415039,221.69000244140625,45.21430587768555,26.477834701538086,19.909343719482422,90.53463745117188,73.52095794677734,294.6492004394531,213.35781860351562,149.9993896484375,124.94570922851562,156.08999633789062,9650.1748046875,265.2164306640625
2020-02-25,69.60759735107422,159.65081787109375,98.63700103759766,106.66248321533203,68.74779510498047,195.2378692626953,6.521763801574707,218.0500030517578,43.76771926879883,25.579532623291016,19.03031349182129,87.78703308105469,70.52436828613281,285.7207336425781,207.5561981201172,144.6684112548828,125.61097717285156,153.3000030517578,9341.705078125,247.81759643554688
2020-02-26,70.71182250976562,161.64559936523438,98.97949981689453,106.98350524902344,68.95359802246094,195.6645050048828,6.661133289337158,216.05999755859375,43.9669189453125,25.39275550842285,18.455860137939453,87.77802276611328,69.99021911621094,284.6697692871094,208.62594604492188,142.99319458007812,124.94570922851562,153.97000122070312,8820.5224609375,225.68026733398438
2020-02-27,66.08951568603516,150.25624084472656,94.21499633789062,102.531494140625,65.20854949951172,188.2725372314453,6.290335178375244,207.6699981689453,41.595458984375,24.30767059326172,17.4688720703125,84.7954330444336,67.39196014404297,271.8847961425781,198.1792449951172,137.95835876464844,126.3011474609375,154.0,8784.494140625,226.75338745117188
2020-02-28,66.05084228515625,153.8943634033203,94.1875,98.08790588378906,66.4135971069336,190.9713592529297,6.7253804206848145,206.33999633789062,41.91323471069336,23.649505615234375,17.453449249267578,83.70183563232422,66.16073608398438,270.74249267578125,198.33338928222656,135.43167114257812,129.15347290039062,148.3800048828125,8672.455078125,226.760498046875
2020-02-29,66.05084228515625,153.8943634033203,94.1875,98.08790588378906,66.4135971069336,190.9713592529297,6.7253804206848145,206.33999633789062,41.91323471069336,23.649505615234375,17.453449249267578,83.70183563232422,66.16073608398438,270.74249267578125,198.33338928222656,135.43167114257812,129.15347290039062,148.3800048828125,8599.5087890625,219.8485107421875
2020-03-01,66.05084228515625,153.8943634033203,94.1875,98.08790588378906,66.4135971069336,190.9713592529297,6.7253804206848145,206.33999633789062,41.91323471069336,23.649505615234375,17.453449249267578,83.70183563232422,66.16073608398438,270.74249267578125,198.33338928222656,135.43167114257812,129.15347290039062,148.3800048828125,8562.4541015625,218.97059631347656
2020-03-02,72.20023345947266,164.13436889648438,97.69750213623047,102.658203125,68.74779510498047,194.91046142578125,6.883759498596191,217.6300048828125,44.33687210083008,24.859111785888672,18.15899085998535,87.62435913085938,68.4874038696289,282.46734619140625,208.568115234375,139.78164672851562,128.20318603515625,149.1999969482422,8869.669921875,230.5697784423828
2020-03-03,69.90723419189453,156.26914978027344,95.44950103759766,98.80598449707031,66.33772277832031,184.44256591796875,6.621288776397705,208.80999755859375,42.65312957763672,23.925216674804688,17.60381507873535,85.4461669921875,66.81256103515625,274.3795471191406,201.8798828125,136.9309844970703,130.19366455078125,153.88999938964844,8787.7861328125,224.47962951660156
2020-03-04,73.14981079101562,162.00657653808594,98.79149627685547,101.2474136352539,68.51373291015625,190.2668914794922,7.084970951080322,217.86000061035156,44.4838981628418,24.71680450439453,18.020198822021484,90.37191772460938,69.57378387451172,285.91265869140625,210.3027801513672,140.82748413085938,128.8112335205078,154.16000366210938,8755.24609375,224.51797485351562
2020-03-05,70.77706909179688,157.94097900390625,96.20149993896484,96.28009033203125,65.19914245605469,183.7281951904297,6.805566787719727,208.9600067138672,43.079994201660156,23.524986267089844,17.360923767089844,88.27510833740234,66.16979217529297,276.40850830078125,203.913330078125,136.34793090820312,132.01748657226562,157.49000549316406,9078.7626953125,229.2681884765625
2020-03-06,69.83715057373047,153.4764404296875,95.05449676513672,91.3042984008789,64.25592803955078,179.67994689941406,6.625024795532227,205.97999572753906,42.16936111450195,22.724512100219727,16.385499954223633,87.80513000488281,65.59036254882812,271.839111328125,200.47286987304688,133.6453857421875,138.88827514648438,157.5500030517578,9122.5458984375,243.52529907226562
2020-03-07,69.83715057373047,153.4764404296875,95.05449676513672,91.3042984008789,64.25592803955078,179.67994689941406,6.625024795532227,205.97999572753906,42.16936111450195,22.724512100219727,16.385499954223633,87.80513000488281,65.59036254882812,271.839111328125,200.47286987304688,133.6453857421875,138.88827514648438,157.5500030517578,8909.9541015625,237.85308837890625
2020-03-08,69.83715057373047,153.4764404296875,95.05449676513672,91.3042984008789,64.25592803955078,179.67994689941406,6.625024795532227,205.97999572753906,42.16936111450195,22.724512100219727,16.385499954223633,87.80513000488281,65.59036254882812,271.839111328125,200.47286987304688,133.6453857421875,138.88827514648438,157.5500030517578,8108.1162109375,200.68905639648438
2020-03-09,64.31358337402344,143.0749053955078,90.03050231933594,78.93663787841797,60.29119110107422,168.18020629882812,6.112035274505615,193.1300048828125,38.96786880493164,20.287521362304688,13.085270881652832,83.24085998535156,59.54283142089844,250.6099395751953,186.54713439941406,120.6511001586914,142.6525421142578,157.80999755859375,7923.64453125,201.986328125
2020-03-10,68.9455337524414,152.8589630126953,94.59100341796875,85.06980895996094,63.23585510253906,176.8025665283203,6.501508712768555,202.72999572753906,41.56699752807617,21.47933578491211,13.705987930297852,86.09690856933594,62.629966735839844,263.5777587890625,196.70472717285156,124.41796112060547,135.34039306640625,154.47999572753906,7909.7294921875,200.76724243164062
2020-03-11,66.55103302001953,145.93414306640625,91.04299926757812,81.06549835205078,60.0486946105957,168.9144744873047,6.137685775756836,194.63999938964844,39.60342025756836,20.3142032623291,12.981171607971191,82.80707550048828,58.95437240600586,250.72869873046875,188.1372528076172,116.50476837158203,130.3602294921875,153.92999267578125,7911.43017578125,194.8685302734375
2020-03-12,59.97880554199219,132.09400939941406,83.83049774169922,74.38328552246094,55.12191390991211,153.2672576904297,5.386629581451416,175.97000122070312,35.737945556640625,18.11735725402832,11.361898422241211,76.625,52.8525390625,226.7397003173828,170.88668823242188,103.63072967529297,131.16802978515625,147.7899932861328,4970.7880859375,112.34712219238281
2020-03-13,67.16475677490234,150.87367248535156,89.25,87.78153991699219,60.215816497802734,168.9541473388672,5.997486591339111,196.39999389648438,39.93069839477539,20.5009765625,12.41057014465332,81.93940734863281,56.98078918457031,246.1228485107422,185.36175537109375,110.57215881347656,128.20318603515625,143.27999877929688,5563.70703125,133.20181274414062
2020-03-14,67.16475677490234,150.87367248535156,89.25,87.78153991699219,60.215816497802734,168.9541473388672,5.997486591339111,196.39999389648438,39.93069839477539,20.5009765625,12.41057014465332,81.93940734863281,56.98078918457031,246.1228485107422,185.36175537109375,110.57215881347656,128.20318603515625,143.27999877929688,5200.3662109375,123.30602264404297
2020-03-15,67.16475677490234,150.87367248535156,89.25,87.78153991699219,60.215816497802734,168.9541473388672,5.997486591339111,196.39999389648438,39.93069839477539,20.5009765625,12.41057014465332,81.93940734863281,56.98078918457031,246.1228485107422,185.36175537109375,110.57215881347656,128.20318603515625,143.27999877929688,5392.31494140625,125.21430206298828
2020-03-16,58.52421188354492,128.63636779785156,84.4574966430664,74.6451644897461,53.21022033691406,144.87310791015625,4.890823841094971,177.77000427246094,34.414669036865234,17.690431594848633,10.72189998626709,73.8593521118164,50.51680374145508,219.19117736816406,163.1576690673828,95.9026107788086,136.5063934326172,141.63999938964844,5014.47998046875,110.60587310791016
2020-03-17,61.097530364990234,139.227783203125,90.39199829101562,79.20698547363281,55.44475173950195,148.25656127929688,5.41053581237793,187.60000610351562,36.757667541503906,18.650999069213867,10.795154571533203,78.4958724975586,52.843482971191406,231.02572631835938,175.53184509277344,100.29885864257812,127.4037094116211,143.55999755859375,5225.62939453125,113.9427490234375
2020-03-18,59.60186004638672,133.36685180664062,91.5,70.86896514892578,54.112266540527344,145.81573486328125,5.050698280334473,172.44000244140625,35.37274169921875,17.06784439086914,9.245277404785156,75.89289855957031,48.95060729980469,219.32821655273438,170.1927947998047,92.52446746826172,120.21653747558594,140.6999969482422,5238.4384765625,114.84226989746094
2020-03-19,59.14520263671875,135.56114196777344,94.04650115966797,72.06011199951172,55.12786865234375,151.9376678466797,5.303457260131836,174.67999267578125,35.50080108642578,17.441396713256836,9.873710632324219,74.33837127685547,48.986820220947266,219.7942657470703,171.21435546875,96.1340103149414,123.48957061767578,138.0399932861328,6191.19287109375,136.59385681152344
2020-03-20,55.39032745361328,130.46971130371094,92.30449676513672,70.53949737548828,52.97268295288086,148.56414794921875,5.123660564422607,170.05999755859375,33.87397766113281,16.81880760192871,9.970096588134766,71.4823226928711,46.53340530395508,210.32240295410156,164.50686645507812,93.84797668457031,132.7754669189453,140.11000061035156,6198.7783203125,132.73716735839844
2020-03-21,55.39032745361328,130.46971130371094,92.30449676513672,70.53949737548828,52.97268295288086,148.56414794921875,5.123660564422607,170.05999755859375,33.87397766113281,16.81880760192871,9.970096588134766,71.4823226928711,46.53340530395508,210.32240295410156,164.50686645507812,93.84797668457031,132.7754669189453,140.11000061035156,6185.06640625,132.81871032714844
2020-03-22,55.39032745361328,130.46971130371094,92.30449676513672,70.53949737548828,52.97268295288086,148.56414794921875,5.123660564422607,170.05999755859375,33.87397766113281,16.81880760192871,9.970096588134766,71.4823226928711,46.53340530395508,210.32240295410156,164.50686645507812,93.84797668457031,132.7754669189453,140.11000061035156,5830.2548828125,123.32115173339844
2020-03-23,54.21360778808594,129.16831970214844,95.1415023803711,66.7633056640625,52.27445602416992,146.94683837890625,5.296483516693115,162.1300048828125,33.564544677734375,15.840234756469727,9.290550231933594,67.76959991455078,44.495216369628906,204.94488525390625,164.62564086914062,92.45968627929688,138.24696350097656,146.3000030517578,6416.31494140625,134.91160583496094
2020-03-24,59.65261459350586,140.90911865234375,97.00499725341797,74.70429229736328,56.037349700927734,159.72654724121094,6.20517110824585,178.1999969482422,37.002052307128906,17.8045654296875,10.780505180358887,72.99173736572266,50.12440490722656,223.51356506347656,177.37387084960938,100.9189453125,135.6735382080078,153.39999389648438,6734.8037109375,138.76144409179688
2020-03-25,59.32398986816406,139.56028747558594,94.29199981689453,77.49207305908203,54.629486083984375,154.99368286132812,6.116517543792725,180.47000122070312,36.95438003540039,18.288925170898438,11.288983345031738,73.9635009765625,52.76109313964844,226.85960388183594,176.06044006347656,102.17322540283203,135.36549377441406,151.3000030517578,6681.06298828125,136.19589233398438
2020-03-26,62.44580078125,148.28993225097656,97.77449798583984,82.89027404785156,57.66936492919922,162.06814575195312,6.405884265899658,183.89999389648438,39.24287414550781,19.437023162841797,11.978777885437012,78.8768539428711,56.09115982055664,240.1058807373047,185.3318328857422,108.52828979492188,136.03164672851562,153.24000549316406,6716.4404296875,138.36155700683594
2020-03-27,59.860408782958984,142.20098876953125,95.00499725341797,76.9852066040039,55.05794906616211,155.5691680908203,6.29357385635376,179.66000366210938,37.46928787231445,18.84502601623535,11.166787147521973,77.1876220703125,53.72817611694336,232.9541473388672,178.957763671875,104.57960510253906,139.6627960205078,152.25,6469.79833984375,133.9379425048828
2020-03-28,59.860408782958984,142.20098876953125,95.00499725341797,76.9852066040039,55.05794906616211,155.5691680908203,6.29357385635376,179.66000366210938,37.46928787231445,18.84502601623535,11.166787147521973,77.1876220703125,53.72817611694336,232.9541473388672,178.957763671875,104.57960510253906,139.6627960205078,152.25,6242.19384765625,130.9864959716797
2020-03-29,59.860408782958984,142.20098876953125,95.00499725341797,76.9852066040039,55.05794906616211,155.5691680908203,6.29357385635376,179.66000366210938,37.46928787231445,18.84502601623535,11.166787147521973,77.1876220703125,53.72817611694336,232.9541473388672,178.957763671875,104.57960510253906,139.6627960205078,152.25,5922.04296875,125.58373260498047
2020-03-30,61.56871032714844,152.20352172851562,98.19750213623047,78.98734283447266,56.84566879272461,164.6578369140625,6.613818168640137,183.17999267578125,39.047393798828125,19.203815460205078,11.281100273132324,80.80224609375,54.5128059387207,240.51951599121094,185.46702575683594,106.88377380371094,138.51358032226562,152.9199981689453,6429.841796875,132.904541015625
2020-03-31,61.443058013916016,149.80975341796875,97.48600006103516,76.05594635009766,57.62125778198242,165.50125122070312,6.564263343811035,182.8300018310547,38.31793975830078,18.674610137939453,11.454532623291016,80.4480209350586,53.83766174316406,236.9344482421875,183.8831787109375,106.34489440917969,137.3892059326172,148.0500030517578,6438.64453125,133.59356689453125
2020-04-01,58.210105895996094,144.4902801513672,95.38500213623047,71.2660140991211,54.653289794921875,158.3572998046875,6.053017616271973,175.9499969482422,36.49191665649414,17.535478591918945,10.886930465698242,77.38740539550781,51.410823822021484,226.27127075195312,176.070068359375,99.09791564941406,139.31405639648438,149.4499969482422,6606.7763671875,135.63455200195312
2020-04-02,59.18144226074219,147.48248291015625,95.94149780273438,73.92707824707031,55.39366912841797,156.95828247070312,6.361806392669678,179.72999572753906,37.3453254699707,17.974985122680664,11.884177207946777,79.53075408935547,52.09507369995117,231.49256896972656,179.64341735839844,100.03628540039062,140.19815063476562,151.89999389648438,6793.62451171875,142.02914428710938
2020-04-03,58.33091354370117,146.12416076660156,95.32949829101562,71.74197387695312,54.1871452331543,152.97947692871094,6.073935508728027,178.33999633789062,36.76844024658203,17.6162052154541,11.758042335510254,78.81326293945312,51.40169906616211,228.1465301513672,177.09375,97.20254516601562,140.5317840576172,152.64999389648438,6733.38720703125,142.09130859375
2020-04-04,58.33091354370117,146.12416076660156,95.32949829101562,71.74197387695312,54.1871452331543,152.97947692871094,6.073935508728027,178.33999633789062,36.76844024658203,17.6162052154541,11.758042335510254,78.81326293945312,51.40169906616211,228.1465301513672,177.09375,97.20254516601562,140.5317840576172,152.64999389648438,6867.52734375,145.21939086914062
2020-04-05,58.33091354370117,146.12416076660156,95.32949829101562,71.74197387695312,54.1871452331543,152.97947692871094,6.073935508728027,178.33999633789062,36.76844024658203,17.6162052154541,11.758042335510254,78.81326293945312,51.40169906616211,228.1465301513672,177.09375,97.20254516601562,140.5317840576172,152.64999389648438,6791.12939453125,143.54664611816406
2020-04-06,63.4195442199707,156.99107360839844,99.87950134277344,76.3597412109375,58.67455291748047,164.260986328125,6.683793067932129,185.24000549316406,39.90557861328125,18.880908966064453,12.380830764770508,82.94556427001953,54.959842681884766,243.47023010253906,189.75506591796875,104.64463806152344,140.16482543945312,156.8800048828125,7271.78125,169.13587951660156
2020-04-07,62.68500518798828,155.3002166748047,100.58000183105469,77.36692810058594,58.64331817626953,167.5154571533203,6.4504594802856445,185.25,39.54800033569336,19.069272994995117,12.644923210144043,82.2644271850586,54.832122802734375,243.71852111816406,189.67784118652344,104.9140853881836,138.69688415527344,156.0399932861328,7176.41455078125,165.10194396972656
2020-04-08,64.2894287109375,156.85806274414062,102.1500015258789,80.49097442626953,59.85529327392578,172.9229736328125,6.6476850509643555,191.00999450683594,40.61119842529297,19.903438568115234,13.488442420959473,85.65198516845703,56.82103729248047,251.89968872070312,193.70506286621094,109.6989517211914,137.687744140625,154.64999389648438,7334.0986328125,172.64173889160156
2020-04-09,64.75334167480469,156.8675994873047,102.13800048828125,87.71212768554688,59.83396911621094,173.82591247558594,6.548076152801514,193.83999633789062,40.620731353759766,20.970813751220703,13.366250038146973,86.12425994873047,57.678646087646484,255.73292541503906,193.98516845703125,114.94837188720703,137.9379119873047,158.69000244140625,7302.08935546875,170.80714416503906
2020-04-10,64.75334167480469,156.8675994873047,102.13800048828125,87.71212768554688,59.83396911621094,173.82591247558594,6.548076152801514,193.83999633789062,40.620731353759766,20.970813751220703,13.366250038146973,86.12425994873047,57.678646087646484,255.73292541503906,193.98516845703125,114.94837188720703,137.9379119873047,158.69000244140625,6865.4931640625,158.41244506835938
2020-04-11,64.75334167480469,156.8675994873047,102.13800048828125,87.71212768554688,59.83396911621094,173.82591247558594,6.548076152801514,193.83999633789062,40.620731353759766,20.970813751220703,13.366250038146973,86.12425994873047,57.678646087646484,255.73292541503906,193.98516845703125,114.94837188720703,137.9379119873047,158.69000244140625,6859.0830078125,158.2160186767578
2020-04-12,64.75334167480469,156.8675994873047,102.13800048828125,87.71212768554688,59.83396911621094,173.82591247558594,6.548076152801514,193.83999633789062,40.620731353759766,20.970813751220703,13.366250038146973,86.12425994873047,57.678646087646484,255.73292541503906,193.98516845703125,114.94837188720703,137.9379119873047,158.69000244140625,6971.091796875,161.14242553710938
2020-04-13,66.0242919921875,157.21905517578125,108.44349670410156,83.81133270263672,60.0244026184082,173.4290313720703,6.719902515411377,188.77000427246094,40.71131896972656,20.20840072631836,13.322891235351562,85.3704605102539,55.990806579589844,253.39810180664062,196.08084106445312,111.83589935302734,136.67855834960938,161.41000366210938,6845.03759765625,156.27955627441406
2020-04-14,69.35871124267578,164.998779296875,114.16600036621094,81.51524353027344,62.7429313659668,176.78271484375,7.071025371551514,192.94000244140625,42.418155670166016,20.298099517822266,13.259821891784668,88.20404052734375,57.05824279785156,260.87158203125,204.608642578125,114.10289001464844,136.6452178955078,162.67999267578125,6842.427734375,157.5963897705078
2020-04-15,68.72567749023438,163.2699432373047,115.38400268554688,77.49497985839844,62.34968185424805,175.592041015625,6.993578910827637,188.57000732421875,41.49322509765625,19.419084548950195,12.637039184570312,87.74993896484375,55.479888916015625,255.3284912109375,202.2618408203125,109.44808197021484,140.2649383544922,161.85000610351562,6642.10986328125,153.28689575195312
2020-04-16,69.27171325683594,168.17144775390625,120.40950012207031,74.54165649414062,62.35612869262695,174.87765502929688,7.338726043701172,187.9600067138672,41.99859619140625,19.0782413482666,12.097028732299805,89.66622924804688,54.987220764160156,256.560302734375,205.9510955810547,108.62120056152344,141.8578643798828,161.7100067138672,7116.80419921875,172.15737915039062
2020-04-17,68.3318099975586,169.65333557128906,118.75,81.24211883544922,63.42578887939453,177.84439086914062,7.279458522796631,191.1999969482422,42.556419372558594,20.082828521728516,13.382019996643066,91.52802276611328,57.56916046142578,263.49139404296875,207.92123413085938,113.40605926513672,139.95626831054688,158.57000732421875,7096.1845703125,171.63858032226562
2020-04-18,68.3318099975586,169.65333557128906,118.75,81.24211883544922,63.42578887939453,177.84439086914062,7.279458522796631,191.1999969482422,42.556419372558594,20.082828521728516,13.382019996643066,91.52802276611328,57.56916046142578,263.49139404296875,207.92123413085938,113.40605926513672,139.95626831054688,158.57000732421875,7257.6650390625,186.91400146484375
2020-04-19,68.3318099975586,169.65333557128906,118.75,81.24211883544922,63.42578887939453,177.84439086914062,7.279458522796631,191.1999969482422,42.556419372558594,20.082828521728516,13.382019996643066,91.52802276611328,57.56916046142578,263.49139404296875,207.92123413085938,113.40605926513672,139.95626831054688,158.57000732421875,7189.4248046875,181.61495971679688
2020-04-20,66.91345977783203,166.29063415527344,119.68049621582031,78.28026580810547,62.54060363769531,176.8521728515625,7.148222923278809,188.75,41.8746337890625,19.733013153076172,12.964197158813477,90.80146789550781,56.03642272949219,258.8491516113281,205.4585723876953,112.06817626953125,141.0822296142578,159.6999969482422,6881.95849609375,172.2971649169922
2020-04-21,64.84514617919922,159.4133758544922,116.40599822998047,76.0097885131836,60.111183166503906,169.47006225585938,6.711434364318848,183.47999572753906,40.12013626098633,19.096181869506836,12.735583305358887,88.04055786132812,54.71351623535156,250.9897003173828,197.8772430419922,109.39234924316406,142.85861206054688,158.61000061035156,6880.3232421875,172.73770141601562
2020-04-22,66.7129135131836,164.82777404785156,118.17449951171875,76.25729370117188,62.404727935791016,180.86070251464844,7.125810623168945,186.5800018310547,41.66486358642578,19.302480697631836,13.188874244689941,89.38467407226562,55.288291931152344,256.560302734375,203.74913024902344,110.7209701538086,141.3991241455078,161.72999572753906,7117.20751953125,182.59957885742188
2020-04-23,66.45437622070312,162.83297729492188,119.97250366210938,76.29997253417969,63.03749465942383,183.68850708007812,7.072519779205322,185.6300048828125,41.37880325317383,19.221752166748047,13.614574432373047,89.8751220703125,55.726226806640625,256.5418701171875,203.3145294189453,111.80799865722656,142.14974975585938,163.33999633789062,7429.724609375,185.02867126464844
2020-04-24,68.37288665771484,165.80621337890625,120.51100158691406,77.42668914794922,63.306766510009766,188.5900421142578,7.211475372314453,186.52000427246094,42.25604248046875,19.499805450439453,13.646109580993652,91.0830307006836,56.17327117919922,260.1177673339844,206.52088928222656,113.73125457763672,142.48329162597656,162.63999938964844,7550.90087890625,189.2369384765625
2020-04-25,68.37288665771484,165.80621337890625,120.51100158691406,77.42668914794922,63.306766510009766,188.5900421142578,7.211475372314453,186.52000427246094,42.25604248046875,19.499805450439453,13.646109580993652,91.0830307006836,56.17327117919922,260.1177673339844,206.52088928222656,113.73125457763672,142.48329162597656,162.63999938964844,7569.93603515625,195.5153045654297
2020-04-26,68.37288665771484,165.80621337890625,120.51100158691406,77.42668914794922,63.306766510009766,188.5900421142578,7.211475372314453,186.52000427246094,42.25604248046875,19.499805450439453,13.646109580993652,91.0830307006836,56.17327117919922,260.1177673339844,206.52088928222656,113.73125457763672,142.48329162597656,162.63999938964844,7679.8671875,197.31753540039062
2020-04-27,68.42121124267578,165.3312530517578,118.80000305175781,80.76412963867188,63.022117614746094,186.04005432128906,7.397993564605713,187.4600067138672,42.618408203125,20.16356086730957,13.941736221313477,92.25458526611328,57.56916046142578,263.86822509765625,208.18202209472656,118.23739624023438,139.8312225341797,161.55999755859375,7795.60107421875,197.22471618652344
2020-04-28,67.3121337890625,161.30364990234375,115.7040023803711,81.33601379394531,61.124305725097656,181.48580932617188,7.255552768707275,187.1199951171875,42.0510368347168,20.378820419311523,14.261012077331543,90.39279174804688,58.6457405090332,262.6549072265625,204.26095581054688,119.95622253417969,141.44085693359375,160.83999633789062,7807.05859375,198.41539001464844
2020-04-29,69.52301788330078,168.54193115234375,118.635498046875,83.5296630859375,66.55889129638672,192.677978515625,7.432359218597412,189.61000061035156,43.776939392089844,20.970813751220703,15.317387580871582,90.99220275878906,59.7679328918457,269.53076171875,211.50428771972656,125.85604095458984,140.70689392089844,161.72999572753906,8801.0380859375,216.96823120117188
2020-04-30,70.98970031738281,170.23275756835938,123.69999694824219,81.73719024658203,66.78304290771484,203.11602783203125,7.278462886810303,187.36000061035156,43.58147430419922,20.441612243652344,14.978401184082031,90.5744400024414,58.58186721801758,267.0213317871094,211.41737365722656,121.07115173339844,139.06385803222656,158.8000030517578,8658.5537109375,207.60205078125
2020-05-01,69.84679412841797,165.8251953125,114.302001953125,79.5947494506836,65.32608032226562,200.69505310058594,7.0418901443481445,182.6699981689453,42.38478469848633,19.786836624145508,14.130932807922363,88.8488540649414,56.81191635131836,259.95233154296875,205.4585723876953,116.2677001953125,140.25474548339844,159.77999877929688,8864.7666015625,214.21910095214844
2020-05-02,69.84679412841797,165.8251953125,114.302001953125,79.5947494506836,65.32608032226562,200.69505310058594,7.0418901443481445,182.6699981689453,42.38478469848633,19.786836624145508,14.130932807922363,88.8488540649414,56.81191635131836,259.95233154296875,205.4585723876953,116.2677001953125,140.25474548339844,159.77999877929688,8988.5966796875,215.32537841796875
2020-05-03,69.84679412841797,165.8251953125,114.302001953125,79.5947494506836,65.32608032226562,200.69505310058594,7.0418901443481445,182.6699981689453,42.38478469848633,19.786836624145508,14.130932807922363,88.8488540649414,56.81191635131836,259.95233154296875,205.4585723876953,116.2677001953125,140.25474548339844,159.77999877929688,8897.46875,210.9331512451172
2020-05-04,70.83505249023438,169.8812713623047,115.79949951171875,78.64730072021484,65.60279083251953,203.66175842285156,7.253809928894043,177.9499969482422,42.94737243652344,19.607446670532227,14.619701385498047,88.80342864990234,56.09115982055664,260.6693420410156,207.85369873046875,116.76942443847656,139.5950469970703,160.33999633789062,8912.654296875,208.17401123046875
2020-05-05,71.89818572998047,171.7051239013672,115.88999938964844,78.52777862548828,66.89810180664062,205.4576873779297,7.314821243286133,176.02999877929688,43.53856658935547,19.54465675354004,14.631534576416016,90.72881317138672,56.31012725830078,263.07769775390625,210.21011352539062,117.67062377929688,138.70143127441406,161.02000427246094,9003.0703125,206.77439880371094
2020-05-06,72.63998413085938,173.39593505859375,117.56300354003906,77.05113983154297,66.72004699707031,206.84677124023438,7.415673732757568,172.3800048828125,43.877071380615234,19.123088836669922,14.249188423156738,89.82969665527344,55.53462600708008,261.2943420410156,211.50428771972656,116.80657958984375,136.46336364746094,158.9499969482422,9268.76171875,204.0557861328125
2020-05-07,73.39144897460938,174.40286254882812,118.38050079345703,77.85346984863281,67.90278625488281,209.61505126953125,7.591982364654541,173.47999572753906,44.53501510620117,19.57156753540039,14.619701385498047,89.82061767578125,56.18239974975586,264.44744873046875,214.227783203125,118.40462493896484,138.74319458007812,161.38999938964844,9951.5185546875,212.28941345214844
2020-05-08,75.13831329345703,175.42877197265625,118.98049926757812,79.12528228759766,68.64962005615234,210.69656372070312,7.78198766708374,176.8300018310547,45.18817901611328,19.99313735961914,15.285849571228027,90.2838134765625,57.57828903198242,268.82293701171875,217.1636962890625,122.97579193115234,136.93931579589844,160.4199981689453,9842.666015625,212.9915771484375
2020-05-09,75.13831329345703,175.42877197265625,118.98049926757812,79.12528228759766,68.64962005615234,210.69656372070312,7.78198766708374,176.8300018310547,45.18817901611328,19.99313735961914,15.285849571228027,90.2838134765625,57.57828903198242,268.82293701171875,217.1636962890625,122.97579193115234,136.93931579589844,160.4199981689453,9593.896484375,211.60012817382812
2020-05-10,75.13831329345703,175.42877197265625,118.98049926757812,79.12528228759766,68.64962005615234,210.69656372070312,7.78198766708374,176.8300018310547,45.18817901611328,19.99313735961914,15.285849571228027,90.2838134765625,57.57828903198242,268.82293701171875,217.1636962890625,122.97579193115234,136.93931579589844,160.4199981689453,8756.4306640625,188.5995635986328
2020-05-11,76.32061004638672,177.3855438232422,120.44999694824219,76.79505920410156,69.60420989990234,211.5200958251953,8.0339994430542,174.63999938964844,45.48854446411133,19.607446670532227,15.017815589904785,91.83680725097656,56.857540130615234,268.87811279296875,219.1049041748047,122.36259460449219,135.87049865722656,159.4199981689453,8601.7958984375,185.912841796875
2020-05-12,75.44840240478516,173.36744689941406,117.84750366210938,74.28557586669922,68.19537353515625,208.46408081054688,7.772027015686035,172.80999755859375,44.54932403564453,19.096181869506836,14.753724098205566,90.43818664550781,55.26092529296875,263.5190124511719,214.5175323486328,117.96793365478516,137.26504516601562,160.0399932861328,8804.4775390625,189.3125
2020-05-13,74.53744506835938,170.7457275390625,118.39600372314453,71.7248764038086,66.86387634277344,203.50302124023438,7.7496161460876465,170.57000732421875,43.781715393066406,18.531097412109375,14.083636283874512,89.45734405517578,53.8741569519043,258.85833740234375,211.8325958251953,114.01927185058594,138.2255096435547,161.5800018310547,9269.9873046875,199.1932830810547
2020-05-14,74.995361328125,171.4866485595703,119.44249725341797,74.70382690429688,67.28688049316406,205.19972229003906,7.9991350173950195,170.92999267578125,44.33953094482422,19.006484985351562,14.241304397583008,90.43818664550781,54.43981170654297,261.9562072753906,214.23741149902344,114.39091491699219,139.57830810546875,163.00999450683594,9733.7216796875,202.9490966796875
2020-05-15,74.55196380615234,173.98487854003906,120.48899841308594,73.321044921875,68.0902328491211,209.23802185058594,8.457590103149414,169.25,44.56360626220703,18.880908966064453,14.186124801635742,91.20108032226562,54.24821472167969,263.1604919433594,215.62815856933594,116.21195220947266,139.2191925048828,163.92999267578125,9328.197265625,195.62266540527344
2020-05-16,74.55196380615234,173.98487854003906,120.48899841308594,73.321044921875,68.0902328491211,209.23802185058594,8.457590103149414,169.25,44.56360626220703,18.880908966064453,14.186124801635742,91.20108032226562,54.24821472167969,263.1604919433594,215.62815856933594,116.21195220947266,139.2191925048828,163.92999267578125,9377.013671875,200.6771240234375
2020-05-17,74.55196380615234,173.98487854003906,120.48899841308594,73.321044921875,68.0902328491211,209.23802185058594,8.457590103149414,169.25,44.56360626220703,18.880908966064453,14.186124801635742,91.20108032226562,54.24821472167969,263.1604919433594,215.62815856933594,116.21195220947266,139.2191925048828,163.92999267578125,9670.7392578125,207.15869140625
2020-05-18,76.30850982666016,175.6472625732422,121.31300354003906,77.20478057861328,68.69126892089844,211.53001403808594,8.716075897216797,175.4600067138672,45.65542221069336,19.849620819091797,15.344974517822266,91.95488739013672,57.82462692260742,271.17620849609375,219.645751953125,123.27310180664062,136.1627655029297,162.69000244140625,9726.5751953125,214.52505493164062
2020-05-19,75.8675537109375,174.43133544921875,122.46649932861328,75.68540954589844,68.15668487548828,215.19129943847656,8.771110534667969,172.49000549316406,45.48854446411133,19.365264892578125,14.91533088684082,90.84687042236328,57.08562469482422,268.3909606933594,219.09524536132812,120.83887481689453,136.67218017578125,164.25999450683594,9729.0380859375,213.45111083984375
2020-05-20,77.34304809570312,176.85086059570312,124.89700317382812,77.95591735839844,69.88044738769531,228.1793670654297,8.934968948364258,176.02000427246094,46.48500442504883,19.79580307006836,15.510526657104492,90.95587921142578,58.153072357177734,272.9503173828125,223.4701690673828,124.49956512451172,137.08135986328125,164.64999389648438,9522.9814453125,210.09674072265625
2020-05-21,76.76640319824219,174.7266845703125,122.33699798583984,76.96575164794922,69.76094055175781,229.58831787109375,8.74098014831543,174.94000244140625,45.83658218383789,19.733013153076172,15.262201309204102,90.2838134765625,58.2899169921875,271.0660095214844,221.03648376464844,124.7225112915039,137.42369079589844,162.25,9081.76171875,199.88360595703125
2020-05-22,77.26066589355469,174.80284118652344,121.84400177001953,76.36829376220703,70.08277130126953,233.08091735839844,8.991000175476074,174.92999267578125,46.00345230102539,19.661264419555664,15.167595863342285,90.47453308105469,58.24429702758789,271.58074951171875,221.7993927001953,125.32640838623047,138.2505340576172,163.2100067138672,9182.5771484375,207.169189453125
2020-05-23,77.26066589355469,174.80284118652344,121.84400177001953,76.36829376220703,70.08277130126953,233.08091735839844,8.991000175476074,174.92999267578125,46.00345230102539,19.661264419555664,15.167595863342285,90.47453308105469,58.24429702758789,271.58074951171875,221.7993927001953,125.32640838623047,138.2505340576172,163.2100067138672,9209.287109375,208.69439697265625
2020-05-24,77.26066589355469,174.80284118652344,121.84400177001953,76.36829376220703,70.08277130126953,233.08091735839844,8.991000175476074,174.92999267578125,46.00345230102539,19.661264419555664,15.167595863342285,90.47453308105469,58.24429702758789,271.58074951171875,221.7993927001953,125.32640838623047,138.2505340576172,163.2100067138672,8790.3681640625,202.37034606933594
2020-05-25,77.26066589355469,174.80284118652344,121.84400177001953,76.36829376220703,70.08277130126953,233.08091735839844,8.991000175476074,174.92999267578125,46.00345230102539,19.661264419555664,15.167595863342285,90.47453308105469,58.24429702758789,271.58074951171875,221.7993927001953,125.32640838623047,138.2505340576172,163.2100067138672,8906.9345703125,205.3197479248047
2020-05-26,76.73733520507812,172.95492553710938,121.09300231933594,81.78840637207031,70.48593139648438,230.3920135498047,8.683701515197754,180.33999633789062,45.955772399902344,20.683788299560547,15.589356422424316,90.31104278564453,60.68939971923828,274.9267578125,221.20065307617188,128.94061279296875,136.39657592773438,160.88999938964844,8835.052734375,201.90231323242188
2020-05-27,77.0716781616211,173.1835174560547,120.51950073242188,86.52568054199219,70.43189239501953,227.3558349609375,8.491954803466797,185.77000427246094,46.21800231933594,21.580747604370117,15.790386199951172,91.24649047851562,62.71479797363281,279.017333984375,222.40785217285156,132.94503784179688,136.1460723876953,161.17999267578125,9181.017578125,208.86343383789062
2020-05-28,77.1056137084961,172.7929229736328,120.05500030517578,85.23680877685547,70.33072662353516,223.70449829101562,8.453853607177734,185.10000610351562,46.12742233276367,21.239906311035156,15.348917007446289,92.43622589111328,62.121768951416016,278.5025939941406,222.11813354492188,129.79541015625,135.64503479003906,161.72000122070312,9525.7509765625,219.84042358398438
2020-05-29,77.0304946899414,174.55520629882812,122.11849975585938,83.06018829345703,71.08846282958984,223.33734130859375,8.840836524963379,185.5800018310547,46.70907211303711,20.99772834777832,15.277966499328613,93.55329895019531,61.73857879638672,279.7435302734375,225.37277221679688,129.05210876464844,136.6136932373047,162.91000366210938,9439.1240234375,220.6751251220703
2020-05-30,77.0304946899414,174.55520629882812,122.11849975585938,83.06018829345703,71.08846282958984,223.33734130859375,8.840836524963379,185.5800018310547,46.70907211303711,20.99772834777832,15.277966499328613,93.55329895019531,61.73857879638672,279.7435302734375,225.37277221679688,129.05210876464844,136.6136932373047,162.91000366210938,9700.4140625,242.34559631347656
2020-05-31,77.0304946899414,174.55520629882812,122.11849975585938,83.06018829345703,71.08846282958984,223.33734130859375,8.840836524963379,185.5800018310547,46.70907211303711,20.99772834777832,15.277966499328613,93.55329895019531,61.73857879638672,279.7435302734375,225.37277221679688,129.05210876464844,136.6136932373047,162.91000366210938,9461.05859375,230.9757080078125
2020-06-01,77.97783660888672,174.15512084960938,123.552001953125,84.16130065917969,71.1553955078125,230.10426330566406,8.771858215332031,183.83999633789062,46.69478225708008,21.239906311035156,15.546003341674805,92.6269302368164,61.875450134277344,280.8741760253906,226.048828125,130.28787231445312,135.69390869140625,163.66000366210938,10167.2685546875,246.99176025390625
2020-06-02,78.33882141113281,176.13644409179688,123.62049865722656,84.44298553466797,71.52435302734375,230.90794372558594,8.79078197479248,185.94000244140625,47.13340377807617,21.410324096679688,15.979586601257324,93.16276550292969,62.678306579589844,283.19989013671875,227.5650634765625,131.3656005859375,135.20057678222656,162.60000610351562,9529.8037109375,237.21905517578125
2020-06-03,78.77006530761719,176.56509399414062,123.91999816894531,89.00102233886719,71.37260437011719,228.3678741455078,8.735249519348145,190.82000732421875,47.500511169433594,22.20861053466797,16.44864845275879,92.98113250732422,65.12342071533203,286.9687805175781,228.5888214111328,134.5338897705078,133.40272521972656,159.60000610351562,9656.7177734375,244.1793212890625
2020-06-04,78.09169006347656,174.24082946777344,123.02999877929688,90.85324096679688,70.13533782958984,224.5280303955078,8.736247062683105,192.0500030517578,47.109561920166016,22.692968368530273,16.45258903503418,92.24549865722656,65.8167953491211,286.2150573730469,226.98561096191406,134.3386688232422,131.47117614746094,161.27999877929688,9800.63671875,244.4263916015625
2020-06-05,80.31581115722656,178.3177947998047,124.1500015258789,94.94178009033203,71.4107894897461,228.97312927246094,8.889219284057617,200.66000366210938,48.34916687011719,23.536108016967773,17.674509048461914,93.7349624633789,68.23451232910156,293.55059814453125,231.48611450195312,139.53236389160156,130.53472900390625,158.00999450683594,9665.533203125,241.22198486328125
2020-06-06,80.31581115722656,178.3177947998047,124.1500015258789,94.94178009033203,71.4107894897461,228.97312927246094,8.889219284057617,200.66000366210938,48.34916687011719,23.536108016967773,17.674509048461914,93.7349624633789,68.23451232910156,293.55059814453125,231.48611450195312,139.53236389160156,130.53472900390625,158.00999450683594,9653.6796875,241.9313201904297
2020-06-07,80.31581115722656,178.3177947998047,124.1500015258789,94.94178009033203,71.4107894897461,228.97312927246094,8.889219284057617,200.66000366210938,48.34916687011719,23.536108016967773,17.674509048461914,93.7349624633789,68.23451232910156,293.55059814453125,231.48611450195312,139.53236389160156,130.53472900390625,158.00999450683594,9758.8525390625,245.16725158691406
2020-06-08,80.79068756103516,179.4227294921875,126.2030029296875,96.83671569824219,71.80850982666016,229.5982208251953,8.774615287780762,201.55999755859375,48.59231948852539,23.984582901000977,18.47072982788086,94.37974548339844,69.60303497314453,297.09881591796875,233.282470703125,142.23609924316406,131.03640747070312,159.72000122070312,9771.4892578125,246.30990600585938
2020-06-09,83.34188079833984,180.79440307617188,130.04299926757812,94.35283660888672,72.00884246826172,236.81163024902344,9.014782905578613,196.07000732421875,48.8211669921875,23.473316192626953,17.776996612548828,93.39891815185547,67.86956787109375,294.8835144042969,234.97256469726562,139.60670471191406,132.52481079101562,161.25999450683594,9795.7001953125,244.9114532470703
2020-06-10,85.48607635498047,187.50033569335938,132.37249755859375,90.52888488769531,72.63467407226562,234.88673400878906,9.334425926208496,191.50999450683594,49.63644027709961,22.594303131103516,16.901941299438477,93.25359344482422,66.24559783935547,293.23797607421875,237.7926025390625,135.81600952148438,134.48985290527344,163.57000732421875,9870.0947265625,247.4449462890625
2020-06-11,81.3818588256836,177.43190002441406,127.89800262451172,82.97483825683594,69.5204086303711,222.6824951171875,8.765898704528809,178.02000427246094,46.79011535644531,20.746580123901367,15.309503555297852,88.06778717041016,61.59262466430664,276.3331604003906,226.01016235351562,125.4565200805664,137.03179931640625,162.38999938964844,9321.78125,231.70266723632812
2020-06-12,82.0844497680664,178.8321533203125,127.2509994506836,85.24533081054688,70.06690216064453,226.80018615722656,8.901676177978516,181.2100067138672,47.39562225341797,21.374446868896484,15.695785522460938,88.63995361328125,62.78779983520508,279.6424865722656,227.80654907226562,128.466796875,135.71063232421875,162.6199951171875,9480.84375,237.4932098388672
2020-06-13,82.0844497680664,178.8321533203125,127.2509994506836,85.24533081054688,70.06690216064453,226.80018615722656,8.901676177978516,181.2100067138672,47.39562225341797,21.374446868896484,15.695785522460938,88.63995361328125,62.78779983520508,279.6424865722656,227.80654907226562,128.466796875,135.71063232421875,162.6199951171875,9475.27734375,238.90884399414062
2020-06-14,82.0844497680664,178.8321533203125,127.2509994506836,85.24533081054688,70.06690216064453,226.80018615722656,8.901676177978516,181.2100067138672,47.39562225341797,21.374446868896484,15.695785522460938,88.63995361328125,62.78779983520508,279.6424865722656,227.80654907226562,128.466796875,135.71063232421875,162.6199951171875,9386.7880859375,234.1147003173828
2020-06-15,83.09961700439453,179.9752197265625,128.63400268554688,86.4232406616211,70.45469665527344,230.68968200683594,9.142091751098633,181.5500030517578,47.85332489013672,21.67044448852539,15.743082046508789,88.83978271484375,63.40819549560547,282.2530822753906,230.5782928466797,131.43692016601562,135.78587341308594,162.3300018310547,9450.7021484375,229.9289093017578
2020-06-16,85.30194854736328,184.385498046875,130.7635040283203,87.1146469116211,71.73064422607422,233.81517028808594,9.037203788757324,182.3000030517578,48.87361526489258,22.011281967163086,16.196378707885742,91.02853393554688,64.64898681640625,287.68572998046875,234.5379638671875,134.59722900390625,133.7038116455078,162.25,9538.0244140625,234.41616821289062
2020-06-17,85.18321990966797,185.0237274169922,132.0489959716797,84.91243743896484,72.03164672851562,233.69607543945312,9.204127311706543,180.86000061035156,48.86407470703125,21.679410934448242,15.644543647766113,90.93769836425781,64.1837158203125,286.4907531738281,235.28160095214844,132.16407775878906,134.25570678710938,162.55999755859375,9480.2548828125,233.0282745361328
2020-06-18,85.21714782714844,187.0050506591797,132.69900512695312,84.4515151977539,71.11820983886719,234.10289001464844,9.186189651489258,180.72999572753906,49.08338928222656,21.652503967285156,15.837684631347656,90.62892150878906,63.94647216796875,286.60101318359375,235.9190216064453,132.11746215820312,135.67713928222656,162.24000549316406,9411.8408203125,232.10116577148438
2020-06-19,84.73016357421875,185.89056396484375,133.75050354003906,83.48698425292969,70.64808654785156,236.93067932128906,9.229289054870605,179.72000122070312,48.744873046875,21.508987426757812,15.597248077392578,91.50080108642578,63.1618766784668,284.9632568359375,235.88043212890625,131.43692016601562,135.78587341308594,164.02999877929688,9288.0185546875,227.13829040527344
2020-06-20,84.73016357421875,185.89056396484375,133.75050354003906,83.48698425292969,70.64808654785156,236.93067932128906,9.229289054870605,179.72000122070312,48.744873046875,21.508987426757812,15.597248077392578,91.50080108642578,63.1618766784668,284.9632568359375,235.88043212890625,131.43692016601562,135.78587341308594,164.02999877929688,9332.3408203125,229.27426147460938
2020-06-21,84.73016357421875,185.89056396484375,133.75050354003906,83.48698425292969,70.64808654785156,236.93067932128906,9.229289054870605,179.72000122070312,48.744873046875,21.508987426757812,15.597248077392578,91.50080108642578,63.1618766784668,284.9632568359375,235.88043212890625,131.43692016601562,135.78587341308594,164.02999877929688,9303.6298828125,228.9898223876953
2020-06-22,86.947021484375,191.05345153808594,135.6909942626953,82.58220672607422,71.93842315673828,237.35736083984375,9.49387264251709,180.1699981689453,49.66328048706055,21.402475357055664,15.669501304626465,91.1496353149414,63.2681770324707,286.7912902832031,238.709228515625,132.75135803222656,135.80262756347656,165.08999633789062,9648.7177734375,242.53318786621094
2020-06-23,88.80290222167969,192.32981872558594,138.2205047607422,83.58941650390625,72.59895324707031,240.3538360595703,9.417389869689941,181.00999450683594,50.02183532714844,21.501760482788086,15.685473442077637,91.54183197021484,63.27732849121094,288.1116027832031,240.74085998535156,133.3107452392578,134.8744659423828,166.47999572753906,9629.658203125,244.14215087890625
2020-06-24,87.2353286743164,188.4529266357422,136.72000122070312,80.79827117919922,71.04778289794922,232.19784545898438,9.203628540039062,177.52999877929688,48.8935661315918,20.743515014648438,14.815166473388672,89.15227508544922,61.07797622680664,280.76226806640625,235.77786254882812,128.98513793945312,136.32101440429688,165.89999389648438,9313.6103515625,235.7724609375
2020-06-25,88.39344024658203,190.83428955078125,137.72900390625,83.61502075195312,71.46434783935547,233.8448944091797,9.45725154876709,178.85000610351562,49.51984405517578,21.294151306152344,15.098614692687988,90.02783966064453,61.756099700927734,283.77215576171875,238.02235412597656,130.9335479736328,136.71397399902344,165.8000030517578,9264.8134765625,232.94448852539062
2020-06-26,85.6774673461914,187.01455688476562,134.64349365234375,79.03140258789062,67.56855010986328,214.39752197265625,9.123408317565918,175.3699951171875,48.54457092285156,20.382448196411133,14.575632095336914,88.93336486816406,60.61060333251953,277.0320739746094,232.4014129638672,127.40963745117188,138.17733764648438,166.5399932861328,9162.91796875,229.6680450439453
2020-06-27,85.6774673461914,187.01455688476562,134.64349365234375,79.03140258789062,67.56855010986328,214.39752197265625,9.123408317565918,175.3699951171875,48.54457092285156,20.382448196411133,14.575632095336914,88.93336486816406,60.61060333251953,277.0320739746094,232.4014129638672,127.40963745117188,138.17733764648438,166.5399932861328,9045.390625,222.9597930908203
2020-06-28,85.6774673461914,187.01455688476562,134.64349365234375,79.03140258789062,67.56855010986328,214.39752197265625,9.123408317565918,175.3699951171875,48.54457092285156,20.382448196411133,14.575632095336914,88.93336486816406,60.61060333251953,277.0320739746094,232.4014129638672,127.40963745117188,138.17733764648438,166.5399932861328,9143.58203125,225.34716796875
2020-06-29,87.65206146240234,189.0244598388672,134.0189971923828,79.38135528564453,69.28585815429688,218.92201232910156,9.168251991271973,177.19000244140625,49.075233459472656,20.60811424255371,14.771254539489746,89.73596954345703,62.59919738769531,281.10382080078125,234.93618774414062,131.57672119140625,137.74246215820312,166.6300048828125,9190.8544921875,228.1948699951172
2020-06-30,88.38373565673828,193.8538818359375,137.9409942626953,80.28612518310547,70.32129669189453,225.30194091796875,9.464972496032715,178.50999450683594,49.95491027832031,20.887943267822266,15.110586166381836,91.26820373535156,62.95658493041992,284.70465087890625,239.5412139892578,133.47854614257812,137.0736541748047,167.3699951171875,9137.9931640625,226.31500244140625
2020-07-01,88.21654510498047,194.98741149902344,143.93499755859375,79.603271484375,71.50897979736328,235.7003631591797,9.497113227844238,177.99000549316406,50.03618621826172,20.70741081237793,14.743304252624512,91.97047424316406,62.67249298095703,286.69891357421875,242.33714294433594,132.21070861816406,136.80735778808594,166.6199951171875,9228.3251953125,231.11341857910156
2020-07-02,88.21654510498047,196.473388671875,144.51499938964844,79.86185455322266,72.89404296875,231.6024932861328,9.57907772064209,178.8300018310547,50.32781219482422,20.73448944091797,14.906982421875,92.66363525390625,63.21318054199219,288.27777099609375,243.98182678222656,132.75135803222656,136.94972229003906,166.97999572753906,9123.41015625,229.39219665527344
2020-07-03,88.21654510498047,196.473388671875,144.51499938964844,79.86185455322266,72.89404296875,231.6024932861328,9.57907772064209,178.8300018310547,50.32781219482422,20.73448944091797,14.906982421875,92.66363525390625,63.21318054199219,288.27777099609375,243.98182678222656,132.75135803222656,136.94972229003906,166.97999572753906,9087.3037109375,225.38706970214844
2020-07-04,88.21654510498047,196.473388671875,144.51499938964844,79.86185455322266,72.89404296875,231.6024932861328,9.57907772064209,178.8300018310547,50.32781219482422,20.73448944091797,14.906982421875,92.66363525390625,63.21318054199219,288.27777099609375,243.98182678222656,132.75135803222656,136.94972229003906,166.97999572753906,9132.48828125,229.07411193847656
2020-07-05,88.21654510498047,196.473388671875,144.51499938964844,79.86185455322266,72.89404296875,231.6024932861328,9.57907772064209,178.8300018310547,50.32781219482422,20.73448944091797,14.906982421875,92.66363525390625,63.21318054199219,288.27777099609375,243.98182678222656,132.75135803222656,136.94972229003906,166.97999572753906,9073.9423828125,227.6645965576172
2020-07-06,90.57637786865234,200.70272827148438,152.8520050048828,81.87863159179688,74.36785888671875,238.4091033935547,9.805295944213867,182.72000122070312,51.207489013671875,21.13167381286621,14.950898170471191,93.60301971435547,64.12042236328125,292.7280578613281,249.98004150390625,133.71156311035156,136.38877868652344,167.97999572753906,9375.474609375,241.51022338867188
2020-07-07,90.29532623291016,198.36900329589844,150.00599670410156,79.56881713867188,73.88534545898438,238.98455810546875,9.837681770324707,181.14999389648438,50.67203140258789,20.698383331298828,14.475825309753418,92.79131317138672,62.89244079589844,289.7088928222656,248.25794982910156,131.34368896484375,138.30589294433594,169.0399932861328,9252.27734375,239.07553100585938
2020-07-08,92.39830780029297,202.731689453125,154.0554962158203,80.41345977783203,74.56372833251953,241.68341064453125,10.180745124816895,181.1999969482422,51.499114990234375,20.91503143310547,14.463847160339355,92.8004379272461,62.89244079589844,291.9248046875,251.52793884277344,132.3225555419922,137.75341796875,170.08999633789062,9428.3330078125,246.67001342773438
2020-07-09,92.795654296875,204.15093994140625,159.13150024414062,78.67245483398438,75.31055450439453,242.5962371826172,10.472734451293945,178.8000030517578,51.68558120727539,20.47271156311035,13.749237060546875,92.07078552246094,61.527000427246094,290.2628479003906,253.64663696289062,129.64703369140625,139.9466552734375,169.6300048828125,9277.9677734375,243.01596069335938
2020-07-10,92.95796966552734,203.53179931640625,160.0,82.97321319580078,76.3197250366211,243.1617889404297,10.443086624145508,182.89999389648438,51.671241760253906,21.176807403564453,14.188383102416992,91.8519287109375,62.324275970458984,293.2265930175781,255.37850952148438,131.73526000976562,139.2435302734375,169.19000244140625,9278.8076171875,240.9849853515625
2020-07-11,92.95796966552734,203.53179931640625,160.0,82.97321319580078,76.3197250366211,243.1617889404297,10.443086624145508,182.89999389648438,51.671241760253906,21.176807403564453,14.188383102416992,91.8519287109375,62.324275970458984,293.2265930175781,255.37850952148438,131.73526000976562,139.2435302734375,169.19000244140625,9240.3466796875,239.4581756591797
2020-07-12,92.95796966552734,203.53179931640625,160.0,82.97321319580078,76.3197250366211,243.1617889404297,10.443086624145508,182.89999389648438,51.671241760253906,21.176807403564453,14.188383102416992,91.8519287109375,62.324275970458984,293.2265930175781,255.37850952148438,131.73526000976562,139.2435302734375,169.19000244140625,9276.5,242.13169860839844
2020-07-13,92.5291519165039,197.24496459960938,155.1999969482422,84.16263580322266,74.99170684814453,237.13905334472656,10.017559051513672,184.1300048828125,50.60032272338867,21.26706886291504,14.112532615661621,92.37177276611328,62.58086395263672,290.68756103515625,250.12521362304688,130.0665283203125,139.70391845703125,169.39999389648438,9243.6142578125,239.60458374023438
2020-07-14,94.06036376953125,198.46424865722656,154.1999969482422,84.64527130126953,75.41966247558594,237.8633575439453,10.341187477111816,189.7100067138672,51.18359375,21.375396728515625,14.607566833496094,94.20498657226562,63.93711853027344,294.4546203613281,251.89553833007812,132.2200164794922,139.9048614501953,170.19000244140625,9243.2138671875,240.21148681640625
2020-07-15,94.70723724365234,198.16897583007812,150.44349670410156,85.95536041259766,75.22229766845703,238.4091033935547,10.191959381103516,190.55999755859375,51.46086883544922,21.79964828491211,14.922957420349121,95.42713165283203,65.5683364868164,297.1598205566406,252.4083251953125,137.06764221191406,139.2519073486328,170.33999633789062,9192.8369140625,238.42352294921875
2020-07-16,93.54187774658203,194.24444580078125,149.9949951171875,86.19666290283203,75.1250991821289,239.05401611328125,10.099775314331055,191.00999450683594,50.82501220703125,21.79964828491211,14.855086326599121,95.27208709716797,65.58663940429688,296.1811828613281,250.6862335205078,136.25660705566406,139.9132080078125,168.72999572753906,9132.2275390625,233.64088439941406
2020-07-17,93.3528823852539,193.25379943847656,148.09849548339844,84.6021957397461,75.2208023071289,240.14547729492188,10.16629409790039,190.75999450683594,51.07362747192383,21.619115829467773,14.64748764038086,96.5762939453125,65.98069763183594,297.03973388671875,250.97654724121094,136.657470703125,139.6201934814453,170.1199951171875,9151.392578125,232.77308654785156
2020-07-18,93.3528823852539,193.25379943847656,148.09849548339844,84.6021957397461,75.2208023071289,240.14547729492188,10.16629409790039,190.75999450683594,51.07362747192383,21.619115829467773,14.64748764038086,96.5762939453125,65.98069763183594,297.03973388671875,250.97654724121094,136.657470703125,139.6201934814453,170.1199951171875,9159.0400390625,235.4838104248047
2020-07-19,93.3528823852539,193.25379943847656,148.09849548339844,84.6021957397461,75.2208023071289,240.14547729492188,10.16629409790039,190.75999450683594,51.07362747192383,21.619115829467773,14.64748764038086,96.5762939453125,65.98069763183594,297.03973388671875,250.97654724121094,136.657470703125,139.6201934814453,170.1199951171875,9185.8173828125,238.48751831054688
2020-07-20,95.3202133178711,201.5600128173828,159.8419952392578,83.8609848022461,77.55104064941406,243.50906372070312,10.474478721618652,190.47999572753906,52.37879180908203,21.519821166992188,14.403963088989258,96.55805969238281,65.17427062988281,299.4403076171875,258.0970153808594,136.0701904296875,139.9635009765625,170.94000244140625,9164.2314453125,236.15316772460938
2020-07-21,94.00464630126953,198.84527587890625,156.9145050048828,85.67952728271484,77.15827941894531,239.8676300048828,10.292855262756348,192.27000427246094,51.852901458740234,21.94407844543457,15.27426815032959,96.4942398071289,66.03569030761719,300.0774230957031,255.40733337402344,137.9998779296875,140.0471649169922,173.0,9374.8876953125,245.0167236328125
2020-07-22,94.26873779296875,201.7029266357422,154.99549865722656,85.05899047851562,77.60112762451172,238.00228881835938,10.402727127075195,192.10000610351562,52.26883316040039,21.94407844543457,15.086638450622559,97.36065673828125,66.56719207763672,301.7855224609375,256.3072204589844,138.07452392578125,140.4656982421875,175.6300048828125,9525.36328125,262.1906433105469
2020-07-23,89.97795867919922,192.92990112304688,149.32749938964844,85.3089370727539,75.21583557128906,230.78887939453125,10.094793319702148,193.25,50.91108703613281,21.962133407592773,15.058691024780273,96.92288208007812,66.36559295654297,298.1847229003906,249.61244201660156,138.21435546875,142.10655212402344,177.17999267578125,9581.072265625,274.6890563964844
2020-07-24,89.75504302978516,191.74876403808594,150.44549560546875,84.70561981201172,74.79234313964844,228.91360473632812,10.159320831298828,194.52000427246094,50.294349670410156,21.907976150512695,14.974853515625,95.85579681396484,65.83406066894531,296.26416015625,247.24212646484375,136.1820526123047,142.0981903076172,178.6999969482422,9536.892578125,279.2154235839844
2020-07-25,89.75504302978516,191.74876403808594,150.44549560546875,84.70561981201172,74.79234313964844,228.91360473632812,10.159320831298828,194.52000427246094,50.294349670410156,21.907976150512695,14.974853515625,95.85579681396484,65.83406066894531,296.26416015625,247.24212646484375,136.1820526123047,142.0981903076172,178.6999969482422,9677.11328125,304.0567626953125
2020-07-26,89.75504302978516,191.74876403808594,150.44549560546875,84.70561981201172,74.79234313964844,228.91360473632812,10.159320831298828,194.52000427246094,50.294349670410156,21.907976150512695,14.974853515625,95.85579681396484,65.83406066894531,296.26416015625,247.24212646484375,136.1820526123047,142.0981903076172,178.6999969482422,9905.1669921875,309.64361572265625
2020-07-27,91.88226318359375,194.177734375,152.760498046875,83.51622772216797,75.84464263916016,231.681884765625,10.38553524017334,192.13999938964844,51.08796691894531,21.727434158325195,14.990821838378906,96.5762939453125,66.10899353027344,298.4247741699219,251.65374755859375,137.59902954101562,141.57078552246094,182.22999572753906,10990.873046875,321.51409912109375
2020-07-28,90.37285614013672,192.4346160888672,150.01649475097656,83.87821197509766,74.56621551513672,228.32818603515625,10.180245399475098,194.1199951171875,50.490360260009766,21.67327880859375,14.735321044921875,96.46686553955078,65.65081787109375,296.5318603515625,248.45143127441406,136.2286376953125,142.55026245117188,183.75,10912.8232421875,316.6572570800781
2020-07-29,92.10517883300781,194.37777709960938,151.67649841308594,85.91224670410156,75.55107879638672,231.4735107421875,10.4293851852417,196.41000366210938,51.22183609008789,22.079483032226562,15.042722702026367,97.47924041748047,66.6496810913086,300.1789855957031,251.3151092529297,139.23048400878906,142.3075408935547,185.1300048828125,11100.4677734375,318.1908874511719
2020-07-30,93.21966552734375,194.22540283203125,152.593994140625,83.61964416503906,76.2879867553711,232.67410278320312,10.577373504638672,194.3000030517578,51.50868606567383,21.682302474975586,14.451870918273926,96.80430603027344,65.98069763183594,299.10791015625,252.63087463378906,138.68045043945312,143.24510192871094,183.75999450683594,11111.2138671875,334.5866394042969
2020-07-31,102.97868347167969,195.28268432617188,158.23399353027344,83.2921371459961,73.78765106201172,251.69482421875,10.578121185302734,195.77999877929688,52.79471969604492,21.691328048706055,14.384003639221191,96.24795532226562,65.73326110839844,301.4715270996094,257.1391296386719,137.37530517578125,143.1530303955078,185.42999267578125,11323.466796875,345.5546569824219
2020-08-01,102.97868347167969,195.28268432617188,158.23399353027344,83.2921371459961,73.78765106201172,251.69482421875,10.578121185302734,195.77999877929688,52.79471969604492,21.691328048706055,14.384003639221191,96.24795532226562,65.73326110839844,301.4715270996094,257.1391296386719,137.37530517578125,143.1530303955078,185.42999267578125,11759.5927734375,385.19970703125
2020-08-02,102.97868347167969,195.28268432617188,158.23399353027344,83.2921371459961,73.78765106201172,251.69482421875,10.578121185302734,195.77999877929688,52.79471969604492,21.691328048706055,14.384003639221191,96.24795532226562,65.73326110839844,301.4715270996094,257.1391296386719,137.37530517578125,143.1530303955078,185.42999267578125,11053.6142578125,370.6717224121094
2020-08-03,105.57351684570312,206.265625,155.59449768066406,82.82671356201172,73.53028106689453,249.9981231689453,10.972254753112793,199.25999450683594,54.09511184692383,21.7545166015625,14.43590259552002,97.24209594726562,66.00819396972656,303.5673828125,260.6123352050781,139.61265563964844,142.43215942382812,185.63999938964844,11246.3486328125,386.295166015625
2020-08-04,106.2785415649414,203.16983032226562,156.94149780273438,82.35269927978516,73.06114959716797,247.88475036621094,11.189003944396973,200.24000549316406,54.23375701904297,21.66425132751465,14.787219047546387,96.81342315673828,66.17315673828125,304.739990234375,261.579833984375,140.57290649414062,143.78997802734375,189.58999633789062,11205.892578125,389.87548828125
2020-08-05,106.66378021240234,202.83645629882812,160.25149536132812,83.78340148925781,73.34827423095703,247.18026733398438,11.24779987335205,203.6199951171875,54.43455123901367,21.962133407592773,14.942916870117188,97.26034545898438,67.43777465820312,306.6326904296875,262.2278747558594,143.36962890625,142.5327606201172,191.35000610351562,11747.0224609375,401.590576171875
2020-08-06,110.38516998291016,206.08465576171875,161.25,83.80924987792969,74.63066864013672,263.21441650390625,11.296380043029785,205.02000427246094,55.19948196411133,21.953100204467773,14.823149681091309,96.74046325683594,67.69437408447266,308.682373046875,265.701171875,143.31370544433594,143.3290557861328,193.88999938964844,11779.7734375,394.9619445800781
2020-08-07,107.87548828125,202.3982391357422,158.3730010986328,85.65369415283203,74.30436706542969,266.3498229980469,11.160850524902344,209.47999572753906,54.37717056274414,22.42249870300293,14.84311294555664,97.05058288574219,68.84902954101562,308.9040222167969,262.63427734375,145.58834838867188,142.37353515625,190.80999755859375,11601.47265625,379.5128479003906
2020-08-08,107.87548828125,202.3982391357422,158.3730010986328,85.65369415283203,74.30436706542969,266.3498229980469,11.160850524902344,209.47999572753906,54.37717056274414,22.42249870300293,14.84311294555664,97.05058288574219,68.84902954101562,308.9040222167969,262.63427734375,145.58834838867188,142.37353515625,190.80999755859375,11754.0458984375,393.98736572265625
2020-08-09,107.87548828125,202.3982391357422,158.3730010986328,85.65369415283203,74.30436706542969,266.3498229980469,11.160850524902344,209.47999572753906,54.37717056274414,22.42249870300293,14.84311294555664,97.05058288574219,68.84902954101562,308.9040222167969,262.63427734375,145.58834838867188,142.37353515625,190.80999755859375,11675.7392578125,391.1204528808594
2020-08-10,109.44343566894531,198.36900329589844,157.4080047607422,86.7396469116211,74.2275161743164,260.95220947265625,11.126468658447266,212.5800018310547,54.22419357299805,22.584980010986328,15.302216529846191,96.72223663330078,70.54438018798828,309.8272399902344,261.5121154785156,147.09857177734375,141.7366180419922,190.14999389648438,11878.111328125,395.8875732421875
2020-08-11,106.18860626220703,193.73004150390625,154.0334930419922,89.48041534423828,73.42018127441406,254.13568115234375,10.812559127807617,212.66000366210938,53.248897552490234,22.846755981445312,15.250317573547363,96.11117553710938,70.92009735107422,307.2698059082031,256.55877685546875,146.25025939941406,140.0520782470703,179.94000244140625,11410.525390625,380.3840637207031
2020-08-12,109.71771240234375,199.26437377929688,158.11199951171875,88.72196197509766,74.74424743652344,257.86639404296875,11.400772094726562,213.24000549316406,54.45845413208008,22.783571243286133,15.402021408081055,97.72549438476562,71.14917755126953,311.55377197265625,263.0115966796875,146.84690856933594,138.7782440185547,179.10000610351562,11584.9345703125,391.024169921875
2020-08-13,111.6594467163086,198.797607421875,158.05099487304688,88.23069763183594,75.21088409423828,259.265380859375,11.403512001037598,211.97999572753906,54.48236083984375,22.63913917541504,15.102604866027832,97.59779357910156,70.77345275878906,310.9906005859375,263.6114807128906,146.53919982910156,137.2947998046875,183.3300018310547,11784.1376953125,428.7417907714844
2020-08-14,111.55992126464844,198.98812866210938,157.4010009765625,88.26518249511719,74.61481475830078,259.2059020996094,11.524094581604004,210.9600067138672,54.444114685058594,22.72940444946289,15.246326446533203,97.4062728881836,71.04838562011719,310.9999084472656,263.3018493652344,146.4460906982422,136.75840759277344,182.5399932861328,11768.87109375,437.3978271484375
2020-08-15,111.55992126464844,198.98812866210938,157.4010009765625,88.26518249511719,74.61481475830078,259.2059020996094,11.524094581604004,210.9600067138672,54.444114685058594,22.72940444946289,15.246326446533203,97.4062728881836,71.04838562011719,310.9999084472656,263.3018493652344,146.4460906982422,136.75840759277344,182.5399932861328,11865.6982421875,433.35491943359375
2020-08-16,111.55992126464844,198.98812866210938,157.4010009765625,88.26518249511719,74.61481475830078,259.2059020996094,11.524094581604004,210.9600067138672,54.444114685058594,22.72940444946289,15.246326446533203,97.4062728881836,71.04838562011719,310.9999084472656,263.3018493652344,146.4460906982422,136.75840759277344,182.5399932861328,11892.8037109375,433.78662109375
2020-08-17,111.26869201660156,200.3026580810547,159.12049865722656,85.9380874633789,75.19053649902344,259.1264953613281,12.294424057006836,206.77999877929688,54.80745315551758,22.350278854370117,15.158495903015137,97.98085021972656,70.7184829711914,311.98785400390625,266.3589782714844,147.2011260986328,137.1020050048828,186.5,12254.40234375,429.53125
2020-08-18,112.19586181640625,201.4552459716797,165.62449645996094,84.74008178710938,77.15133666992188,260.29730224609375,12.218438148498535,208.3300018310547,55.013031005859375,22.205856323242188,14.966872215270996,97.9534912109375,70.33360290527344,312.6617736816406,268.9227600097656,145.79345703125,138.08261108398438,188.17999267578125,11991.2333984375,423.6693115234375
2020-08-19,112.33661651611328,200.23309326171875,163.0240020751953,84.93832397460938,76.59742736816406,260.5453796386719,12.096611022949219,207.2100067138672,54.946109771728516,22.19683074951172,14.795201301574707,97.63423919677734,70.15032196044922,311.3599548339844,267.1136474609375,145.8027801513672,137.21942138671875,182.24000549316406,11758.283203125,406.4637756347656
2020-08-20,114.82935333251953,204.89273071289062,164.86849975585938,83.9212875366211,78.16644287109375,266.9154052734375,12.099101066589355,206.1199951171875,55.67757034301758,21.989212036132812,14.475825309753418,97.32418823242188,69.77458190917969,312.3293762207031,270.8190612792969,145.2061004638672,138.4597625732422,183.5,11878.3720703125,416.4397888183594
2020-08-21,120.74678802490234,203.4031524658203,164.23599243164062,83.87821197509766,78.13272857666016,264.9309997558594,12.639732360839844,207.42999267578125,56.3851318359375,21.94407844543457,14.384003639221191,97.42449951171875,70.05866241455078,313.4373779296875,272.69586181640625,144.1340789794922,139.2893829345703,182.02999877929688,11592.4892578125,389.1263427734375
2020-08-22,120.74678802490234,203.4031524658203,164.23599243164062,83.87821197509766,78.13272857666016,264.9309997558594,12.639732360839844,207.42999267578125,56.3851318359375,21.94407844543457,14.384003639221191,97.42449951171875,70.05866241455078,313.4373779296875,272.69586181640625,144.1340789794922,139.2893829345703,182.02999877929688,11681.8251953125,395.83514404296875
2020-08-23,120.74678802490234,203.4031524658203,164.23599243164062,83.87821197509766,78.13272857666016,264.9309997558594,12.639732360839844,207.42999267578125,56.3851318359375,21.94407844543457,14.384003639221191,97.42449951171875,70.05866241455078,313.4373779296875,272.69586181640625,144.1340789794922,139.2893829345703,182.02999877929688,11664.84765625,391.3844909667969
2020-08-24,122.19092559814453,204.04295349121094,165.3730010986328,86.23976135253906,78.6078109741211,269.27685546875,12.676351547241211,212.61000061035156,56.87277603149414,22.46763038635254,14.779237747192383,96.97760772705078,71.32331848144531,316.6134948730469,274.39862060546875,145.64427185058594,139.06309509277344,181.0,11774.595703125,408.1441955566406
2020-08-25,121.1884994506836,206.69741821289062,167.32449340820312,86.61897277832031,79.63433074951172,278.6334533691406,12.706001281738281,213.35000610351562,57.15961837768555,22.530820846557617,14.571640968322754,97.63423919677734,71.23167419433594,317.72137451171875,276.5559997558594,145.8027801513672,137.99880981445312,181.22000122070312,11366.134765625,384.00103759765625
2020-08-26,122.83656311035156,211.16615295410156,172.09249877929688,85.40373229980469,81.53263092041016,301.5436096191406,12.728920936584473,214.66000366210938,58.32135772705078,22.42249870300293,14.264238357543945,97.51573181152344,71.26830291748047,320.90673828125,282.4574890136719,144.8892059326172,137.47073364257812,183.36000061035156,11488.36328125,386.46612548828125
2020-08-27,121.36812591552734,216.35101318359375,170.0,88.21348571777344,80.75852966308594,290.93682861328125,12.584671020507812,216.8699951171875,58.369171142578125,22.801624298095703,14.292181968688965,98.2818374633789,71.52490234375,321.6083984375,281.5770568847656,145.24343872070312,135.13258361816406,181.24000549316406,11323.3974609375,382.63262939453125
2020-08-28,121.1715087890625,218.5758056640625,170.08999633789062,88.57545471191406,81.29954528808594,291.3734130859375,13.102377891540527,218.5500030517578,58.88071823120117,22.891891479492188,14.547685623168945,98.50070190429688,72.20305633544922,323.6858215332031,283.0088195800781,146.47401428222656,135.03195190429688,184.38999938964844,11542.5,395.8746643066406
2020-08-29,121.1715087890625,218.5758056640625,170.08999633789062,88.57545471191406,81.29954528808594,291.3734130859375,13.102377891540527,218.5500030517578,58.88071823120117,22.891891479492188,14.547685623168945,98.50070190429688,72.20305633544922,323.6858215332031,283.0088195800781,146.47401428222656,135.03195190429688,184.38999938964844,11506.865234375,399.9214782714844
2020-08-30,121.1715087890625,218.5758056640625,170.08999633789062,88.57545471191406,81.29954528808594,291.3734130859375,13.102377891540527,218.5500030517578,58.88071823120117,22.891891479492188,14.547685623168945,98.50070190429688,72.20305633544922,323.6858215332031,283.0088195800781,146.47401428222656,135.03195190429688,184.38999938964844,11711.505859375,428.3957214355469
2020-08-31,125.28073120117188,215.348388671875,172.54800415039062,86.35181427001953,80.80862426757812,290.9170837402344,13.32834529876709,218.0399932861328,59.067176818847656,22.621089935302734,14.232297897338867,98.73785400390625,71.30499267578125,322.5133056640625,285.2823181152344,144.89849853515625,135.92868041992188,184.8300018310547,11680.8203125,435.0797424316406
2020-09-01,130.27096557617188,217.00985717773438,174.95599365234375,86.30870819091797,82.07564544677734,293.1396179199219,13.777423858642578,218.5500030517578,60.19544219970703,22.68427276611328,14.13648509979248,97.85317993164062,72.02891540527344,325.55084228515625,290.1583557128906,146.55787658691406,137.4833984375,185.0500030517578,11970.478515625,477.0519104003906
2020-09-02,127.57197570800781,221.1920928955078,176.57249450683594,87.6101303100586,85.16561889648438,300.1446228027344,14.301267623901367,221.67999267578125,60.73090362548828,23.009233474731445,14.068620681762695,99.81404876708984,73.22025299072266,330.2596740722656,292.9059143066406,147.72320556640625,138.79229736328125,182.6199951171875,11414.0341796875,440.0404968261719
2020-09-03,117.3584213256836,207.48997497558594,168.39999389648438,87.33435821533203,80.80762481689453,288.8531799316406,12.974466323852539,218.14999389648438,57.26958465576172,22.657194137573242,13.964818954467773,97.09616088867188,71.16752624511719,318.8939514160156,278.0555114746094,143.36026000976562,139.1866455078125,181.13999938964844,10245.296875,385.67193603515625
2020-09-04,117.43610382080078,204.57763671875,164.7310028076172,89.22187805175781,78.41241455078125,280.52850341796875,12.5827054977417,218.32000732421875,56.47117614746094,22.82870101928711,13.920906066894531,96.40300750732422,71.33245849609375,316.29034423828125,274.3502197265625,142.44671630859375,136.54373168945312,181.63999938964844,10511.8134765625,388.24114990234375
2020-09-05,117.43610382080078,204.57763671875,164.7310028076172,89.22187805175781,78.41241455078125,280.52850341796875,12.5827054977417,218.32000732421875,56.47117614746094,22.82870101928711,13.920906066894531,96.40300750732422,71.33245849609375,316.29034423828125,274.3502197265625,142.44671630859375,136.54373168945312,181.63999938964844,10169.5673828125,335.26007080078125
2020-09-06,117.43610382080078,204.57763671875,164.7310028076172,89.22187805175781,78.41241455078125,280.52850341796875,12.5827054977417,218.32000732421875,56.47117614746094,22.82870101928711,13.920906066894531,96.40300750732422,71.33245849609375,316.29034423828125,274.3502197265625,142.44671630859375,136.54373168945312,181.63999938964844,10280.3515625,353.3622741699219
2020-09-07,117.43610382080078,204.57763671875,164.7310028076172,89.22187805175781,78.41241455078125,280.52850341796875,12.5827054977417,218.32000732421875,56.47117614746094,22.82870101928711,13.920906066894531,96.40300750732422,71.33245849609375,316.29034423828125,274.3502197265625,142.44671630859375,136.54373168945312,181.63999938964844,10369.5634765625,352.6734924316406
2020-09-08,109.53325653076172,193.51089477539062,157.49200439453125,86.11908721923828,75.55553436279297,269.0486145019531,11.875443458557129,217.8000030517578,53.91822052001953,22.241962432861328,13.41388988494873,94.8160629272461,69.99453735351562,307.6483459472656,261.1638488769531,139.70591735839844,137.38270568847656,181.2899932861328,10131.5166015625,337.60211181640625
2020-09-09,113.90216064453125,201.75123596191406,163.4304962158203,86.93787384033203,76.72735595703125,271.5887145996094,12.674912452697754,219.6300048828125,55.67757034301758,22.46763038635254,13.505712509155273,96.4942398071289,71.07587432861328,313.7236022949219,268.835693359375,141.82211303710938,137.0135498046875,183.0500030517578,10242.34765625,351.1100158691406
2020-09-10,110.18373107910156,196.0985107421875,158.7554931640625,86.0415267944336,75.67703247070312,266.0025329589844,12.272932052612305,217.8000030517578,54.42020034790039,22.151695251464844,13.010675430297852,95.0167007446289,70.16864013671875,308.27618408203125,263.4760437011719,139.97625732421875,137.70997619628906,182.4600067138672,10363.138671875,368.1018981933594
2020-09-11,108.73711395263672,194.81906127929688,155.81100463867188,87.11027526855469,75.16675567626953,264.5340881347656,12.126148223876953,217.92999267578125,54.004276275634766,22.30514907836914,13.022653579711914,95.3906478881836,71.12169647216797,308.4331970214844,261.6475830078125,139.0439910888672,138.00363159179688,182.4499969482422,10400.9150390625,374.6955871582031
2020-09-12,108.73711395263672,194.81906127929688,155.81100463867188,87.11027526855469,75.16675567626953,264.5340881347656,12.126148223876953,217.92999267578125,54.004276275634766,22.30514907836914,13.022653579711914,95.3906478881836,71.12169647216797,308.4331970214844,261.6475830078125,139.0439910888672,138.00363159179688,182.4499969482422,10442.1708984375,387.18310546875
2020-09-13,108.73711395263672,194.81906127929688,155.81100463867188,87.11027526855469,75.16675567626953,264.5340881347656,12.126148223876953,217.92999267578125,54.004276275634766,22.30514907836914,13.022653579711914,95.3906478881836,71.12169647216797,308.4331970214844,261.6475830078125,139.0439910888672,138.00363159179688,182.4499969482422,10323.755859375,365.57000732421875
2020-09-14,111.99925994873047,196.13671875,155.14849853515625,88.31690216064453,74.82308197021484,264.0776062011719,12.831665992736816,219.94000244140625,55.137332916259766,22.612060546875,13.12246036529541,96.75870513916016,72.08392333984375,312.4955749511719,266.20416259765625,142.707763671875,137.99522399902344,183.88999938964844,10680.837890625,377.26885986328125
2020-09-15,112.17401123046875,199.35459899902344,157.80650329589844,85.56748962402344,76.1268081665039,270.29888916015625,12.950042724609375,218.94000244140625,55.682342529296875,22.30514907836914,13.026646614074707,96.88639831542969,72.12975311279297,314.0743713378906,269.9773864746094,142.97808837890625,137.65966796875,183.4499969482422,10796.951171875,364.8392028808594
2020-09-16,108.86335754394531,195.79295349121094,153.90499877929688,85.92947387695312,74.98475646972656,261.4681396484375,12.475045204162598,219.58999633789062,54.82179260253906,22.557899475097656,13.549630165100098,96.72223663330078,72.86286926269531,312.8280334472656,265.672119140625,144.329833984375,137.24853515625,183.97000122070312,10974.9052734375,365.8122863769531
2020-09-17,107.12549591064453,193.74960327148438,150.43649291992188,84.94693756103516,73.74251556396484,252.83587646484375,12.42420482635498,218.0500030517578,54.367610931396484,22.323204040527344,13.569589614868164,96.40300750732422,73.00948333740234,310.07659912109375,261.521728515625,143.27638244628906,137.66802978515625,182.9600067138672,10948.990234375,389.01922607421875
2020-09-18,103.72744750976562,191.34335327148438,147.74549865722656,84.76593017578125,71.95975494384766,250.56370544433594,12.150819778442383,218.2100067138672,53.43056869506836,22.27806854248047,13.417882919311523,96.25708770751953,72.19389343261719,306.50677490234375,258.1839599609375,142.90347290039062,137.24014282226562,183.1999969482422,10944.5859375,384.3645324707031
2020-09-19,103.72744750976562,191.34335327148438,147.74549865722656,84.76593017578125,71.95975494384766,250.56370544433594,12.150819778442383,218.2100067138672,53.43056869506836,22.27806854248047,13.417882919311523,96.25708770751953,72.19389343261719,306.50677490234375,258.1839599609375,142.90347290039062,137.24014282226562,183.1999969482422,11094.3466796875,385.54437255859375
2020-09-20,103.72744750976562,191.34335327148438,147.74549865722656,84.76593017578125,71.95975494384766,250.56370544433594,12.150819778442383,218.2100067138672,53.43056869506836,22.27806854248047,13.417882919311523,96.25708770751953,72.19389343261719,306.50677490234375,258.1839599609375,142.90347290039062,137.24014282226562,183.1999969482422,10938.271484375,371.0528259277344
2020-09-21,106.87307739257812,193.39627075195312,148.02349853515625,82.14582824707031,70.92082977294922,246.21778869628906,12.47778606414795,213.02000427246094,53.87473678588867,21.719871520996094,12.973136901855469,94.4788589477539,69.7973861694336,303.0954895019531,258.80316162109375,137.8973388671875,137.9364776611328,179.52000427246094,10462.259765625,341.78607177734375
2020-09-22,108.55267333984375,198.0559844970703,156.44949340820312,81.24945831298828,72.39266967773438,252.76641845703125,12.597905158996582,214.16000366210938,54.72761154174805,21.53834342956543,12.839223861694336,94.27742767333984,70.48735809326172,306.18231201171875,263.6114807128906,138.9601287841797,137.82740783691406,178.64999389648438,10538.4599609375,344.503173828125
2020-09-23,103.99930572509766,191.5343475341797,149.9929962158203,79.93077850341797,69.89183807373047,247.08102416992188,12.085526466369629,209.61000061035156,53.02185821533203,21.057289123535156,12.258944511413574,93.30680084228516,69.22700500488281,299.0815734863281,255.56222534179688,134.8201904296875,138.01199340820312,174.7899932861328,10246.1865234375,321.1163024902344
2020-09-24,105.06725311279297,194.01695251464844,150.989501953125,79.86185455322266,70.55982208251953,247.58706665039062,12.309065818786621,208.72000122070312,53.31893539428711,21.102670669555664,12.254886627197266,92.8398208618164,69.32821655273438,299.8788757324219,256.75213623046875,134.8201904296875,138.54061889648438,175.44000244140625,10760.06640625,349.3555908203125
2020-09-25,109.00898742675781,198.43792724609375,154.75650024414062,80.55997467041016,71.36318969726562,252.83587646484375,12.833163261413574,210.4499969482422,54.59345626831055,21.320507049560547,12.246774673461914,94.33235168457031,70.36774444580078,304.72698974609375,262.72137451171875,137.0098876953125,138.54061889648438,174.94000244140625,10692.716796875,352.1832580566406
2020-09-26,109.00898742675781,198.43792724609375,154.75650024414062,80.55997467041016,71.36318969726562,252.83587646484375,12.833163261413574,210.4499969482422,54.59345626831055,21.320507049560547,12.246774673461914,94.33235168457031,70.36774444580078,304.72698974609375,262.72137451171875,137.0098876953125,138.54061889648438,174.94000244140625,10750.7236328125,355.48809814453125
2020-09-27,109.00898742675781,198.43792724609375,154.75650024414062,80.55997467041016,71.36318969726562,252.83587646484375,12.833163261413574,210.4499969482422,54.59345626831055,21.320507049560547,12.246774673461914,94.33235168457031,70.36774444580078,304.72698974609375,262.72137451171875,137.0098876953125,138.54061889648438,174.94000244140625,10775.26953125,357.4385070800781
2020-09-28,111.61090087890625,199.9847869873047,158.70249938964844,82.87841796875,72.33514404296875,254.82032775878906,12.993906021118164,213.5399932861328,55.63798141479492,21.82878875732422,12.534884452819824,95.18390655517578,71.6373062133789,309.78826904296875,268.1778259277344,140.38815307617188,138.14625549316406,176.6999969482422,10709.65234375,355.159423828125
2020-09-29,110.7662582397461,197.90316772460938,157.24400329589844,82.1802978515625,72.70014953613281,259.7515869140625,13.184050559997559,210.44000244140625,55.451114654541016,21.55649185180664,12.189960479736328,95.06488800048828,71.00253295898438,308.1011962890625,266.9684753417969,139.75180053710938,138.30567932128906,178.19000244140625,10844.640625,359.75738525390625
2020-09-30,112.43614196777344,200.83462524414062,157.43649291992188,82.97321319580078,72.6792984008789,259.8607482910156,13.487841606140137,212.94000244140625,55.91587829589844,21.84693717956543,12.1534423828125,96.58489990234375,70.81855010986328,310.4372253417969,268.79693603515625,140.1728973388672,136.98001098632812,177.1199951171875,10784.4912109375,359.9378662109375
2020-10-01,113.3875961303711,202.86846923828125,161.06300354003906,83.57654571533203,73.78516387939453,264.553955078125,13.571578025817871,212.02000427246094,56.50522994995117,21.883243560791016,11.780112266540527,96.25526428222656,70.60697174072266,312.4302062988281,273.0633850097656,142.40948486328125,137.2060089111328,178.6999969482422,10619.4521484375,353.2059020996094
2020-10-02,109.72742462158203,196.88153076171875,156.25,84.36949157714844,72.18339538574219,257.9159851074219,13.021066665649414,211.17999267578125,55.07258987426758,22.05569839477539,11.893733978271484,95.37622833251953,71.39812469482422,309.4638977050781,265.3818359375,143.03648376464844,136.693603515625,178.5399932861328,10575.974609375,346.2389221191406
2020-10-03,109.72742462158203,196.88153076171875,156.25,84.36949157714844,72.18339538574219,257.9159851074219,13.021066665649414,211.17999267578125,55.07258987426758,22.05569839477539,11.893733978271484,95.37622833251953,71.39812469482422,309.4638977050781,265.3818359375,143.03648376464844,136.693603515625,178.5399932861328,10549.3291015625,346.5220947265625
2020-10-04,109.72742462158203,196.88153076171875,156.25,84.36949157714844,72.18339538574219,257.9159851074219,13.021066665649414,211.17999267578125,55.07258987426758,22.05569839477539,11.893733978271484,95.37622833251953,71.39812469482422,309.4638977050781,265.3818359375,143.03648376464844,136.693603515625,178.5399932861328,10669.5830078125,352.5790100097656
2020-10-05,113.10604095458984,200.88235473632812,159.9600067138672,86.1527328491211,73.53375244140625,262.5893249511719,13.599489212036133,212.36000061035156,56.280029296875,22.418752670288086,12.250829696655273,97.33575439453125,72.54808044433594,314.9516296386719,271.04144287109375,146.98545837402344,134.02273559570312,179.41000366210938,10793.33984375,353.956787109375
2020-10-06,109.86334228515625,196.6141357421875,154.9980010986328,85.26546478271484,71.95629119873047,256.64599609375,13.693193435668945,210.25999450683594,55.40799331665039,22.191844940185547,12.06822395324707,96.04464721679688,71.66490936279297,310.4742431640625,266.20416259765625,146.5644073486328,134.74501037597656,177.3000030517578,10604.40625,340.81585693359375
2020-10-07,111.72743225097656,200.35720825195312,159.7845001220703,86.75296783447266,72.35896301269531,256.1101989746094,13.919974327087402,213.2899932861328,56.42376708984375,22.563976287841797,12.238656997680664,97.85769653320312,73.24723815917969,315.8785095214844,270.8092346191406,149.7648162841797,133.76235961914062,177.22000122070312,10668.96875,341.80865478515625
2020-10-08,111.62061309814453,201.07333374023438,159.52749633789062,88.53619384765625,73.56350708007812,261.70623779296875,13.795119285583496,215.14999389648438,56.71604537963867,22.872577667236328,12.697198867797852,98.3338394165039,73.9739990234375,318.6780090332031,272.25079345703125,151.46795654296875,134.4847412109375,177.85000610351562,10915.685546875,350.7661437988281
2020-10-09,113.56234741210938,206.06716918945312,164.33250427246094,88.03166961669922,74.9034194946289,262.39093017578125,13.719356536865234,215.67999267578125,57.58329772949219,22.899803161621094,12.494305610656738,99.2220458984375,74.24999237060547,321.5239562988281,276.4108581542969,152.2540283203125,134.4595184326172,181.0800018310547,11064.4580078125,365.5904846191406
2020-10-10,113.56234741210938,206.06716918945312,164.33250427246094,88.03166961669922,74.9034194946289,262.39093017578125,13.719356536865234,215.67999267578125,57.58329772949219,22.899803161621094,12.494305610656738,99.2220458984375,74.24999237060547,321.5239562988281,276.4108581542969,152.2540283203125,134.4595184326172,181.0800018310547,11296.361328125,370.96759033203125
2020-10-11,113.56234741210938,206.06716918945312,164.33250427246094,88.03166961669922,74.9034194946289,262.39093017578125,13.719356536865234,215.67999267578125,57.58329772949219,22.899803161621094,12.494305610656738,99.2220458984375,74.24999237060547,321.5239562988281,276.4108581542969,152.2540283203125,134.4595184326172,181.0800018310547,11384.181640625,375.1420593261719
2020-10-12,120.77588653564453,211.4048309326172,172.14649963378906,89.11033630371094,77.58824157714844,273.6028747558594,14.181146621704102,216.41000366210938,59.15488815307617,23.15394401550293,12.526766777038574,99.89962005615234,74.67317962646484,326.6964416503906,284.9437255859375,153.27406311035156,134.88783264160156,180.55999755859375,11555.36328125,387.73126220703125
2020-10-13,117.5720443725586,212.7989501953125,172.18150329589844,87.66632843017578,77.71121215820312,273.9898681640625,14.203328132629395,212.30999755859375,58.77635955810547,22.709199905395508,12.331986427307129,99.13961029052734,73.84521484375,324.5643615722656,284.9340515136719,152.2540283203125,135.85362243652344,177.72000122070312,11425.8994140625,381.1907653808594
2020-10-14,117.65940856933594,210.8892364501953,168.1855010986328,87.17918395996094,77.53120422363281,269.7035217285156,14.050808906555176,210.91000366210938,58.46492004394531,22.49136734008789,12.384739875793457,98.562744140625,74.25920867919922,322.52508544921875,282.55419921875,150.7473907470703,136.1644744873047,178.27000427246094,11429.5068359375,379.4840393066406
2020-10-15,117.19339752197266,209.74339294433594,166.9324951171875,88.48401641845703,77.13597106933594,264.6431884765625,13.925957679748535,211.64999389648438,58.20139694213867,22.663814544677734,12.534884452819824,97.8485336303711,74.5260009765625,322.1264343261719,280.65789794921875,152.3008270263672,135.92930603027344,178.9199981689453,11495.349609375,377.44183349609375
2020-10-16,115.5526351928711,209.74339294433594,163.635498046875,88.30132293701172,77.7424545288086,263.8593444824219,13.767956733703613,211.91000366210938,58.033695220947266,22.681970596313477,12.250829696655273,98.8191146850586,75.0687484741211,321.9317321777344,279.11962890625,151.926513671875,135.55133056640625,178.3000030517578,11322.123046875,366.22900390625
2020-10-17,115.5526351928711,209.74339294433594,163.635498046875,88.30132293701172,77.7424545288086,263.8593444824219,13.767956733703613,211.91000366210938,58.033695220947266,22.681970596313477,12.250829696655273,98.8191146850586,75.0687484741211,321.9317321777344,279.11962890625,151.926513671875,135.55133056640625,178.3000030517578,11358.1015625,368.8559265136719
2020-10-18,115.5526351928711,209.74339294433594,163.635498046875,88.30132293701172,77.7424545288086,263.8593444824219,13.767956733703613,211.91000366210938,58.033695220947266,22.681970596313477,12.250829696655273,98.8191146850586,75.0687484741211,321.9317321777344,279.11962890625,151.926513671875,135.55133056640625,178.3000030517578,11483.359375,378.21368408203125
2020-10-19,112.60121154785156,204.5489501953125,160.36050415039062,86.81383514404297,75.87043762207031,259.3646545410156,13.455194473266602,208.99000549316406,56.97000503540039,22.337068557739258,11.99112319946289,97.25333404541016,74.13958740234375,317.037353515625,274.5630187988281,150.11106872558594,135.0389862060547,178.38999938964844,11742.037109375,379.93560791015625
2020-10-20,114.08660125732422,204.9595947265625,160.85049438476562,87.30966186523438,76.91827392578125,265.4767150878906,13.602479934692383,210.05999755859375,57.166439056396484,22.51859474182129,12.133149147033691,97.38153839111328,74.5260009765625,318.3072814941406,275.1531677246094,150.43858337402344,133.7539520263672,179.25,11916.3349609375,369.13690185546875
2020-10-21,113.46527099609375,205.10279846191406,159.2469940185547,86.43978881835938,78.64945983886719,276.55975341796875,13.482109069824219,210.17999267578125,57.0802001953125,22.400602340698242,11.901848793029785,96.89622497558594,73.7716293334961,317.7046813964844,274.9402770996094,149.14720153808594,133.29202270507812,180.60000610351562,12823.689453125,392.1899719238281
2020-10-22,112.37789916992188,205.18870544433594,158.82000732421875,89.49304962158203,79.67449188232422,275.9544677734375,13.31887435913086,211.61000061035156,56.81188201904297,22.845348358154297,12.392858505249023,98.3613052368164,74.37879943847656,319.44744873046875,274.9306335449219,151.7206573486328,131.90614318847656,178.8300018310547,12965.8916015625,413.7729797363281
2020-10-23,111.68856811523438,206.46826171875,160.22000122070312,90.30204772949219,80.97969818115234,282.572509765625,13.547405242919922,212.7100067138672,56.74959182739258,22.917959213256836,12.331986427307129,98.72757720947266,74.67317962646484,320.53204345703125,275.4723815917969,152.60031127929688,132.71249389648438,178.63999938964844,12931.5390625,409.7666931152344
2020-10-24,111.68856811523438,206.46826171875,160.22000122070312,90.30204772949219,80.97969818115234,282.572509765625,13.547405242919922,212.7100067138672,56.74959182739258,22.917959213256836,12.331986427307129,98.72757720947266,74.67317962646484,320.53204345703125,275.4723815917969,152.60031127929688,132.71249389648438,178.63999938964844,13108.0625,412.4576110839844
2020-10-25,111.68856811523438,206.46826171875,160.22000122070312,90.30204772949219,80.97969818115234,282.572509765625,13.547405242919922,212.7100067138672,56.74959182739258,22.917959213256836,12.331986427307129,98.72757720947266,74.67317962646484,320.53204345703125,275.4723815917969,152.60031127929688,132.71249389648438,178.63999938964844,13031.173828125,406.2177734375
2020-10-26,111.69828796386719,200.5959014892578,160.3520050048828,88.06646728515625,78.56515502929688,274.9523010253906,13.099817276000977,208.49000549316406,55.51819610595703,22.400602340698242,11.889674186706543,97.62877655029297,72.8056640625,314.6086120605469,271.34136962890625,149.3063201904297,133.9471435546875,178.5500030517578,13075.248046875,393.8883056640625
2020-10-27,113.203125,203.62274169921875,164.31649780273438,86.40499114990234,79.28868103027344,281.0841979980469,13.354514122009277,206.8800048828125,55.79609680175781,21.992164611816406,11.735475540161133,96.9603271484375,71.21414947509766,313.5240478515625,273.4600830078125,148.0242462158203,134.84580993652344,179.02000427246094,13654.21875,403.9970397949219
2020-10-28,107.9604263305664,193.52996826171875,158.13900756835938,83.97803497314453,74.92079162597656,265.5858459472656,12.587190628051758,200.6999969482422,53.429134368896484,21.42942237854004,11.244466781616211,93.88368225097656,68.87744140625,302.80810546875,262.7987976074219,143.46690368652344,134.9718017578125,176.1300048828125,13271.28515625,388.6507568359375
2020-10-29,111.96038818359375,195.47787475585938,160.55050659179688,84.52606201171875,77.20590209960938,278.64337158203125,12.982937812805176,201.50999450683594,54.32033920288086,21.592805862426758,11.58938980102539,93.11450958251953,69.88018798828125,305.88568115234375,267.3941955566406,145.17942810058594,133.66159057617188,175.39999389648438,13437.8828125,386.7301025390625
2020-10-30,105.6885986328125,193.32945251464844,151.8074951171875,85.2828598022461,80.14311218261719,261.0613098144531,12.494482040405273,201.89999389648438,53.117698669433594,21.656335830688477,11.654317855834961,93.08702850341797,69.7973861694336,302.6969299316406,260.6123352050781,143.26101684570312,132.34295654296875,176.1999969482422,13546.5224609375,382.8199768066406
2020-10-31,105.6885986328125,193.32945251464844,151.8074951171875,85.2828598022461,80.14311218261719,261.0613098144531,12.494482040405273,201.89999389648438,53.117698669433594,21.656335830688477,11.654317855834961,93.08702850341797,69.7973861694336,302.6969299316406,260.6123352050781,143.26101684570312,132.34295654296875,176.1999969482422,13780.9951171875,386.59033203125
2020-11-01,105.6885986328125,193.32945251464844,151.8074951171875,85.2828598022461,80.14311218261719,261.0613098144531,12.494482040405273,201.89999389648438,53.117698669433594,21.656335830688477,11.654317855834961,93.08702850341797,69.7973861694336,302.6969299316406,260.6123352050781,143.26101684570312,132.34295654296875,176.1999969482422,13737.109375,396.3581848144531
2020-11-02,105.6012191772461,193.1957550048828,150.2239990234375,87.20527648925781,80.55025482177734,259.32501220703125,12.541084289550781,204.30999755859375,53.251853942871094,22.064775466918945,12.051992416381836,94.76271057128906,71.68330383300781,306.08966064453125,261.19287109375,145.81578063964844,133.33425903320312,177.91000366210938,13550.4892578125,383.15673828125
2020-11-03,107.22259521484375,197.1106719970703,152.42050170898438,89.9541015625,81.60850524902344,263.2342834472656,12.978453636169434,206.6300048828125,54.19097900390625,22.554901123046875,11.98300838470459,96.14537811279297,73.7992172241211,311.4939270019531,265.71075439453125,149.9519805908203,132.5607147216797,178.9199981689453,13950.30078125,387.6021728515625
2020-11-04,111.6011962890625,206.62100219726562,162.05799865722656,87.20527648925781,86.57695007324219,285.142333984375,13.750761985778809,206.1699981689453,56.2992057800293,22.291688919067383,11.999238967895508,100.41239166259766,73.03564453125,318.45562744140625,277.5717468261719,150.1204071044922,135.43629455566406,178.82000732421875,14133.70703125,402.1419982910156
2020-11-05,115.56233215332031,213.20950317382812,166.10000610351562,90.77178955078125,87.40261840820312,292.38555908203125,14.115358352661133,207.4499969482422,58.04806900024414,22.836275100708008,11.999238967895508,100.61384582519531,74.75597381591797,324.6664123535156,284.8083190917969,154.32215881347656,135.67164611816406,182.92999267578125,15579.8486328125,414.0673522949219
2020-11-06,115.43104553222656,213.62008666992188,165.56849670410156,89.56267547607422,87.26525115966797,291.1253967285156,14.516088485717773,208.85000610351562,58.25410079956055,22.654741287231445,11.739532470703125,100.6504898071289,74.8295669555664,324.5921630859375,285.0211181640625,153.11495971679688,134.03208923339844,183.19000244140625,15565.880859375,454.71929931640625
2020-11-07,115.43104553222656,213.62008666992188,165.56849670410156,89.56267547607422,87.26525115966797,291.1253967285156,14.516088485717773,208.85000610351562,58.25410079956055,22.654741287231445,11.739532470703125,100.6504898071289,74.8295669555664,324.5921630859375,285.0211181640625,153.11495971679688,134.03208923339844,183.19000244140625,14833.75390625,435.713134765625
2020-11-08,115.43104553222656,213.62008666992188,165.56849670410156,89.56267547607422,87.26525115966797,291.1253967285156,14.516088485717773,208.85000610351562,58.25410079956055,22.654741287231445,11.739532470703125,100.6504898071289,74.8295669555664,324.5921630859375,285.0211181640625,153.11495971679688,134.03208923339844,183.19000244140625,15479.5673828125,453.5547790527344
2020-11-09,113.12610626220703,208.53073120117188,157.18699645996094,101.68877410888672,87.34906005859375,276.5993957519531,13.587776184082031,221.5,57.832454681396484,24.51540756225586,13.415449142456055,101.59362030029297,77.37786865234375,328.67083740234375,279.1970520019531,158.66424560546875,131.2153778076172,175.0800018310547,15332.3154296875,444.1630554199219
2020-11-10,112.78573608398438,201.48391723632812,151.75100708007812,101.35819244384766,86.17378234863281,270.3087463378906,12.729740142822266,228.47999572753906,56.75437927246094,24.64247703552246,13.84964656829834,101.8866195678711,78.7394027709961,328.1889343261719,274.1953430175781,161.61195373535156,130.45870971679688,175.66000366210938,15290.90234375,449.67962646484375
2020-11-11,116.2090835571289,206.77381896972656,156.8695068359375,99.84459686279297,86.6453857421875,274.32720947265625,13.375697135925293,227.3699951171875,58.10076141357422,24.542634963989258,13.707618713378906,101.75843811035156,78.07704162597656,330.6268310546875,280.3291015625,161.54649353027344,130.92953491210938,174.89999389648438,15701.33984375,462.9605407714844
2020-11-12,115.93677520751953,205.71388244628906,155.51400756835938,98.61808776855469,86.42669677734375,272.9381103515625,13.414326667785645,224.72000122070312,57.58329772949219,24.13419532775879,13.265305519104004,101.38301849365234,77.18467712402344,327.41943359375,279.01324462890625,159.0666046142578,133.1576385498047,175.9600067138672,16276.34375,461.0052795410156
2020-11-13,115.98539733886719,206.73558044433594,156.4405059814453,99.23570251464844,87.8866195678711,274.79364013671875,13.25507640838623,227.4199981689453,58.072017669677734,24.533559799194336,13.748198509216309,102.66496276855469,78.89579772949219,331.952392578125,281.4609375,162.3606414794922,132.98114013671875,177.16000366210938,16317.80859375,474.6264343261719
2020-11-14,115.98539733886719,206.73558044433594,156.4405059814453,99.23570251464844,87.8866195678711,274.79364013671875,13.25507640838623,227.4199981689453,58.072017669677734,24.533559799194336,13.748198509216309,102.66496276855469,78.89579772949219,331.952392578125,281.4609375,162.3606414794922,132.98114013671875,177.16000366210938,16068.138671875,460.14984130859375
2020-11-15,115.98539733886719,206.73558044433594,156.4405059814453,99.23570251464844,87.8866195678711,274.79364013671875,13.25507640838623,227.4199981689453,58.072017669677734,24.533559799194336,13.748198509216309,102.66496276855469,78.89579772949219,331.952392578125,281.4609375,162.3606414794922,132.98114013671875,177.16000366210938,15955.587890625,447.55908203125
2020-11-16,116.99684143066406,207.42312622070312,156.55299377441406,102.03670501708984,87.9743881225586,276.78790283203125,13.472639083862305,233.10000610351562,58.632625579833984,25.078140258789062,14.65311336517334,102.490966796875,80.81851196289062,336.09600830078125,283.6570739746094,166.2254638671875,132.66163635253906,177.14999389648438,16716.111328125,459.9403076171875
2020-11-17,116.11182403564453,204.7781524658203,156.7830047607422,101.00154876708984,87.3609619140625,272.8587341308594,13.37993335723877,233.16000366210938,58.30679702758789,25.041841506958008,14.803256034851074,101.82251739501953,80.60691833496094,334.2884826660156,282.75726318359375,167.0021514892578,133.52761840820312,176.5,17645.40625,480.3600769042969
2020-11-18,114.7891616821289,202.07839965820312,155.2729949951172,100.2534408569336,86.3185806274414,269.85235595703125,13.386411666870117,230.07000732421875,57.683921813964844,24.80585479736328,14.373116493225098,99.9271011352539,80.2481460571289,330.265380859375,280.6676330566406,164.66270446777344,133.91441345214844,175.49000549316406,17804.005859375,479.48406982421875
2020-11-19,115.38241577148438,203.3612823486328,155.8509979248047,100.52312469482422,87.20772552490234,270.81475830078125,13.397878646850586,229.52999877929688,58.148677825927734,24.88753890991211,14.608474731445312,99.85383605957031,80.45051574707031,331.65576171875,282.8638000488281,165.92599487304688,134.60389709472656,175.16000366210938,17817.08984375,471.63043212890625
2020-11-20,114.11811828613281,201.41786193847656,154.97000122070312,99.6619644165039,86.1073226928711,267.6000061035156,13.046487808227539,227.00999450683594,57.549766540527344,24.669706344604492,14.531373023986816,99.62492370605469,79.72376251220703,329.3846435546875,280.9288635253906,166.1038055419922,135.7977294921875,175.69000244140625,18621.314453125,509.74456787109375
2020-11-21,114.11811828613281,201.41786193847656,154.97000122070312,99.6619644165039,86.1073226928711,267.6000061035156,13.046487808227539,227.00999450683594,57.549766540527344,24.669706344604492,14.531373023986816,99.62492370605469,79.72376251220703,329.3846435546875,280.9288635253906,166.1038055419922,135.7977294921875,175.69000244140625,18642.232421875,549.4866333007812
2020-11-22,114.11811828613281,201.41786193847656,154.97000122070312,99.6619644165039,86.1073226928711,267.6000061035156,13.046487808227539,227.00999450683594,57.549766540527344,24.669706344604492,14.531373023986816,99.62492370605469,79.72376251220703,329.3846435546875,280.9288635253906,166.1038055419922,135.7977294921875,175.69000244140625,18370.001953125,558.068115234375
2020-11-23,110.72390747070312,201.14976501464844,154.91949462890625,102.53253936767578,85.66993713378906,266.33990478515625,13.09857177734375,229.5399932861328,57.53538513183594,25.132606506347656,15.558024406433105,99.36853790283203,81.05773162841797,331.3591613769531,280.9384765625,169.21066284179688,135.17556762695312,172.22999572753906,18364.12109375,608.4540405273438
2020-11-24,112.00768280029297,204.73989868164062,155.9029998779297,107.27336120605469,87.47203826904297,274.7638244628906,12.916897773742676,233.9199981689453,58.33554458618164,26.013015747070312,16.35743522644043,99.66156005859375,82.47443389892578,336.6986083984375,284.8857727050781,172.39239501953125,133.83035278320312,169.58999633789062,19107.46484375,603.8977661132812
2020-11-25,112.84408569335938,204.7494354248047,159.2534942626953,106.15123748779297,87.48344421386719,273.44415283203125,13.193022727966309,233.1300048828125,58.46013641357422,25.922250747680664,15.975987434387207,99.29529571533203,81.84886169433594,336.1794128417969,286.6368713378906,171.80284118652344,133.4182891845703,169.50999450683594,18732.12109375,570.6866455078125
2020-11-26,112.84408569335938,204.7494354248047,159.2534942626953,106.15123748779297,87.48344421386719,273.44415283203125,13.193022727966309,233.1300048828125,58.46013641357422,25.922250747680664,15.975987434387207,99.29529571533203,81.84886169433594,336.1794128417969,286.6368713378906,171.80284118652344,133.4182891845703,169.50999450683594,17150.623046875,518.8011474609375
2020-11-27,113.38870239257812,206.05142211914062,159.76699829101562,105.44662475585938,88.6185531616211,275.6468811035156,13.219439506530762,231.5500030517578,58.771575927734375,25.840566635131836,15.789324760437012,100.21096801757812,81.71087646484375,337.1157531738281,289.2778625488281,172.53273010253906,134.71315002441406,167.7899932861328,17108.40234375,517.4937133789062
2020-11-28,113.38870239257812,206.05142211914062,159.76699829101562,105.44662475585938,88.6185531616211,275.6468811035156,13.219439506530762,231.5500030517578,58.771575927734375,25.840566635131836,15.789324760437012,100.21096801757812,81.71087646484375,337.1157531738281,289.2778625488281,172.53273010253906,134.71315002441406,167.7899932861328,17717.4140625,538.2297973632812
2020-11-29,113.38870239257812,206.05142211914062,159.76699829101562,105.44662475585938,88.6185531616211,275.6468811035156,13.219439506530762,231.5500030517578,58.771575927734375,25.840566635131836,15.789324760437012,100.21096801757812,81.71087646484375,337.1157531738281,289.2778625488281,172.53273010253906,134.71315002441406,167.7899932861328,18177.484375,575.758056640625
2020-11-30,115.7811508178711,204.94091796875,158.40199279785156,102.54122161865234,87.00093841552734,274.81341552734375,13.359249114990234,228.91000366210938,59.164466857910156,25.305057525634766,14.916877746582031,100.48564147949219,80.98412322998047,335.6232604980469,289.8680725097656,169.39781188964844,134.54495239257812,166.6699981689453,19625.8359375,614.842529296875
2020-12-01,119.35038757324219,206.98965454101562,161.00399780273438,104.15923309326172,89.03215789794922,284.31878662109375,13.347782135009766,229.67999267578125,59.92151641845703,25.695341110229492,14.985860824584961,101.32807159423828,80.78170776367188,339.294189453125,293.5831604003906,170.97000122070312,132.5612030029297,170.17999267578125,18802.998046875,587.3241577148438
2020-12-02,119.70048522949219,206.1854705810547,160.17649841308594,106.15992736816406,90.5005111694336,285.28125,13.501797676086426,230.4199981689453,59.83048629760742,25.976707458496094,15.472811698913574,102.08808135986328,80.89210510253906,340.0079345703125,293.9604187011719,171.14776611328125,131.50917053222656,171.4600067138672,19201.091796875,598.3523559570312
2020-12-03,119.56433868408203,205.10365295410156,159.3365020751953,105.4640121459961,90.34529876708984,279.6554260253906,13.357712745666504,231.02000427246094,59.792137145996094,25.985788345336914,15.635126113891602,101.95987701416016,81.10372161865234,339.915283203125,294.3763732910156,172.11163330078125,132.56959533691406,172.80999755859375,19445.3984375,616.708740234375
2020-12-04,118.89330291748047,205.21853637695312,158.12899780273438,106.42088317871094,90.4405288696289,277.5221252441406,13.519498825073242,231.35000610351562,60.391075134277344,26.30345916748047,16.487285614013672,103.0495376586914,82.06964874267578,342.844482421875,295.5760803222656,176.11688232421875,130.6253662109375,172.32000732421875,18699.765625,569.3541870117188
2020-12-05,118.89330291748047,205.21853637695312,158.12899780273438,106.42088317871094,90.4405288696289,277.5221252441406,13.519498825073242,231.35000610351562,60.391075134277344,26.30345916748047,16.487285614013672,103.0495376586914,82.06964874267578,342.844482421875,295.5760803222656,176.11688232421875,130.6253662109375,172.32000732421875,19154.23046875,596.595458984375
2020-12-06,118.89330291748047,205.21853637695312,158.12899780273438,106.42088317871094,90.4405288696289,277.5221252441406,13.519498825073242,231.35000610351562,60.391075134277344,26.30345916748047,16.487285614013672,103.0495376586914,82.06964874267578,342.844482421875,295.5760803222656,176.11688232421875,130.6253662109375,172.32000732421875,19345.12109375,601.9089965820312
2020-12-07,120.35210418701172,205.15151977539062,157.89999389648438,106.02075958251953,90.10677337646484,283.3563537597656,13.567859649658203,229.24000549316406,60.56356430053711,26.121931076049805,16.101783752441406,102.41770935058594,81.67406463623047,342.1399841308594,297.2497253417969,176.28529357910156,131.8036346435547,174.88999938964844,19191.630859375,591.8433837890625
2020-12-08,120.96480560302734,206.79815673828125,158.864501953125,106.12512969970703,89.82410430908203,281.19329833984375,13.31184196472168,228.19000244140625,60.760009765625,26.11285400390625,16.34119987487793,103.19602966308594,82.06964874267578,343.1412048339844,298.2559814453125,178.5499267578125,132.42657470703125,175.5,18321.14453125,554.8277587890625
2020-12-09,118.43620300292969,202.7677459716797,155.2100067138672,105.29874420166016,88.16432189941406,275.75604248046875,12.893790245056152,227.50999450683594,59.59569549560547,26.04932403564453,16.37772560119629,102.83891296386719,82.253662109375,340.0635681152344,291.5031433105469,177.24917602539062,131.98892211914062,172.5,18553.916015625,573.4791259765625
2020-12-10,119.85610961914062,201.54229736328125,155.07449340820312,104.62023162841797,87.65801239013672,274.9622497558594,12.935171127319336,227.35000610351562,59.68193817138672,26.094709396362305,16.880903244018555,102.66496276855469,81.47168731689453,339.9523010253906,292.6737060546875,178.961669921875,133.15878295898438,172.1699981689453,18264.9921875,559.6785278320312
2020-12-11,119.04889678955078,204.16546630859375,155.8209991455078,104.00260925292969,88.0125732421875,271.4200134277344,12.976055145263672,226.38999938964844,59.5573616027832,25.831485748291016,16.68612289428711,102.26204681396484,81.66487121582031,339.55377197265625,292.02557373046875,178.08203125,133.63006591796875,172.49000549316406,18058.904296875,545.79736328125
2020-12-12,119.04889678955078,204.16546630859375,155.8209991455078,104.00260925292969,88.0125732421875,271.4200134277344,12.976055145263672,226.38999938964844,59.5573616027832,25.831485748291016,16.68612289428711,102.26204681396484,81.66487121582031,339.55377197265625,292.02557373046875,178.08203125,133.63006591796875,172.49000549316406,18803.65625,568.5673217773438
2020-12-13,119.04889678955078,204.16546630859375,155.8209991455078,104.00260925292969,88.0125732421875,271.4200134277344,12.976055145263672,226.38999938964844,59.5573616027832,25.831485748291016,16.68612289428711,102.26204681396484,81.66487121582031,339.55377197265625,292.02557373046875,178.08203125,133.63006591796875,172.49000549316406,19142.3828125,589.6632080078125
2020-12-14,118.43620300292969,205.0653839111328,157.84849548339844,102.90660095214844,86.89481353759766,272.0550231933594,13.270709991455078,222.85000610351562,59.772987365722656,25.531963348388672,16.101783752441406,101.4928970336914,80.60691833496094,338.0335998535156,294.1442565917969,178.2904052734375,133.25975036621094,171.5399932861328,19246.64453125,586.0111694335938
2020-12-15,124.36869812011719,204.9983367919922,158.25599670410156,104.6637191772461,87.33220672607422,273.40447998046875,13.322311401367188,224.3800048828125,60.769596099853516,25.967632293701172,16.418302536010742,102.5916976928711,81.72928619384766,342.6034851074219,297.2884521484375,182.749267578125,132.8136749267578,173.94000244140625,19417.076171875,589.3555908203125
2020-12-16,124.30062866210938,209.9287109375,162.04800415039062,104.96819305419922,87.13928985595703,273.5235595703125,13.204648971557617,221.91000366210938,61.1816520690918,26.013015747070312,16.33714485168457,102.28951263427734,81.22331237792969,343.1412048339844,298.9234619140625,182.09219360351562,132.46022033691406,174.89999389648438,21310.59765625,636.1818237304688
2020-12-17,125.16617584228516,210.06275939941406,161.8040008544922,104.09831237792969,86.3121337890625,272.34283447265625,13.303118705749512,224.67999267578125,61.66559600830078,26.085630416870117,16.260046005249023,103.38834381103516,81.72007751464844,345.0599365234375,300.8777160644531,184.2606658935547,132.109619140625,176.74000549316406,22805.162109375,642.8689575195312
2020-12-18,123.18219757080078,209.26815795898438,160.08250427246094,103.58509826660156,85.6034927368164,274.2478332519531,13.2340669631958,223.42999267578125,61.44997024536133,25.85871696472168,15.988163948059082,103.47074127197266,81.72928619384766,343.68218994140625,299.9682922363281,183.368896484375,131.71372985839844,176.44000244140625,23137.9609375,654.8119506835938
2020-12-19,123.18219757080078,209.26815795898438,160.08250427246094,103.58509826660156,85.6034927368164,274.2478332519531,13.2340669631958,223.42999267578125,61.44997024536133,25.85871696472168,15.988163948059082,103.47074127197266,81.72928619384766,343.68218994140625,299.9682922363281,183.368896484375,131.71372985839844,176.44000244140625,23869.83203125,659.2979125976562
2020-12-20,123.18219757080078,209.26815795898438,160.08250427246094,103.58509826660156,85.6034927368164,274.2478332519531,13.2340669631958,223.42999267578125,61.44997024536133,25.85871696472168,15.988163948059082,103.47074127197266,81.72928619384766,343.68218994140625,299.9682922363281,183.368896484375,131.71372985839844,176.44000244140625,23477.294921875,638.2908325195312
2020-12-21,124.70909118652344,213.09759521484375,160.3090057373047,107.47343444824219,86.0170669555664,270.66595458984375,13.294142723083496,223.49000549316406,61.511444091796875,26.20729637145996,15.679753303527832,102.43545532226562,81.23596954345703,342.45330810546875,299.4071044921875,183.27499389648438,132.2361297607422,175.8800048828125,22803.08203125,609.81787109375
2020-12-22,128.25888061523438,214.38999938964844,160.3260040283203,105.83808135986328,85.30594635009766,265.0104064941406,13.240296363830566,221.8800048828125,62.0445442199707,25.951793670654297,15.416568756103516,102.12284088134766,80.85722351074219,341.8761901855469,300.22125244140625,185.3589630126953,132.9185333251953,174.49000549316406,23783.029296875,634.8541870117188
2020-12-23,127.36414337158203,211.59454345703125,159.2635040283203,108.795654296875,85.70317077636719,266.02239990234375,12.972066879272461,224.24000549316406,61.57387924194336,26.380672454833984,15.75788402557373,102.1963882446289,81.28216552734375,342.183349609375,298.70928955078125,186.93597412109375,132.00021362304688,175.64999389648438,23241.345703125,583.714599609375
2020-12-24,128.34640502929688,213.250732421875,158.63450622558594,108.31723022460938,85.99723052978516,265.3179016113281,12.956611633300781,226.52999877929688,61.98210525512695,26.417173385620117,15.675638198852539,102.49061584472656,81.29141998291016,343.5146484375,300.0274353027344,186.81393432617188,132.52255249023438,176.35000610351562,23735.94921875,611.607177734375
2020-12-25,128.34640502929688,213.250732421875,158.63450622558594,108.31723022460938,85.99723052978516,265.3179016113281,12.956611633300781,226.52999877929688,61.98210525512695,26.417173385620117,15.675638198852539,102.49061584472656,81.29141998291016,343.5146484375,300.0274353027344,186.81393432617188,132.52255249023438,176.35000610351562,24664.791015625,626.4107055664062
2020-12-26,128.34640502929688,213.250732421875,158.63450622558594,108.31723022460938,85.99723052978516,265.3179016113281,12.956611633300781,226.52999877929688,61.98210525512695,26.417173385620117,15.675638198852539,102.49061584472656,81.29141998291016,343.5146484375,300.0274353027344,186.81393432617188,132.52255249023438,176.35000610351562,26437.037109375,635.8358154296875
2020-12-27,128.34640502929688,213.250732421875,158.63450622558594,108.31723022460938,85.99723052978516,265.3179016113281,12.956611633300781,226.52999877929688,61.98210525512695,26.417173385620117,15.675638198852539,102.49061584472656,81.29141998291016,343.5146484375,300.0274353027344,186.81393432617188,132.52255249023438,176.35000610351562,26272.294921875,682.642333984375
2020-12-28,132.93678283691406,215.3665313720703,164.197998046875,109.03050994873047,87.97091674804688,274.8431396484375,12.863128662109375,228.41000366210938,62.68326950073242,26.5449275970459,15.576948165893555,102.74805450439453,81.39305877685547,346.4657287597656,303.05133056640625,186.11932373046875,132.58148193359375,175.7100067138672,27084.80859375,730.3973388671875
2020-12-29,131.16677856445312,214.59107971191406,166.10000610351562,108.74346923828125,87.16756439208984,274.6248779296875,12.90625286102295,229.57000732421875,62.385520935058594,26.453670501708984,15.474138259887695,103.23535919189453,80.90342712402344,345.8047180175781,303.3226623535156,182.51461791992188,132.4130096435547,176.35000610351562,27362.4375,731.5201416015625
2020-12-30,130.04835510253906,212.2263641357422,164.29249572753906,109.04792785644531,86.10088348388672,269.75311279296875,13.108176231384277,229.64999389648438,62.35188293457031,26.57229995727539,15.71676254272461,103.21696472167969,81.42072296142578,346.2981262207031,303.33245849609375,184.37330627441406,132.69949340820312,177.6999969482422,28840.953125,751.6189575195312
2020-12-31,129.04661560058594,212.93482971191406,162.84649658203125,110.53541564941406,86.91366577148438,271.0331115722656,13.017683982849121,231.8699951171875,62.443153381347656,26.90080451965332,15.585173606872559,104.30192565917969,81.79947662353516,348.0575256347656,304.0787353515625,184.04473876953125,132.893310546875,178.36000061035156,29001.720703125,737.8034057617188
2021-01-01,129.04661560058594,212.93482971191406,162.84649658203125,110.53541564941406,86.91366577148438,271.0331115722656,13.017683982849121,231.8699951171875,62.443153381347656,26.90080451965332,15.585173606872559,104.30192565917969,81.79947662353516,348.0575256347656,304.0787353515625,184.04473876953125,132.893310546875,178.36000061035156,29374.15234375,730.3675537109375
2021-01-02,129.04661560058594,212.93482971191406,162.84649658203125,110.53541564941406,86.91366577148438,271.0331115722656,13.017683982849121,231.8699951171875,62.443153381347656,26.90080451965332,15.585173606872559,104.30192565917969,81.79947662353516,348.0575256347656,304.0787353515625,184.04473876953125,132.893310546875,178.36000061035156,32127.267578125,774.5349731445312
2021-01-03,129.04661560058594,212.93482971191406,162.84649658203125,110.53541564941406,86.91366577148438,271.0331115722656,13.017683982849121,231.8699951171875,62.443153381347656,26.90080451965332,15.585173606872559,104.30192565917969,81.79947662353516,348.0575256347656,304.0787353515625,184.04473876953125,132.893310546875,178.36000061035156,32782.0234375,975.5076904296875
2021-01-04,125.85665893554688,208.40652465820312,159.3314971923828,109.49156951904297,85.59901428222656,266.845947265625,13.076018333435059,228.4499969482422,61.42500305175781,26.53580093383789,15.609844207763672,103.85138702392578,79.82262420654297,343.3191833496094,299.78515625,181.6416473388672,132.73321533203125,182.3300018310547,31971.9140625,1040.2330322265625
2021-01-05,127.41278839111328,208.60755920410156,160.92550659179688,110.08734893798828,86.28932189941406,268.860107421875,13.366435050964355,227.47000122070312,61.823612213134766,26.6544246673584,16.308916091918945,104.6053237915039,80.60783386230469,345.6836853027344,302.2565612792969,184.4484405517578,131.74740600585938,182.8699951171875,33992.4296875,1100.006103515625
2021-01-06,123.12385559082031,203.19850158691406,156.91900634765625,115.25658416748047,85.43785858154297,261.259765625,12.578445434570312,230.27000427246094,60.757442474365234,27.83156394958496,16.806486129760742,106.03966522216797,82.52923583984375,347.7503356933594,298.06964111328125,191.99569702148438,129.04281616210938,179.89999389648438,36824.36328125,1207.1121826171875
2021-01-07,127.32523345947266,208.98092651367188,158.10800170898438,119.04151153564453,87.9897689819336,266.6474609375,13.30585765838623,232.8800048828125,62.395111083984375,28.233070373535156,17.053224563598633,107.41883850097656,82.98189544677734,352.91705322265625,305.2805480957031,195.41259765625,127.90548706054688,179.47999572753906,39371.04296875,1225.6781005859375
2021-01-08,128.4241943359375,210.2542266845703,159.13499450683594,119.17293548583984,89.15462493896484,265.48663330078125,13.238801002502441,234.02999877929688,62.79855728149414,28.214818954467773,17.03265380859375,107.9337387084961,82.77867126464844,354.9278869628906,309.2058410644531,194.9901885986328,127.49259948730469,173.33999633789062,40797.609375,1224.1971435546875
2021-01-09,128.4241943359375,210.2542266845703,159.13499450683594,119.17293548583984,89.15462493896484,265.48663330078125,13.238801002502441,234.02999877929688,62.79855728149414,28.214818954467773,17.03265380859375,107.9337387084961,82.77867126464844,354.9278869628906,309.2058410644531,194.9901885986328,127.49259948730469,173.33999633789062,40254.546875,1281.0772705078125
2021-01-10,128.4241943359375,210.2542266845703,159.13499450683594,119.17293548583984,89.15462493896484,265.48663330078125,13.238801002502441,234.02999877929688,62.79855728149414,28.214818954467773,17.03265380859375,107.9337387084961,82.77867126464844,354.9278869628906,309.2058410644531,194.9901885986328,127.49259948730469,173.33999633789062,38356.44140625,1262.2467041015625
2021-01-11,125.43849182128906,208.215087890625,155.7104949951172,120.95150756835938,87.09466552734375,254.84014892578125,13.582566261291504,233.42999267578125,62.27985763549805,28.30607032775879,17.29995346069336,108.43942260742188,82.7509536743164,352.5353088378906,304.73779296875,194.82115173339844,127.28196716308594,173.0,35566.65625,1090.1453857421875
2021-01-12,125.26344299316406,205.7642059326172,156.04150390625,122.85272216796875,86.15939331054688,249.13490295410156,13.446205139160156,233.02999877929688,61.98210525512695,28.59807014465332,17.90443992614746,107.26255798339844,83.5730972290039,352.6098327636719,304.25311279296875,198.31321716308594,127.18083190917969,174.1199951171875,33922.9609375,1043.4345703125
2021-01-13,127.29605865478516,207.11412048339844,158.29449462890625,122.9666519165039,86.64636993408203,249.68064880371094,13.493072509765625,234.50999450683594,62.37590789794922,28.579822540283203,17.764625549316406,107.55677032470703,82.85260009765625,353.55938720703125,306.3077697753906,196.89576721191406,128.61314392089844,173.3699951171875,37316.359375,1130.7393798828125
2021-01-14,125.37044525146484,203.9356689453125,156.37350463867188,123.68506622314453,85.83656311035156,243.72732543945312,13.162520408630371,235.02000427246094,61.828433990478516,28.707571029663086,18.290985107421875,107.21656799316406,83.13892364501953,352.3213195800781,304.66986083984375,200.82901000976562,127.40836334228516,173.27999877929688,39187.328125,1218.4530029296875
2021-01-15,123.6490249633789,203.5814666748047,155.21249389648438,121.46841430664062,85.67291259765625,249.40283203125,12.82274341583252,233.49000549316406,61.19447326660156,28.233070373535156,17.579574584960938,107.54757690429688,82.05814361572266,349.7518615722656,302.2565612792969,197.83445739746094,127.91390991210938,171.1300048828125,36825.3671875,1171.8345947265625
2021-01-16,123.6490249633789,203.5814666748047,155.21249389648438,121.46841430664062,85.67291259765625,249.40283203125,12.82274341583252,233.49000549316406,61.19447326660156,28.233070373535156,17.579574584960938,107.54757690429688,82.05814361572266,349.7518615722656,302.2565612792969,197.83445739746094,127.91390991210938,171.1300048828125,36178.140625,1233.53759765625
2021-01-17,123.6490249633789,203.5814666748047,155.21249389648438,121.46841430664062,85.67291259765625,249.40283203125,12.82274341583252,233.49000549316406,61.19447326660156,28.233070373535156,17.579574584960938,107.54757690429688,82.05814361572266,349.7518615722656,302.2565612792969,197.83445739746094,127.91390991210938,171.1300048828125,35791.27734375,1230.1722412109375
2021-01-18,123.6490249633789,203.5814666748047,155.21249389648438,121.46841430664062,85.67291259765625,249.40283203125,12.82274341583252,233.49000549316406,61.19447326660156,28.233070373535156,17.579574584960938,107.54757690429688,82.05814361572266,349.7518615722656,302.2565612792969,197.83445739746094,127.91390991210938,171.1300048828125,36630.07421875,1257.279541015625
2021-01-19,124.32007598876953,207.20985412597656,156.03799438476562,120.94276428222656,88.49211120605469,259.06695556640625,12.988021850585938,234.5500030517578,61.99169921875,28.30607032775879,17.9332275390625,108.35668182373047,82.32601928710938,352.4981689453125,306.66644287109375,200.36900329589844,128.32666015625,172.5800018310547,36069.8046875,1377.2958984375
2021-01-20,128.4047393798828,214.77293395996094,163.16900634765625,119.12911987304688,93.2329330444336,265.3972473144531,13.327548027038574,234.75999450683594,63.22117614746094,28.18744468688965,17.999021530151367,108.95431518554688,82.83409118652344,357.3763122558594,313.7998352050781,201.25140380859375,128.45309448242188,175.38999938964844,35547.75,1382.2740478515625
2021-01-21,133.11184692382812,215.37606811523438,165.34950256347656,118.13033294677734,93.43525695800781,270.74530029296875,13.827861785888672,234.16000366210938,64.03759002685547,27.88631820678711,17.390419006347656,108.43942260742188,82.18745422363281,357.70208740234375,316.31011962890625,199.50537109375,127.5516128540039,175.27999877929688,30825.69921875,1121.5709228515625
2021-01-22,135.25148010253906,216.31430053710938,164.6114959716797,117.2191390991211,93.8523178100586,272.36260986328125,13.67330551147461,232.9199981689453,63.792667388916016,27.685562133789062,17.29995346069336,108.11762237548828,81.76253509521484,356.43597412109375,315.3990478515625,201.8240203857422,127.9644775390625,173.89999389648438,33005.76171875,1236.51220703125
2021-01-23,135.25148010253906,216.31430053710938,164.6114959716797,117.2191390991211,93.8523178100586,272.36260986328125,13.67330551147461,232.9199981689453,63.792667388916016,27.685562133789062,17.29995346069336,108.11762237548828,81.76253509521484,356.43597412109375,315.3990478515625,201.8240203857422,127.9644775390625,173.89999389648438,32067.642578125,1230.9906005859375
2021-01-24,135.25148010253906,216.31430053710938,164.6114959716797,117.2191390991211,93.8523178100586,272.36260986328125,13.67330551147461,232.9199981689453,63.792667388916016,27.685562133789062,17.29995346069336,108.11762237548828,81.76253509521484,356.43597412109375,315.3990478515625,201.8240203857422,127.9644775390625,173.89999389648438,32289.37890625,1391.609375
2021-01-25,138.99574279785156,219.74160766601562,164.6999969482422,115.75597381591797,93.93761444091797,275.8453369140625,13.614224433898926,233.00999450683594,64.32576751708984,27.484811782836914,17.123125076293945,108.82559967041016,81.208251953125,357.8417053222656,318.00616455078125,201.6269073486328,129.47254943847656,174.0500030517578,32366.392578125,1324.414794921875
2021-01-26,139.2291259765625,222.42221069335938,166.30650329589844,115.28286743164062,94.6155014038086,279.8537902832031,13.3968505859375,231.57000732421875,64.36897277832031,27.26580810546875,16.757143020629883,108.42102813720703,80.46002960205078,357.28314208984375,318.471435546875,200.2282257080078,129.22824096679688,173.6199951171875,32569.849609375,1357.05810546875
2021-01-27,138.15936279296875,222.9678955078125,161.62899780273438,112.02361297607422,90.20149230957031,270.0210266113281,12.880827903747559,227.36000061035156,63.153926849365234,26.462799072265625,16.530973434448242,105.12943267822266,78.86190032958984,348.5509948730469,309.59344482421875,196.5578155517578,129.55686950683594,172.52000427246094,30432.546875,1253.1871337890625
2021-01-28,133.32583618164062,228.74070739746094,161.88099670410156,113.99493408203125,91.90045166015625,262.9366149902344,13.01369571685791,230.9499969482422,63.41326141357422,26.95555877685547,16.7242431640625,106.66490173339844,80.03507232666016,351.54852294921875,311.42523193359375,195.9288787841797,128.8406982421875,172.67999267578125,33466.09765625,1332.4921875
2021-01-29,128.336669921875,222.06796264648438,160.30999755859375,112.73329162597656,90.6190414428711,256.31854248046875,12.952622413635254,227.8699951171875,61.9196662902832,26.417173385620117,16.169097900390625,105.76383972167969,78.3076400756836,344.5107116699219,304.8734436035156,192.9625244140625,128.0655059814453,172.61000061035156,34316.38671875,1382.5228271484375
2021-01-30,128.336669921875,222.06796264648438,160.30999755859375,112.73329162597656,90.6190414428711,256.31854248046875,12.952622413635254,227.8699951171875,61.9196662902832,26.417173385620117,16.169097900390625,105.76383972167969,78.3076400756836,344.5107116699219,304.8734436035156,192.9625244140625,128.0655059814453,172.61000061035156,34269.5234375,1376.115478515625
2021-01-31,128.336669921875,222.06796264648438,160.30999755859375,112.73329162597656,90.6190414428711,256.31854248046875,12.952622413635254,227.8699951171875,61.9196662902832,26.417173385620117,16.169097900390625,105.76383972167969,78.3076400756836,344.5107116699219,304.8734436035156,192.9625244140625,128.0655059814453,172.61000061035156,33114.359375,1314.9862060546875
2021-02-01,130.45680236816406,229.4300537109375,167.1439971923828,113.56561279296875,93.87760162353516,259.9698791503906,13.199163436889648,229.32000732421875,63.47087860107422,26.76392936706543,16.284242630004883,106.16841888427734,79.12055969238281,350.2452392578125,312.491455078125,197.70306396484375,128.2139892578125,174.22999572753906,33537.17578125,1369.04052734375
2021-02-02,131.2834930419922,229.2960205078125,169.0,117.06143951416016,95.16943359375,265.0003967285156,13.5180025100708,232.24000549316406,64.3305435180664,27.41180992126465,16.4610652923584,106.47181701660156,80.80181884765625,355.1978454589844,317.5894775390625,200.5192108154297,127.3873519897461,172.11000061035156,35510.2890625,1515.1937255859375
2021-02-03,130.26234436035156,232.63720703125,165.62649536132812,118.40193176269531,102.10014343261719,264.5737609863281,13.491825103759766,232.67999267578125,64.10962677001953,27.566936492919922,17.16424560546875,105.7178726196289,80.85722351074219,355.47711181640625,316.3294982910156,201.11997985839844,126.25707244873047,171.85000610351562,37472.08984375,1660.9095458984375
2021-02-04,133.61758422851562,231.68939208984375,166.5500030517578,121.1267318725586,101.83979797363281,264.41497802734375,13.625192642211914,235.77000427246094,65.13258361816406,28.178319931030273,17.35340690612793,106.15918731689453,81.72557067871094,359.5173645019531,320.0705871582031,205.22219848632812,125.91961669921875,168.14999389648438,36926.06640625,1594.7626953125
2021-02-05,133.20362854003906,231.8712921142578,167.6074981689453,120.89019012451172,103.58536529541016,266.0124816894531,13.552153587341309,235.16000366210938,64.98851776123047,28.18744468688965,17.501447677612305,106.3522720336914,82.20594024658203,360.932373046875,321.1561584472656,208.06649780273438,124.86524963378906,169.80999755859375,38144.30859375,1718.65087890625
2021-02-06,133.20362854003906,231.8712921142578,167.6074981689453,120.89019012451172,103.58536529541016,266.0124816894531,13.552153587341309,235.16000366210938,64.98851776123047,28.18744468688965,17.501447677612305,106.3522720336914,82.20594024658203,360.932373046875,321.1561584472656,208.06649780273438,124.86524963378906,169.80999755859375,39266.01171875,1677.8468017578125
2021-02-07,133.20362854003906,231.8712921142578,167.6074981689453,120.89019012451172,103.58536529541016,266.0124816894531,13.552153587341309,235.16000366210938,64.98851776123047,28.18744468688965,17.501447677612305,106.3522720336914,82.20594024658203,360.932373046875,321.1561584472656,208.06649780273438,124.86524963378906,169.80999755859375,38903.44140625,1614.227783203125
2021-02-08,133.34970092773438,232.12979125976562,166.14700317382812,122.78264617919922,103.37163543701172,264.5042724609375,14.397480964660645,237.4199981689453,65.67048645019531,28.552448272705078,18.233415603637695,106.48100280761719,82.90799713134766,363.5390319824219,323.30767822265625,213.37965393066406,125.4134750366211,171.52000427246094,46196.46484375,1746.6168212890625
2021-02-09,132.47312927246094,233.37437438964844,165.25,122.29198455810547,102.91886901855469,267.3519287109375,14.222481727600098,239.91000366210938,65.59363555908203,28.56157112121582,18.040143966674805,106.63731384277344,83.1204833984375,363.29693603515625,323.2398986816406,214.38404846191406,125.50627136230469,172.0800018310547,46481.10546875,1768.0350341796875
2021-02-10,131.86924743652344,232.46484375,164.32899475097656,122.36209106445312,103.46882629394531,269.75311279296875,14.722047805786133,239.9199981689453,65.49761199951172,28.56157112121582,18.38556671142578,106.83039093017578,82.99112701416016,363.138671875,322.5032653808594,212.9759521484375,126.34133911132812,172.7100067138672,44918.18359375,1744.243408203125
2021-02-11,131.61605834960938,234.0636444091797,163.10650634765625,122.02042388916016,103.5813980102539,268.2846984863281,15.207160949707031,239.75999450683594,66.21797943115234,28.470321655273438,18.10182762145996,107.03268432617188,82.81561279296875,363.7252197265625,324.2769775390625,212.73190307617188,125.64974212646484,171.2100067138672,47909.33203125,1783.7979736328125
2021-02-12,131.84976196289062,234.54226684570312,163.885498046875,123.75521087646484,103.89282989501953,268.3938293457031,14.918488502502441,242.4600067138672,66.55896759033203,28.762325286865234,18.369115829467773,107.83258819580078,83.41607666015625,365.5218811035156,326.08941650390625,213.3327178955078,124.08914184570312,170.69000244140625,47504.8515625,1843.5325927734375
2021-02-13,131.84976196289062,234.54226684570312,163.885498046875,123.75521087646484,103.89282989501953,268.3938293457031,14.918488502502441,242.4600067138672,66.55896759033203,28.762325286865234,18.369115829467773,107.83258819580078,83.41607666015625,365.5218811035156,326.08941650390625,213.3327178955078,124.08914184570312,170.69000244140625,47105.515625,1814.10986328125
2021-02-14,131.84976196289062,234.54226684570312,163.885498046875,123.75521087646484,103.89282989501953,268.3938293457031,14.918488502502441,242.4600067138672,66.55896759033203,28.762325286865234,18.369115829467773,107.83258819580078,83.41607666015625,365.5218811035156,326.08941650390625,213.3327178955078,124.08914184570312,170.69000244140625,48717.2890625,1805.0841064453125
2021-02-15,131.84976196289062,234.54226684570312,163.885498046875,123.75521087646484,103.89282989501953,268.3938293457031,14.918488502502441,242.4600067138672,66.55896759033203,28.762325286865234,18.369115829467773,107.83258819580078,83.41607666015625,365.5218811035156,326.08941650390625,213.3327178955078,124.08914184570312,170.69000244140625,47945.05859375,1779.791015625
2021-02-16,129.72647094726562,233.30734252929688,163.44749450683594,126.73406219482422,104.6698989868164,271.8367919921875,15.286431312561035,245.27999877929688,66.34285736083984,29.255081176757812,18.829683303833008,106.76604461669922,83.33291625976562,365.2053527832031,325.2074279785156,211.9903106689453,122.19974517822266,168.24000549316406,49199.87109375,1781.0675048828125
2021-02-17,127.43754577636719,234.32447814941406,165.4320068359375,127.12830352783203,105.0626449584961,271.4399108886719,14.863393783569336,245.25,65.75691986083984,29.401081085205078,19.10930824279785,107.1522216796875,83.10198211669922,365.28924560546875,323.6469421386719,210.32882690429688,122.97577667236328,166.3300018310547,52149.0078125,1848.458251953125
2021-02-18,126.33696746826172,233.93101501464844,166.4114990234375,127.55764770507812,104.42740631103516,267.29241943359375,14.786615371704102,243.5,65.43515014648438,29.22770118713379,18.677534103393555,106.48100280761719,82.6863021850586,363.7344970703125,322.2319030761719,207.0714874267578,122.47810363769531,166.32000732421875,51679.796875,1937.44921875
2021-02-19,126.4927978515625,231.22506713867188,162.4949951171875,129.6866455078125,103.58438110351562,259.52337646484375,14.883835792541504,241.85000610351562,65.33909606933594,29.574460983276367,18.99005889892578,105.19380950927734,84.04422760009766,363.09210205078125,320.82659912109375,211.38955688476562,120.85009765625,167.00999450683594,55888.1328125,1960.164794921875
2021-02-20,126.4927978515625,231.22506713867188,162.4949951171875,129.6866455078125,103.58438110351562,259.52337646484375,14.883835792541504,241.85000610351562,65.33909606933594,29.574460983276367,18.99005889892578,105.19380950927734,84.04422760009766,363.09210205078125,320.82659912109375,211.38955688476562,120.85009765625,167.00999450683594,56099.51953125,1919.5340576171875
2021-02-21,126.4927978515625,231.22506713867188,162.4949951171875,129.6866455078125,103.58438110351562,259.52337646484375,14.883835792541504,241.85000610351562,65.33909606933594,29.574460983276367,18.99005889892578,105.19380950927734,84.04422760009766,363.09210205078125,320.82659912109375,211.38955688476562,120.85009765625,167.00999450683594,57539.9453125,1935.60107421875
2021-02-22,122.72344207763672,225.0263214111328,159.03700256347656,130.90451049804688,101.87104797363281,258.3029479980469,14.314718246459961,244.97000122070312,63.89833450317383,29.848217010498047,19.648008346557617,104.94554138183594,84.3121337890625,360.29937744140625,312.5108337402344,210.0189971923828,119.9306411743164,169.50999450683594,54207.3203125,1781.992919921875
2021-02-23,122.58708190917969,223.8364715576172,159.72500610351562,131.9558563232422,102.16162872314453,263.7898864746094,14.101578712463379,245.52999877929688,63.72064971923828,30.03071403503418,19.972869873046875,104.77082824707031,84.57078552246094,360.7368469238281,311.580322265625,208.16976928710938,119.5848388671875,169.1199951171875,48824.42578125,1570.2039794921875
2021-02-24,122.09033203125,225.06471252441406,157.97650146484375,134.27760314941406,103.33642578125,262.2519836425781,14.457558631896973,248.4499969482422,64.69556427001953,30.61472511291504,20.680164337158203,105.49720764160156,86.16887664794922,364.71197509765625,314.14874267578125,213.08863830566406,118.80033874511719,169.0,49705.33203125,1626.57568359375
2021-02-25,117.84374237060547,219.7296142578125,152.85800170898438,132.45523071289062,99.97123718261719,252.70687866210938,13.269464492797852,243.69000244140625,62.43354797363281,30.058082580566406,20.281282424926758,104.43982696533203,84.58000946044922,355.9239501953125,303.19671630859375,205.2128143310547,116.86027526855469,165.82000732421875,47093.8515625,1475.7037353515625
2021-02-26,118.1067123413086,222.9824676513672,154.64649963378906,128.94189453125,100.26679229736328,255.61404418945312,13.675299644470215,240.50999450683594,62.76490783691406,29.48320770263672,19.80015754699707,103.53876495361328,83.70243072509766,354.0899658203125,304.4663391113281,204.93116760253906,120.72364044189453,161.80999755859375,46339.76171875,1446.03369140625
2021-02-27,118.1067123413086,222.9824676513672,154.64649963378906,128.94189453125,100.26679229736328,255.61404418945312,13.675299644470215,240.50999450683594,62.76490783691406,29.48320770263672,19.80015754699707,103.53876495361328,83.70243072509766,354.0899658203125,304.4663391113281,204.93116760253906,120.72364044189453,161.80999755859375,46188.453125,1459.97314453125
2021-02-28,118.1067123413086,222.9824676513672,154.64649963378906,128.94189453125,100.26679229736328,255.61404418945312,13.675299644470215,240.50999450683594,62.76490783691406,29.48320770263672,19.80015754699707,103.53876495361328,83.70243072509766,354.0899658203125,304.4663391113281,204.93116760253906,120.72364044189453,161.80999755859375,45137.76953125,1416.0489501953125
2021-03-01,124.46688842773438,227.35806274414062,157.3070068359375,131.85946655273438,102.63473510742188,262.8472595214844,13.802186965942383,249.2100067138672,64.78680419921875,30.404842376708984,20.314180374145508,104.89037322998047,85.84557342529297,362.6731872558594,313.62542724609375,212.21568298339844,119.12909698486328,161.52999877929688,49631.2421875,1564.7076416015625
2021-03-02,121.86631774902344,224.41220092773438,154.72650146484375,131.43017578125,102.37784576416016,256.9833068847656,13.36793041229248,249.22000122070312,63.75906753540039,30.295339584350586,20.203147888183594,104.58695983886719,85.59617614746094,359.84320068359375,308.59515380859375,208.1322021484375,119.13754272460938,162.41000366210938,48378.98828125,1492.6087646484375
2021-03-03,118.88589477539062,218.35739135742188,150.25,133.97100830078125,99.74609375,253.42129516601562,12.768150329589844,251.5500030517578,62.15498733520508,30.5325984954834,20.49922752380371,103.2629165649414,85.68852996826172,355.0767822265625,299.63970947265625,205.87928771972656,117.845458984375,160.6199951171875,50538.2421875,1575.8531494140625
2021-03-04,117.00608825683594,217.56092834472656,148.8784942626953,131.912109375,100.86286926269531,255.63397216796875,12.334890365600586,245.47999572753906,60.78144836425781,30.18584442138672,20.98857879638672,101.87460327148438,84.32136535644531,350.682861328125,294.7355651855469,200.12493896484375,117.08536529541016,159.0399932861328,48561.16796875,1541.914306640625
2021-03-05,118.26251220703125,222.2340087890625,150.0229949951172,132.21871948242188,103.99398803710938,262.2221984863281,12.425883293151855,253.14999389648438,61.92927551269531,30.760713577270508,21.774005889892578,103.915771484375,86.31670379638672,357.1341247558594,299.17449951171875,204.3679656982422,117.31334686279297,159.13999938964844,48927.3046875,1533.2750244140625
2021-03-06,118.26251220703125,222.2340087890625,150.0229949951172,132.21871948242188,103.99398803710938,262.2221984863281,12.425883293151855,253.14999389648438,61.92927551269531,30.760713577270508,21.774005889892578,103.915771484375,86.31670379638672,357.1341247558594,299.17449951171875,204.3679656982422,117.31334686279297,159.13999938964844,48912.3828125,1654.7415771484375
2021-03-07,118.26251220703125,222.2340087890625,150.0229949951172,132.21871948242188,103.99398803710938,262.2221984863281,12.425883293151855,253.14999389648438,61.92927551269531,30.760713577270508,21.774005889892578,103.915771484375,86.31670379638672,357.1341247558594,299.17449951171875,204.3679656982422,117.31334686279297,159.13999938964844,51206.69140625,1723.15380859375
2021-03-08,113.33413696289062,218.1942596435547,147.59750366210938,133.97100830078125,99.55220031738281,253.32208251953125,11.560112953186035,257.6099853515625,60.430870056152344,31.15309715270996,21.815126419067383,103.6583023071289,87.22200012207031,355.3560791015625,290.70367431640625,205.33485412597656,116.40128326416016,157.49000549316406,52246.5234375,1834.7279052734375
2021-03-09,117.94113159179688,224.32582092285156,153.1425018310547,133.02476501464844,101.18173217773438,263.6708679199219,12.488774299621582,259.0199890136719,62.48637008666992,30.87023162841797,21.432693481445312,104.2651596069336,86.86172485351562,360.4296569824219,302.1693115234375,209.6529083251953,118.0143814086914,160.83999633789062,54824.1171875,1868.048828125
2021-03-10,116.85997772216797,223.0208740234375,152.8820037841797,135.91604614257812,100.97494506835938,262.8373718261719,12.43690299987793,263.989990234375,62.23662567138672,31.499841690063477,21.975502014160156,104.50418853759766,88.14574432373047,362.6731872558594,301.3067626953125,213.2951202392578,118.25080871582031,161.66000366210938,56008.55078125,1799.166259765625
2021-03-11,118.78849792480469,227.54039001464844,155.67950439453125,135.2063446044922,104.16606140136719,271.7474670410156,12.960831642150879,260.9100036621094,63.56696701049805,31.408599853515625,21.983722686767578,105.13860321044922,88.21041107177734,366.3504638671875,308.2462463378906,217.9887237548828,117.3978271484375,161.52000427246094,57805.12109375,1826.1949462890625
2021-03-12,117.8826904296875,226.21617126464844,154.47450256347656,136.8096923828125,101.65978240966797,266.3101806640625,12.823678970336914,260.0199890136719,63.1107177734375,31.727983474731445,22.02895736694336,105.36846923828125,89.39283752441406,366.84375,305.7457275390625,219.27474975585938,114.90650177001953,161.49000549316406,57332.08984375,1772.1024169921875
2021-03-13,117.8826904296875,226.21617126464844,154.47450256347656,136.8096923828125,101.65978240966797,266.3101806640625,12.823678970336914,260.0199890136719,63.1107177734375,31.727983474731445,22.02895736694336,105.36846923828125,89.39283752441406,366.84375,305.7457275390625,219.27474975585938,114.90650177001953,161.49000549316406,61243.0859375,1924.6854248046875
2021-03-14,117.8826904296875,226.21617126464844,154.47450256347656,136.8096923828125,101.65978240966797,266.3101806640625,12.823678970336914,260.0199890136719,63.1107177734375,31.727983474731445,22.02895736694336,105.36846923828125,89.39283752441406,366.84375,305.7457275390625,219.27474975585938,114.90650177001953,161.49000549316406,59302.31640625,1854.5643310546875
2021-03-15,120.76570892333984,225.314208984375,154.08399963378906,136.12628173828125,101.87995910644531,271.6184997558594,13.158085823059082,254.61000061035156,63.78306579589844,31.545482635498047,21.778120040893555,106.09484100341797,90.14108276367188,369.03155517578125,309.0119323730469,220.0539093017578,115.58208465576172,162.1999969482422,55907.19921875,1791.7022705078125
2021-03-16,122.30461883544922,228.09689331054688,154.59300231933594,134.49664306640625,103.34039306640625,277.1054382324219,13.257835388183594,251.5,64.26331329345703,31.216981887817383,21.157175064086914,106.03046417236328,88.85704803466797,368.5660095214844,310.7081298828125,216.37413024902344,115.11760711669922,162.35000610351562,56804.90234375,1806.9718017578125
2021-03-17,121.51569366455078,227.45399475097656,156.7864990234375,135.88099670410156,103.25757598876953,281.798583984375,13.307709693908691,252.0,64.21049499511719,31.426847457885742,21.321666717529297,105.64432525634766,89.88245391845703,369.8228454589844,311.9873962402344,218.07321166992188,114.25619506835938,163.50999450683594,58870.89453125,1823.4493408203125
2021-03-18,117.39569091796875,221.3895721435547,151.39950561523438,138.1239013671875,100.23853302001953,276.4505615234375,12.690515518188477,252.4600067138672,62.428749084472656,31.59111213684082,20.363525390625,105.42363739013672,89.79928588867188,364.4420166015625,302.4310607910156,211.43650817871094,113.09919738769531,162.55999755859375,57858.921875,1782.8551025390625
2021-03-19,116.86973571777344,221.0345458984375,153.7480010986328,135.92477416992188,100.51722717285156,287.8511047363281,12.813453674316406,250.99000549316406,62.241432189941406,31.226106643676758,20.367637634277344,105.80062103271484,89.1156997680664,363.7677001953125,303.4971923828125,213.0323028564453,113.8001480102539,163.24000549316406,58346.65234375,1817.6241455078125
2021-03-20,116.86973571777344,221.0345458984375,153.7480010986328,135.92477416992188,100.51722717285156,287.8511047363281,12.813453674316406,250.99000549316406,62.241432189941406,31.226106643676758,20.367637634277344,105.80062103271484,89.1156997680664,363.7677001953125,303.4971923828125,213.0323028564453,113.8001480102539,163.24000549316406,58313.64453125,1812.6346435546875
2021-03-21,116.86973571777344,221.0345458984375,153.7480010986328,135.92477416992188,100.51722717285156,287.8511047363281,12.813453674316406,250.99000549316406,62.241432189941406,31.226106643676758,20.367637634277344,105.80062103271484,89.1156997680664,363.7677001953125,303.4971923828125,213.0323028564453,113.8001480102539,163.24000549316406,57523.421875,1788.217041015625
2021-03-22,120.18130493164062,226.4464569091797,155.5435028076172,132.27127075195312,100.70218658447266,291.25439453125,13.15310001373291,250.36000061035156,63.46531677246094,30.823734283447266,20.172313690185547,106.7214126586914,89.065673828125,366.6723937988281,309.188720703125,211.42706298828125,115.07539367675781,163.0,54529.14453125,1691.333984375
2021-03-23,119.3534164428711,227.97218322753906,156.875,130.94830322265625,101.2298355102539,288.3670654296875,13.037888526916504,248.30999755859375,63.07066345214844,30.392953872680664,19.87725067138672,105.64192962646484,87.50896453857422,363.7863464355469,307.83984375,203.7577667236328,116.11416625976562,161.80999755859375,54738.9453125,1678.650146484375
2021-03-24,116.96713256835938,225.93792724609375,154.35350036621094,131.96463012695312,100.79345703125,279.94317626953125,12.611213684082031,249.6300048828125,62.30544662475586,30.502939224243164,20.375947952270508,105.52198791503906,88.14833068847656,361.9370422363281,302.6481018066406,199.04542541503906,116.73912811279297,162.3699951171875,52774.265625,1593.4134521484375
2021-03-25,117.45414733886719,222.94406127929688,152.31300354003906,133.65557861328125,100.78997039794922,276.56964111328125,12.503735542297363,250.75,62.26695251464844,31.016202926635742,20.45075225830078,105.96483612060547,89.55677032470703,363.97320556640625,302.12396240234375,203.76478576660156,115.81858825683594,161.77999877929688,51704.16015625,1595.3592529296875
2021-03-26,118.05799102783203,226.91665649414062,152.60150146484375,135.88099670410156,100.40664672851562,280.8162841796875,12.80696964263916,256.7699890136719,63.850341796875,31.50197982788086,20.957763671875,107.96695709228516,91.10421752929688,369.8386535644531,306.6558532714844,207.47967529296875,115.4131851196289,162.24000549316406,55137.3125,1702.842041015625
2021-03-27,118.05799102783203,226.91665649414062,152.60150146484375,135.88099670410156,100.40664672851562,280.8162841796875,12.80696964263916,256.7699890136719,63.850341796875,31.50197982788086,20.957763671875,107.96695709228516,91.10421752929688,369.8386535644531,306.6558532714844,207.47967529296875,115.4131851196289,162.24000549316406,55973.51171875,1716.49462890625
2021-03-28,118.05799102783203,226.91665649414062,152.60150146484375,135.88099670410156,100.40664672851562,280.8162841796875,12.80696964263916,256.7699890136719,63.850341796875,31.50197982788086,20.957763671875,107.96695709228516,91.10421752929688,369.8386535644531,306.6558532714844,207.47967529296875,115.4131851196289,162.24000549316406,55950.74609375,1691.35595703125
2021-03-29,118.23332977294922,225.726806640625,153.7864990234375,133.76950073242188,101.45100402832031,288.5555725097656,12.915696144104004,258.82000732421875,63.518253326416016,31.227020263671875,20.708417892456055,108.47441864013672,91.12273406982422,369.6517333984375,306.568603515625,201.6392364501953,114.43354797363281,160.30999755859375,57750.19921875,1819.6849365234375
2021-03-30,116.78208923339844,222.47390747070312,152.76449584960938,135.3465118408203,101.48472595214844,285.7575378417969,12.839388847351074,258.19000244140625,62.916656494140625,31.44699478149414,20.529714584350586,107.49642181396484,91.52118682861328,368.671142578125,305.025634765625,205.03440856933594,115.03314971923828,157.57000732421875,58917.69140625,1846.03369140625
2021-03-31,118.97355651855469,226.2353973388672,154.70399475097656,133.37522888183594,102.28064727783203,292.2366638183594,13.314692497253418,255.47000122070312,63.917694091796875,31.208694458007812,20.388416290283203,107.70863342285156,91.22465515136719,370.16546630859375,309.6933288574219,207.79005432128906,114.39131927490234,159.9600067138672,58918.83203125,1918.362060546875
2021-04-01,119.80144500732422,232.5492401123047,158.0500030517578,134.67190551757812,105.61608123779297,296.3345642089844,13.777024269104004,258.20001220703125,65.20271301269531,31.593645095825195,20.907894134521484,107.3857192993164,91.53046417236328,374.16290283203125,314.9724426269531,210.4233856201172,116.28985595703125,161.97999572753906,59095.80859375,1977.27685546875
2021-04-02,119.80144500732422,232.5492401123047,158.0500030517578,134.67190551757812,105.61608123779297,296.3345642089844,13.777024269104004,258.20001220703125,65.20271301269531,31.593645095825195,20.907894134521484,107.3857192993164,91.53046417236328,374.16290283203125,314.9724426269531,210.4233856201172,116.28985595703125,161.97999572753906,59384.3125,2143.2255859375
2021-04-03,119.80144500732422,232.5492401123047,158.0500030517578,134.67190551757812,105.61608123779297,296.3345642089844,13.777024269104004,258.20001220703125,65.20271301269531,31.593645095825195,20.907894134521484,107.3857192993164,91.53046417236328,374.16290283203125,314.9724426269531,210.4233856201172,116.28985595703125,161.97999572753906,57603.890625,2028.4224853515625
2021-04-04,119.80144500732422,232.5492401123047,158.0500030517578,134.67190551757812,105.61608123779297,296.3345642089844,13.777024269104004,258.20001220703125,65.20271301269531,31.593645095825195,20.907894134521484,107.3857192993164,91.53046417236328,374.16290283203125,314.9724426269531,210.4233856201172,116.28985595703125,161.97999572753906,58758.5546875,2093.122802734375
2021-04-05,122.62603759765625,238.9974822998047,161.3365020751953,135.38577270507812,110.03852081298828,306.5047607421875,13.952335357666016,262.6600036621094,66.55027770996094,31.84111213684082,20.409196853637695,108.1330337524414,92.66090393066406,379.5333557128906,321.2608337402344,211.5801544189453,115.78247833251953,161.9199981689453,59057.87890625,2107.88720703125
2021-04-06,122.92797088623047,237.83645629882812,161.1909942626953,134.4339599609375,109.55751037597656,303.8753356933594,13.826652526855469,263.05999755859375,66.26629638671875,31.776954650878906,20.355175018310547,107.71786499023438,92.43853759765625,379.3092041015625,321.03765869140625,210.95945739746094,116.5689697265625,163.22000122070312,58192.359375,2118.37890625
2021-04-07,124.57404327392578,239.7939453125,163.96949768066406,136.54026794433594,111.03380584716797,310.6521911621094,14.107941627502441,263.6199951171875,66.61763000488281,31.932771682739258,20.425817489624023,107.47797393798828,92.01229095458984,379.74810791015625,321.8140563964844,207.554931640625,115.7571029663086,162.75999450683594,56048.9375,1971.0772705078125
2021-04-08,126.97005462646484,243.00845336914062,164.96499633789062,136.70773315429688,111.59912872314453,310.58270263671875,14.281007766723633,263.510009765625,67.58019256591797,31.94192886352539,20.159849166870117,107.64405822753906,92.23468017578125,381.55072021484375,325.1717224121094,209.31361389160156,116.71271514892578,164.50999450683594,58323.953125,2088.57373046875
2021-04-09,129.54144287109375,245.50331115722656,168.61000061035156,137.73001098632812,112.60282897949219,310.02703857421875,14.363797187805176,266.010009765625,68.22990417480469,32.21689987182617,20.02686309814453,108.82502746582031,93.13348388671875,384.32470703125,327.1417541503906,209.3418426513672,116.28985595703125,163.27000427246094,58245.00390625,2072.10888671875
2021-04-10,129.54144287109375,245.50331115722656,168.61000061035156,137.73001098632812,112.60282897949219,310.02703857421875,14.363797187805176,266.010009765625,68.22990417480469,32.21689987182617,20.02686309814453,108.82502746582031,93.13348388671875,384.32470703125,327.1417541503906,209.3418426513672,116.28985595703125,163.27000427246094,59793.234375,2135.942138671875
2021-04-11,129.54144287109375,245.50331115722656,168.61000061035156,137.73001098632812,112.60282897949219,310.02703857421875,14.363797187805176,266.010009765625,68.22990417480469,32.21689987182617,20.02686309814453,108.82502746582031,93.13348388671875,384.32470703125,327.1417541503906,209.3418426513672,116.28985595703125,163.27000427246094,60204.96484375,2157.656982421875
2021-04-12,127.8271713256836,245.56089782714844,168.96949768066406,137.439208984375,111.31101989746094,309.1142578125,15.170763969421387,267.92999267578125,67.90262603759766,32.35438919067383,19.868940353393555,108.93572235107422,93.47634887695312,384.4647216796875,326.7148132324219,208.5236053466797,116.2391586303711,162.27999877929688,59893.453125,2139.353271484375
2021-04-13,130.93421936035156,248.03651428222656,170.0,135.8000030517578,111.79749298095703,307.3481140136719,15.6400785446167,267.1000061035156,68.542724609375,32.05192184448242,19.889719009399414,109.38783264160156,93.02230072021484,385.60418701171875,330.5284729003906,207.97813415527344,117.1102066040039,163.42999267578125,63503.45703125,2299.187744140625
2021-04-14,128.5966339111328,245.2538299560547,166.64999389648438,133.26182556152344,111.17662811279297,300.46209716796875,15.238591194152832,267.5299987792969,67.81600952148438,32.24440002441406,20.44244384765625,109.37861633300781,93.14273834228516,384.2873229980469,326.5594177246094,210.02838134765625,116.73808288574219,162.72000122070312,63109.6953125,2435.10498046875
2021-04-15,131.00238037109375,249.0057373046875,168.95449829101562,134.10789489746094,113.32586669921875,305.4231872558594,16.096681594848633,269.1400146484375,68.98069763183594,32.21689987182617,20.27621078491211,111.25154113769531,93.51338958740234,388.41558837890625,331.5086364746094,210.9406280517578,118.6916275024414,165.35000610351562,63314.01171875,2519.1162109375
2021-04-16,130.6712646484375,250.19552612304688,169.9720001220703,135.10374450683594,113.20189666748047,303.7959899902344,15.8724946975708,272.1099853515625,68.96625518798828,32.446044921875,20.114133834838867,112.08192443847656,93.71723937988281,389.7137451171875,331.8968200683594,211.27919006347656,117.76984405517578,166.35000610351562,61572.7890625,2431.946533203125
2021-04-17,130.6712646484375,250.19552612304688,169.9720001220703,135.10374450683594,113.20189666748047,303.7959899902344,15.8724946975708,272.1099853515625,68.96625518798828,32.446044921875,20.114133834838867,112.08192443847656,93.71723937988281,389.7137451171875,331.8968200683594,211.27919006347656,117.76984405517578,166.35000610351562,60683.8203125,2344.89501953125
2021-04-18,130.6712646484375,250.19552612304688,169.9720001220703,135.10374450683594,113.20189666748047,303.7959899902344,15.8724946975708,272.1099853515625,68.96625518798828,32.446044921875,20.114133834838867,112.08192443847656,93.71723937988281,389.7137451171875,331.8968200683594,211.27919006347656,117.76984405517578,166.35000610351562,56216.18359375,2237.136962890625
2021-04-19,131.33351135253906,248.2764129638672,168.60049438476562,134.53091430664062,113.54951477050781,299.8866271972656,15.323129653930664,270.2799987792969,68.39354705810547,32.35438919067383,20.093351364135742,112.10961151123047,93.32806396484375,387.7991027832031,328.8593444824219,208.53297424316406,117.43154907226562,165.88999938964844,55724.265625,2166.188720703125
2021-04-20,129.64854431152344,247.81585693359375,166.7344970703125,131.55210876464844,113.01642608642578,300.2934875488281,15.13310718536377,267.8900146484375,67.78714752197266,31.74945831298828,19.561410903930664,112.54324340820312,92.29953002929688,384.9598083496094,326.46240234375,204.26321411132812,117.97277069091797,166.47999572753906,56473.03125,2330.2109375
2021-04-21,130.0283966064453,250.04205322265625,168.1009979248047,132.67129516601562,112.98369598388672,299.1226501464844,15.321882247924805,272.2099914550781,68.47054290771484,32.18940353393555,19.810760498046875,113.87185668945312,93.55973052978516,388.602294921875,329.25726318359375,209.25717163085938,118.2096176147461,168.1300048828125,53906.08984375,2364.751708984375
2021-04-22,128.50894165039062,246.7699432373047,165.45199584960938,129.87762451171875,111.70277404785156,294.2111511230469,14.812915802001953,269.510009765625,67.66683197021484,31.83194923400879,19.578033447265625,113.36441802978516,93.08714294433594,385.05322265625,325.2882995605469,208.39195251464844,118.72550201416016,167.0399932861328,51762.2734375,2403.53515625
2021-04-23,130.82705688476562,250.5889892578125,167.04400634765625,132.36289978027344,114.05384826660156,298.7853088378906,15.226874351501465,271.9800109863281,68.677490234375,32.42770767211914,19.75673484802246,114.11172485351562,94.10643005371094,389.22802734375,329.3834228515625,212.32318115234375,118.44636535644531,166.39999389648438,51093.65234375,2363.586181640625
2021-04-24,130.82705688476562,250.5889892578125,167.04400634765625,132.36289978027344,114.05384826660156,298.7853088378906,15.226874351501465,271.9800109863281,68.677490234375,32.42770767211914,19.75673484802246,114.11172485351562,94.10643005371094,389.22802734375,329.3834228515625,212.32318115234375,118.44636535644531,166.39999389648438,50050.8671875,2211.625732421875
2021-04-25,130.82705688476562,250.5889892578125,167.04400634765625,132.36289978027344,114.05384826660156,298.7853088378906,15.226874351501465,271.9800109863281,68.677490234375,32.42770767211914,19.75673484802246,114.11172485351562,94.10643005371094,389.22802734375,329.3834228515625,212.32318115234375,118.44636535644531,166.39999389648438,49004.25390625,2316.0595703125
2021-04-26,131.2166748046875,250.97283935546875,170.4499969482422,132.68898010253906,114.54973602294922,300.68035888671875,15.43908977508545,270.8599853515625,69.02880096435547,32.556026458740234,19.889719009399414,113.72421264648438,93.82843780517578,390.0406494140625,331.5280456542969,214.53329467773438,118.2772445678711,166.83999633789062,54021.75390625,2534.481689453125
2021-04-27,130.895263671875,251.37586975097656,170.8715057373047,133.2970733642578,113.6100082397461,301.206298828125,15.343077659606934,273.6499938964844,68.86038208007812,32.81265640258789,20.130760192871094,113.06915283203125,94.6067886352539,389.95654296875,330.0918273925781,214.85302734375,117.2455062866211,166.4199981689453,55033.1171875,2662.865234375
2021-04-28,130.1062774658203,244.26548767089844,172.9250030517578,134.16075134277344,116.98512268066406,304.70880126953125,15.238340377807617,272.95001220703125,68.22029113769531,32.94097900390625,20.82478141784668,112.72777557373047,94.41220092773438,389.844482421875,328.9757995605469,215.2198486328125,117.3216323852539,166.91000366210938,54824.703125,2746.380126953125
2021-04-29,130.00892639160156,242.2984161376953,173.5655059814453,136.76939392089844,118.65729522705078,326.9443054199219,15.28622055053711,277.6000061035156,68.16251373291016,33.52757263183594,21.057504653930664,112.27568817138672,95.07937622070312,392.3288879394531,330.1596984863281,214.42042541503906,116.97486877441406,166.22000122070312,53555.109375,2756.876953125
2021-04-30,128.04144287109375,241.9817657470703,173.37100219726562,135.55319213867188,116.71039581298828,322.5487976074219,14.971765518188477,274.95001220703125,67.2336654663086,33.23427200317383,20.525558471679688,111.94354248046875,94.44927978515625,389.7510681152344,327.99566650390625,211.50491333007812,117.2455062866211,165.66000366210938,57750.17578125,2773.20703125
2021-05-01,128.04144287109375,241.9817657470703,173.37100219726562,135.55319213867188,116.71039581298828,322.5487976074219,14.971765518188477,274.95001220703125,67.2336654663086,33.23427200317383,20.525558471679688,111.94354248046875,94.44927978515625,389.7510681152344,327.99566650390625,211.50491333007812,117.2455062866211,165.66000366210938,57828.05078125,2945.892822265625
2021-05-02,128.04144287109375,241.9817657470703,173.37100219726562,135.55319213867188,116.71039581298828,322.5487976074219,14.971765518188477,274.95001220703125,67.2336654663086,33.23427200317383,20.525558471679688,111.94354248046875,94.44927978515625,389.7510681152344,327.99566650390625,211.50491333007812,117.2455062866211,165.66000366210938,56631.078125,2952.05615234375
2021-05-03,129.0933837890625,241.6746826171875,169.32449340820312,135.15658569335938,116.19365692138672,320.0682373046875,14.79944896697998,279.17999267578125,67.04598999023438,33.39925765991211,21.09075164794922,113.21676635742188,95.4222183227539,390.5916748046875,326.2489318847656,212.53945922851562,117.31578063964844,167.80999755859375,57200.29296875,3431.086181640625
2021-05-04,124.52532958984375,237.76927185058594,165.593505859375,137.02499389648438,114.3960189819336,315.881103515625,14.315169334411621,280.260009765625,65.84278869628906,33.66505813598633,21.103214263916016,113.33671569824219,95.83917999267578,388.1820373535156,320.3777770996094,210.00013732910156,118.1119155883789,166.5800018310547,53333.5390625,3253.62939453125
2021-05-05,124.7688217163086,236.50267028808594,163.52699279785156,138.82281494140625,114.7897720336914,312.5671691894531,14.422151565551758,282.760009765625,65.68396759033203,33.94001388549805,21.784770965576172,113.53968811035156,95.93185424804688,388.303466796875,319.30059814453125,209.16314697265625,118.30673217773438,167.27000427246094,57424.0078125,3522.783203125
2021-05-06,126.36616516113281,239.63082885742188,165.31849670410156,141.61656188964844,115.90950775146484,317.5281982421875,14.486488342285156,289.7099914550781,66.34331512451172,34.44412612915039,21.896976470947266,113.68731689453125,96.5989990234375,391.40423583984375,321.70733642578125,209.3418426513672,118.50147247314453,170.05999755859375,56396.515625,3490.88037109375
2021-05-07,127.03939056396484,242.25042724609375,164.58050537109375,142.10133361816406,116.63253021240234,316.59552001953125,14.775009155273438,290.92999267578125,66.91120910644531,34.62743377685547,22.287620544433594,114.47154998779297,97.61827087402344,394.2528991699219,324.3177185058594,211.9751739501953,117.91714477539062,171.58999633789062,57356.40234375,3484.72900390625
2021-05-08,127.03939056396484,242.25042724609375,164.58050537109375,142.10133361816406,116.63253021240234,316.59552001953125,14.775009155273438,290.92999267578125,66.91120910644531,34.62743377685547,22.287620544433594,114.47154998779297,97.61827087402344,394.2528991699219,324.3177185058594,211.9751739501953,117.91714477539062,171.58999633789062,58803.77734375,3902.647705078125
2021-05-09,127.03939056396484,242.25042724609375,164.58050537109375,142.10133361816406,116.63253021240234,316.59552001953125,14.775009155273438,290.92999267578125,66.91120910644531,34.62743377685547,22.287620544433594,114.47154998779297,97.61827087402344,394.2528991699219,324.3177185058594,211.9751739501953,117.91714477539062,171.58999633789062,58232.31640625,3928.8447265625
2021-05-10,123.76119995117188,237.18394470214844,159.52450561523438,142.08367919921875,113.64820098876953,303.587646484375,14.229883193969727,292.3299865722656,65.22196197509766,34.59994888305664,22.29593849182129,114.61918640136719,97.71092224121094,390.3487854003906,316.12738037109375,206.5862274169922,116.72296142578125,172.11000061035156,55859.796875,3952.2939453125
2021-05-11,122.8440933227539,236.27236938476562,161.19549560546875,139.7217559814453,112.57259368896484,304.1432189941406,14.270283699035645,285.6300048828125,65.02464294433594,33.9858512878418,21.72243309020996,113.38286590576172,96.26541900634766,386.8651123046875,315.69061279296875,205.92788696289062,116.06233978271484,172.13999938964844,56704.57421875,4168.701171875
2021-05-12,119.7805404663086,229.334716796875,157.5970001220703,138.76113891601562,109.11068725585938,300.1942138671875,13.723910331726074,282.9100036621094,63.19579315185547,33.63755798339844,21.826332092285156,112.31259155273438,93.95816802978516,378.64599609375,307.51959228515625,199.24107360839844,114.84278869628906,170.42999267578125,49150.53515625,3785.8486328125
2021-05-13,121.9269790649414,233.20175170898438,158.07350158691406,142.3304443359375,110.53841400146484,302.8831481933594,13.630892753601074,286.8999938964844,64.0332260131836,34.17832565307617,21.56035614013672,113.3274917602539,95.71874237060547,383.19451904296875,309.89715576171875,202.90892028808594,115.0206527709961,171.1300048828125,49716.19140625,3715.1484375
2021-05-14,124.34658813476562,238.11468505859375,161.14500427246094,144.54246520996094,112.98517608642578,313.4799499511719,14.20719051361084,290.67999267578125,65.4433364868164,34.71909713745117,22.22944450378418,113.89952087402344,97.04377746582031,389.0785827636719,316.73870849609375,207.8652801513672,116.09619140625,172.69000244140625,49880.53515625,4079.057373046875
2021-05-15,124.34658813476562,238.11468505859375,161.14500427246094,144.54246520996094,112.98517608642578,313.4799499511719,14.20719051361084,290.67999267578125,65.4433364868164,34.71909713745117,22.22944450378418,113.89952087402344,97.04377746582031,389.0785827636719,316.73870849609375,207.8652801513672,116.09619140625,172.69000244140625,46760.1875,3638.1220703125
2021-05-16,124.34658813476562,238.11468505859375,161.14500427246094,144.54246520996094,112.98517608642578,313.4799499511719,14.20719051361084,290.67999267578125,65.4433364868164,34.71909713745117,22.22944450378418,113.89952087402344,97.04377746582031,389.0785827636719,316.73870849609375,207.8652801513672,116.09619140625,172.69000244140625,46456.05859375,3587.506103515625
2021-05-17,123.19532012939453,235.2648162841797,163.51950073242188,145.12417602539062,113.50785064697266,313.00372314453125,14.129887580871582,289.2200012207031,64.96206665039062,34.78324508666992,22.744768142700195,113.68731689453125,96.74725341796875,388.0886535644531,314.8172607421875,208.1474151611328,115.85061645507812,174.6999969482422,43537.51171875,3282.397705078125
2021-05-18,121.80988311767578,233.24972534179688,161.61399841308594,143.0795440673828,112.1961898803711,307.5465393066406,13.980513572692871,287.5899963378906,64.44227600097656,34.29747009277344,22.21697235107422,113.72421264648438,95.33882141113281,384.7450256347656,312.69195556640625,206.56741333007812,115.55419921875,175.0399932861328,42909.40234375,3380.070068359375
2021-05-19,121.6537857055664,233.82681274414062,161.58999633789062,141.9867401123047,112.64400482177734,311.1482238769531,14.030387878417969,286.2200012207031,64.66849517822266,34.086669921875,21.664249420166016,113.53047180175781,94.80135345458984,383.73626708984375,313.0510559082031,204.97799682617188,115.27471160888672,175.16000366210938,37002.44140625,2460.67919921875
2021-05-20,124.21000671386719,237.05836486816406,162.38400268554688,141.73995971679688,114.40196990966797,316.129150390625,14.575761795043945,286.7300109863281,65.90535736083984,34.105003356933594,21.631006240844727,114.72067260742188,95.01449584960938,387.8644104003906,319.1064453125,206.3416748046875,116.2232894897461,175.9600067138672,40782.73828125,2784.294189453125
2021-05-21,122.37577056884766,235.79844665527344,160.1540069580078,143.35275268554688,113.76622009277344,313.7677307128906,14.954056739807129,287.739990234375,65.54441833496094,34.44412612915039,21.676721572875977,114.73910522460938,95.4778060913086,387.5469055175781,317.34039306640625,206.87777709960938,116.59589385986328,176.0399932861328,37304.69140625,2430.621337890625
2021-05-22,122.37577056884766,235.79844665527344,160.1540069580078,143.35275268554688,113.76622009277344,313.7677307128906,14.954056739807129,287.739990234375,65.54441833496094,34.44412612915039,21.676721572875977,114.73910522460938,95.4778060913086,387.5469055175781,317.34039306640625,206.87777709960938,116.59589385986328,176.0399932861328,37536.6328125,2295.70556640625
2021-05-23,122.37577056884766,235.79844665527344,160.1540069580078,143.35275268554688,113.76622009277344,313.7677307128906,14.954056739807129,287.739990234375,65.54441833496094,34.44412612915039,21.676721572875977,114.73910522460938,95.4778060913086,387.5469055175781,317.34039306640625,206.87777709960938,116.59589385986328,176.0399932861328,34770.58203125,2109.579833984375
2021-05-24,124.00511932373047,241.19398498535156,162.24949645996094,144.1282958984375,117.08428955078125,322.102294921875,15.572749137878418,289.7300109863281,66.70909881591797,34.60911178588867,21.892822265625,114.84983825683594,96.07083892822266,391.4976501464844,322.67767333984375,208.22264099121094,117.0278549194336,176.35000610351562,38705.98046875,2643.591064453125
2021-05-25,123.80997467041016,242.09811401367188,162.95249938964844,142.638916015625,117.17506408691406,325.2377014160156,15.608410835266113,287.20001220703125,66.72833251953125,34.26081085205078,21.448148727416992,114.50846862792969,95.7835693359375,390.6290283203125,323.12420654296875,206.2100067138672,118.1119155883789,177.9499969482422,38402.22265625,2706.62890625
2021-05-26,123.76119995117188,241.8768768310547,163.25799560546875,142.62123107910156,118.03990173339844,325.1087341308594,15.660529136657715,287.3299865722656,66.7235107421875,34.36164093017578,21.639318466186523,113.84416961669922,96.08936309814453,391.40423583984375,324.2498474121094,210.05657958984375,117.90862274169922,177.63999938964844,39294.19921875,2888.69873046875
2021-05-27,122.22942352294922,239.78021240234375,161.5054931640625,144.84214782714844,117.1656265258789,330.1590881347656,15.449061393737793,289.29998779296875,66.37220764160156,34.755760192871094,21.65593719482422,113.59505462646484,97.4051513671875,391.6097106933594,323.0367736816406,212.2196807861328,117.43437194824219,177.7100067138672,38436.96875,2736.488525390625
2021-05-28,121.57575225830078,240.1360626220703,161.15350341796875,144.7451629638672,116.87651824951172,326.17041015625,16.20366096496582,289.44000244140625,66.60801696777344,34.819915771484375,21.697498321533203,114.03791809082031,97.4051513671875,392.3102111816406,324.05572509765625,212.07861328125,117.24803161621094,178.3800048828125,35697.60546875,2419.90625
2021-05-29,121.57575225830078,240.1360626220703,161.15350341796875,144.7451629638672,116.87651824951172,326.17041015625,16.20366096496582,289.44000244140625,66.60801696777344,34.819915771484375,21.697498321533203,114.03791809082031,97.4051513671875,392.3102111816406,324.05572509765625,212.07861328125,117.24803161621094,178.3800048828125,34616.06640625,2279.51416015625
2021-05-30,121.57575225830078,240.1360626220703,161.15350341796875,144.7451629638672,116.87651824951172,326.17041015625,16.20366096496582,289.44000244140625,66.60801696777344,34.819915771484375,21.697498321533203,114.03791809082031,97.4051513671875,392.3102111816406,324.05572509765625,212.07861328125,117.24803161621094,178.3800048828125,35678.12890625,2390.305419921875
2021-05-31,121.57575225830078,240.1360626220703,161.15350341796875,144.7451629638672,116.87651824951172,326.17041015625,16.20366096496582,289.44000244140625,66.60801696777344,34.819915771484375,21.697498321533203,114.03791809082031,97.4051513671875,392.3102111816406,324.05572509765625,212.07861328125,117.24803161621094,178.3800048828125,37332.85546875,2714.9453125
2021-06-01,121.25376892089844,237.9431915283203,160.9324951171875,146.34034729003906,118.08304595947266,326.5672607421875,16.223608016967773,289.8399963378906,66.28076171875,35.030723571777344,22.532817840576172,112.16496276855469,97.78506469726562,391.96466064453125,322.9784851074219,214.48622131347656,117.2217788696289,177.89999389648438,36684.92578125,2633.518310546875
2021-06-02,122.0147933959961,237.8470458984375,161.69949340820312,146.34918212890625,117.5578842163086,326.5871276855469,16.736066818237305,290.0199890136719,66.73795318603516,35.08570861816406,22.95255470275879,111.94354248046875,97.50707244873047,392.5810546875,323.60931396484375,214.74021911621094,117.49314880371094,178.77000427246094,37575.1796875,2706.125
2021-06-03,120.53179168701172,236.31784057617188,159.35049438476562,146.44607543945312,116.41680908203125,323.5013122558594,16.927093505859375,291.9700012207031,66.11712646484375,35.16820526123047,23.014894485473633,112.284912109375,97.29395294189453,391.1240539550781,320.24188232421875,212.94387817382812,117.0521469116211,175.27000427246094,39208.765625,2855.12646484375
2021-06-04,122.82457733154297,241.20361328125,160.31100463867188,146.68409729003906,118.69745635986328,327.77777099609375,17.534059524536133,292.5199890136719,67.3876724243164,35.25986862182617,23.168655395507812,112.64474487304688,97.6090087890625,394.7012634277344,325.6763610839844,213.86553955078125,118.65509033203125,177.16000366210938,36894.40625,2688.195068359375
2021-06-05,122.82457733154297,241.20361328125,160.31100463867188,146.68409729003906,118.69745635986328,327.77777099609375,17.534059524536133,292.5199890136719,67.3876724243164,35.25986862182617,23.168655395507812,112.64474487304688,97.6090087890625,394.7012634277344,325.6763610839844,213.86553955078125,118.65509033203125,177.16000366210938,35551.95703125,2630.576904296875
2021-06-06,122.82457733154297,241.20361328125,160.31100463867188,146.68409729003906,118.69745635986328,327.77777099609375,17.534059524536133,292.5199890136719,67.3876724243164,35.25986862182617,23.168655395507812,112.64474487304688,97.6090087890625,394.7012634277344,325.6763610839844,213.86553955078125,118.65509033203125,177.16000366210938,35862.37890625,2715.0927734375
2021-06-07,122.8343276977539,244.1082000732422,159.90049743652344,145.9966583251953,119.13037872314453,333.95928955078125,17.574705123901367,289.4599914550781,67.37323760986328,35.030723571777344,23.068920135498047,113.05068969726562,96.93258666992188,394.31829833984375,326.6468505859375,216.73397827148438,118.29042053222656,177.8699951171875,33560.70703125,2590.26318359375
2021-06-08,123.65386962890625,242.9156036376953,163.20550537109375,145.41500854492188,118.93897247314453,331.0818176269531,17.413114547729492,289.19000244140625,67.3780517578125,34.939064025878906,23.268396377563477,112.7000961303711,97.18274688720703,394.4023132324219,326.80206298828125,219.02877807617188,119.12159729003906,177.32000732421875,33472.6328125,2517.438720703125
2021-06-09,124.03436279296875,243.89657592773438,164.0574951171875,143.59950256347656,119.41007995605469,327.67852783203125,17.318580627441406,288.5799865722656,67.42617797851562,34.60911178588867,23.122943878173828,113.78880310058594,96.19129180908203,393.81390380859375,326.8797302246094,217.571044921875,120.17326354980469,176.97999572753906,37345.12109375,2608.26708984375
2021-06-10,123.03922271728516,247.40707397460938,167.4824981689453,141.3610382080078,120.75843811035156,329.871337890625,17.385173797607422,284.9100036621094,67.92190551757812,34.2058219909668,23.093849182128906,115.73558807373047,95.71874237060547,395.6445007324219,330.2859802246094,215.9575653076172,120.89421844482422,177.74000549316406,36702.59765625,2471.5185546875
2021-06-11,124.24903106689453,248.0323028564453,167.3415069580078,141.26402282714844,120.51396179199219,328.6806945800781,17.784513473510742,286.82000732421875,68.32616424560547,34.42579650878906,23.014894485473633,114.9144287109375,95.91331481933594,396.29833984375,331.1496276855469,218.2369842529297,120.69912719726562,175.74000549316406,37334.3984375,2353.768798828125
2021-06-12,124.24903106689453,248.0323028564453,167.3415069580078,141.26402282714844,120.51396179199219,328.6806945800781,17.784513473510742,286.82000732421875,68.32616424560547,34.42579650878906,23.014894485473633,114.9144287109375,95.91331481933594,396.29833984375,331.1496276855469,218.2369842529297,120.69912719726562,175.74000549316406,35552.515625,2372.484375
2021-06-13,124.24903106689453,248.0323028564453,167.3415069580078,141.26402282714844,120.51396179199219,328.6806945800781,17.784513473510742,286.82000732421875,68.32616424560547,34.42579650878906,23.014894485473633,114.9144287109375,95.91331481933594,396.29833984375,331.1496276855469,218.2369842529297,120.69912719726562,175.74000549316406,39097.859375,2508.3916015625
2021-06-14,127.30279541015625,249.95579528808594,169.19349670410156,138.86691284179688,121.44178771972656,334.14776611328125,17.977567672729492,283.5299987792969,69.01918029785156,34.06834411621094,22.9151554107666,115.01590728759766,95.4778060913086,397.1856689453125,334.3228454589844,217.59649658203125,119.774658203125,174.7100067138672,40218.4765625,2537.89111328125
2021-06-15,126.48323822021484,248.48426818847656,169.156494140625,136.7605743408203,120.4241943359375,334.1278991699219,17.747840881347656,283.94000244140625,68.59566497802734,34.13249969482422,23.35150718688965,115.05280303955078,95.8855209350586,396.4570617675781,332.1393737792969,216.97482299804688,119.63045501708984,174.0500030517578,40406.26953125,2610.936767578125
2021-06-16,126.9808578491211,247.54173278808594,170.7624969482422,137.72120666503906,119.7824935913086,328.5021057128906,17.769542694091797,283.1099853515625,68.22509765625,34.09584045410156,23.226839065551758,114.60994720458984,94.9774398803711,394.2435607910156,330.9263916015625,216.5133056640625,119.52864074707031,171.11000061035156,38347.0625,2367.66357421875
2021-06-17,128.5809326171875,250.92715454101562,174.46200561523438,133.74652099609375,120.74554443359375,333.8898010253906,18.61461067199707,278.69000244140625,69.01438903808594,33.087623596191406,22.43723487854004,115.48645782470703,93.51338958740234,394.11279296875,335.12835693359375,214.0831756591797,121.31824493408203,165.85000610351562,38053.50390625,2372.001953125
2021-06-18,127.28329467773438,249.5133819580078,174.34500122070312,130.3623504638672,119.12643432617188,327.0931396484375,18.59615135192871,274.0400085449219,68.3839111328125,32.29022216796875,21.772302627563477,114.1670913696289,92.29953002929688,388.79608154296875,332.4985046386719,209.22300720214844,123.59978485107422,164.92999267578125,35787.24609375,2231.733154296875
2021-06-19,127.28329467773438,249.5133819580078,174.34500122070312,130.3623504638672,119.12643432617188,327.0931396484375,18.59615135192871,274.0400085449219,68.3839111328125,32.29022216796875,21.772302627563477,114.1670913696289,92.29953002929688,388.79608154296875,332.4985046386719,209.22300720214844,123.59978485107422,164.92999267578125,35615.87109375,2178.4990234375
2021-06-20,127.28329467773438,249.5133819580078,174.34500122070312,130.3623504638672,119.12643432617188,327.0931396484375,18.59615135192871,274.0400085449219,68.3839111328125,32.29022216796875,21.772302627563477,114.1670913696289,92.29953002929688,388.79608154296875,332.4985046386719,209.22300720214844,123.59978485107422,164.92999267578125,35698.296875,2246.364501953125
2021-06-21,129.0784912109375,252.59100341796875,172.697998046875,132.5743865966797,120.81397247314453,329.70269775390625,18.385129928588867,277.1000061035156,69.11679077148438,33.04385757446289,22.70012855529785,115.5388412475586,94.32966613769531,394.3619689941406,334.5649719238281,213.69703674316406,121.53031158447266,166.9499969482422,31676.693359375,1888.447509765625
2021-06-22,130.71759033203125,255.36097717285156,175.27200317382812,132.38052368164062,121.32772827148438,336.39013671875,18.843584060668945,276.9200134277344,69.74357604980469,33.09907150268555,22.85126304626465,115.78893280029297,94.43189239501953,396.47039794921875,337.6836853027344,214.66717529296875,121.82719421386719,166.25,32505.66015625,1874.9500732421875
2021-06-23,130.4444122314453,255.13009643554688,175.1909942626953,133.18251037597656,121.12589263916016,337.9380187988281,19.013690948486328,274.6600036621094,69.66645050048828,33.16348648071289,22.914236068725586,115.30728912353516,94.21810913085938,395.99249267578125,337.8487854003906,215.37359619140625,121.51339721679688,166.13999938964844,33723.02734375,1989.736328125
2021-06-24,130.1614227294922,256.4958801269531,172.45399475097656,134.40750122070312,121.49584197998047,340.50787353515625,19.161602020263672,275.489990234375,70.10518646240234,33.57756805419922,23.111557006835938,115.90006256103516,94.95244598388672,398.3351135253906,339.9376525878906,218.41595458984375,121.70843505859375,166.0399932861328,34662.4375,1988.456298828125
2021-06-25,129.86875915527344,254.88970947265625,170.072998046875,135.7647247314453,121.5042724609375,338.7119445800781,18.987503051757812,278.3800048828125,70.02323150634766,33.982444763183594,23.233308792114258,116.42802429199219,95.13835144042969,399.7499694824219,339.5198669433594,218.7832489013672,120.44468688964844,166.58999633789062,31637.779296875,1813.21728515625
2021-06-26,129.86875915527344,254.88970947265625,170.072998046875,135.7647247314453,121.5042724609375,338.7119445800781,18.987503051757812,278.3800048828125,70.02323150634766,33.982444763183594,23.233308792114258,116.42802429199219,95.13835144042969,399.7499694824219,339.5198669433594,218.7832489013672,120.44468688964844,166.58999633789062,32186.27734375,1829.2392578125
2021-06-27,129.86875915527344,254.88970947265625,170.072998046875,135.7647247314453,121.5042724609375,338.7119445800781,18.987503051757812,278.3800048828125,70.02323150634766,33.982444763183594,23.233308792114258,116.42802429199219,95.13835144042969,399.7499694824219,339.5198669433594,218.7832489013672,120.44468688964844,166.58999633789062,34649.64453125,1978.8946533203125
2021-06-28,131.4980926513672,258.44830322265625,172.1945037841797,136.01150512695312,121.53154754638672,352.870849609375,19.93932342529297,276.6099853515625,70.75611877441406,33.73398971557617,22.448226928710938,116.60401916503906,94.63640594482422,400.5559387207031,343.6490783691406,217.0501708984375,121.68297576904297,166.5800018310547,34434.3359375,2079.657470703125
2021-06-29,133.01036071777344,261.02581787109375,172.40699768066406,135.84400939941406,121.27019500732422,349.15008544921875,19.98098373413086,276.2099914550781,71.27201843261719,33.61436462402344,22.339073181152344,116.73368835449219,94.45047760009766,400.7713623046875,344.8926086425781,216.01406860351562,121.88655090332031,164.8300018310547,35867.77734375,2160.768310546875
2021-06-30,133.625,260.54498291015625,172.00799560546875,137.07785034179688,121.08870697021484,345.0025939941406,19.956783294677734,277.9200134277344,71.19487762451172,33.761592864990234,22.616159439086914,116.65959930419922,95.1848373413086,401.1086730957031,344.3486022949219,216.04234313964844,122.42937469482422,165.6300048828125,35040.8359375,2274.547607421875
2021-07-01,133.92747497558594,261.21820068359375,171.64849853515625,138.43508911132812,121.4407958984375,351.6305847167969,20.165807723999023,280.1700134277344,71.3154067993164,34.02845764160156,23.01079750061035,117.69699096679688,95.8633804321289,403.3295593261719,344.48455810546875,217.94496154785156,122.43611907958984,166.1999969482422,33572.1171875,2113.60546875
2021-07-02,136.55198669433594,267.03692626953125,175.5489959716797,138.30209350585938,124.2307357788086,351.9382019042969,20.44017791748047,279.1199951171875,72.255615234375,33.991641998291016,22.960418701171875,118.82698822021484,96.01211547851562,406.41241455078125,348.4387512207031,215.872802734375,123.17498779296875,167.2899932861328,33897.046875,2150.040283203125
2021-07-03,136.55198669433594,267.03692626953125,175.5489959716797,138.30209350585938,124.2307357788086,351.9382019042969,20.44017791748047,279.1199951171875,72.255615234375,33.991641998291016,22.960418701171875,118.82698822021484,96.01211547851562,406.41241455078125,348.4387512207031,215.872802734375,123.17498779296875,167.2899932861328,34668.546875,2226.1142578125
2021-07-04,136.55198669433594,267.03692626953125,175.5489959716797,138.30209350585938,124.2307357788086,351.9382019042969,20.44017791748047,279.1199951171875,72.255615234375,33.991641998291016,22.960418701171875,118.82698822021484,96.01211547851562,406.41241455078125,348.4387512207031,215.872802734375,123.17498779296875,167.2899932861328,35287.78125,2321.72412109375
2021-07-05,136.55198669433594,267.03692626953125,175.5489959716797,138.30209350585938,124.2307357788086,351.9382019042969,20.44017791748047,279.1199951171875,72.255615234375,33.991641998291016,22.960418701171875,118.82698822021484,96.01211547851562,406.41241455078125,348.4387512207031,215.872802734375,123.17498779296875,167.2899932861328,33746.00390625,2198.58251953125
2021-07-06,138.5618133544922,267.04644775390625,183.78700256347656,135.97982788085938,125.15559387207031,350.03314208984375,20.65118980407715,277.32000732421875,72.53042602539062,33.45794677734375,22.213123321533203,118.7158432006836,95.09188079833984,405.67205810546875,349.9446716308594,212.73629760742188,124.61869049072266,168.1199951171875,34235.1953125,2324.679443359375
2021-07-07,141.04971313476562,269.2297058105469,184.82899475097656,136.1393280029297,125.437255859375,347.76092529296875,20.32518768310547,279.239990234375,72.9258041381836,33.50395202636719,21.85207176208496,119.46609497070312,96.03999328613281,407.1057434082031,350.6831359863281,210.75833129882812,125.72274780273438,168.75999450683594,33855.328125,2315.161865234375
2021-07-08,139.7521514892578,266.81573486328125,186.57049560546875,133.79042053222656,124.01897430419922,342.95867919921875,19.857267379760742,274.1000061035156,72.23632049560547,32.832218170166016,21.726118087768555,118.8084716796875,94.70146179199219,403.7886962890625,348.56500244140625,208.8179931640625,126.21528625488281,168.64999389648438,32877.37109375,2120.0263671875
2021-07-09,141.57656860351562,267.31585693359375,185.9669952392578,138.0716552734375,124.48959350585938,347.6914978027344,20.004426956176758,280.489990234375,72.90170288085938,33.78000259399414,22.18793296813965,119.21600341796875,96.1980209350586,408.0990905761719,350.74139404296875,213.22608947753906,124.44037628173828,169.2100067138672,33798.01171875,2146.6923828125
2021-07-10,141.57656860351562,267.31585693359375,185.9669952392578,138.0716552734375,124.48959350585938,347.6914978027344,20.004426956176758,280.489990234375,72.90170288085938,33.78000259399414,22.18793296813965,119.21600341796875,96.1980209350586,408.0990905761719,350.74139404296875,213.22608947753906,124.44037628173828,169.2100067138672,33520.51953125,2111.403564453125
2021-07-11,141.57656860351562,267.31585693359375,185.9669952392578,138.0716552734375,124.48959350585938,347.6914978027344,20.004426956176758,280.489990234375,72.90170288085938,33.78000259399414,22.18793296813965,119.21600341796875,96.1980209350586,408.0990905761719,350.74139404296875,213.22608947753906,124.44037628173828,169.2100067138672,34240.1875,2139.664794921875
2021-07-12,140.9814453125,266.7195129394531,185.92750549316406,140.04824829101562,125.9346694946289,350.4101867675781,20.465620040893555,280.1099853515625,72.95954895019531,34.11127471923828,22.154348373413086,119.44757843017578,96.32815551757812,409.56085205078125,352.111328125,213.4050750732422,124.27901458740234,169.0,33155.84765625,2036.7210693359375
2021-07-13,142.09365844726562,270.2395935058594,183.8679962158203,137.96522521972656,126.29764556884766,349.3484802246094,20.203720092773438,279.2099914550781,73.25848388671875,33.74319076538086,21.986413955688477,119.33641052246094,95.39862060546875,408.1646423339844,352.111328125,209.38311767578125,123.32782745361328,169.22000122070312,32702.025390625,1940.083984375
2021-07-14,145.51817321777344,271.71112060546875,184.08399963378906,137.49551391601562,127.18579864501953,344.9232177734375,19.796154022216797,278.30999755859375,73.79850006103516,33.58675765991211,21.331483840942383,119.22526550292969,95.38933563232422,408.7737121582031,352.7427673339844,206.15243530273438,124.7291030883789,171.0399932861328,32822.34765625,1994.331298828125
2021-07-15,144.86447143554688,270.2876892089844,181.55999755859375,137.79689025878906,125.9638900756836,341.7778625488281,18.92290496826172,279.7200012207031,73.19097900390625,33.69718933105469,21.033403396606445,118.8084716796875,95.57521057128906,407.3775634765625,350.2652587890625,204.98446655273438,126.10497283935547,171.07000732421875,31780.73046875,1911.1756591796875
2021-07-16,142.8253936767578,270.0184326171875,178.68150329589844,134.65025329589844,125.92919921875,338.50360107421875,18.11949348449707,277.8999938964844,72.46776580810547,33.237091064453125,20.43724822998047,119.13263702392578,94.72935485839844,404.1822204589844,347.42840576171875,202.460205078125,125.86714172363281,169.41000366210938,31421.5390625,1880.3829345703125
2021-07-17,142.8253936767578,270.0184326171875,178.68150329589844,134.65025329589844,125.92919921875,338.50360107421875,18.11949348449707,277.8999938964844,72.46776580810547,33.237091064453125,20.43724822998047,119.13263702392578,94.72935485839844,404.1822204589844,347.42840576171875,202.460205078125,125.86714172363281,169.41000366210938,31533.068359375,1898.8251953125
2021-07-18,142.8253936767578,270.0184326171875,178.68150329589844,134.65025329589844,125.92919921875,338.50360107421875,18.11949348449707,277.8999938964844,72.46776580810547,33.237091064453125,20.43724822998047,119.13263702392578,94.72935485839844,404.1822204589844,347.42840576171875,202.460205078125,125.86714172363281,169.41000366210938,31796.810546875,1895.5521240234375
2021-07-19,138.9813690185547,266.42144775390625,177.47950744628906,130.27149963378906,123.55680084228516,334.3263854980469,18.73682975769043,272.6600036621094,71.46969604492188,32.307708740234375,19.71514320373535,117.88220977783203,92.74944305419922,398.21331787109375,344.5816955566406,199.42730712890625,128.62722778320312,169.61000061035156,30817.83203125,1817.296630859375
2021-07-20,142.5912322998047,268.64306640625,178.6595001220703,132.70018005371094,125.17493438720703,338.9997253417969,18.569461822509766,276.8900146484375,72.53042602539062,33.10826873779297,19.979637145996094,119.31790161132812,95.34284210205078,403.91986083984375,348.5845031738281,205.61558532714844,127.3873062133789,169.38999938964844,29807.34765625,1787.5107421875
2021-07-21,141.8594970703125,270.6435546875,179.25999450683594,135.49227905273438,126.50345611572266,343.53411865234375,19.365636825561523,279.8800048828125,73.22956848144531,33.67878341674805,20.676549911499023,119.51240539550781,96.25379180908203,407.1900939941406,351.2757568359375,209.1571044921875,125.77366638183594,168.75999450683594,32110.693359375,1990.9708251953125
2021-07-22,143.2254180908203,275.202392578125,181.90150451660156,133.7815704345703,127.3687744140625,348.45550537109375,19.54921531677246,277.70001220703125,73.76957702636719,33.31071090698242,20.445648193359375,120.39234924316406,95.90057373046875,408.0428161621094,353.5977783203125,205.8321990966797,126.96265411376953,169.08999633789062,32313.10546875,2025.2027587890625
2021-07-23,144.94252014160156,278.5975341796875,182.83200073242188,133.52450561523438,131.92465209960938,366.9106750488281,19.51329803466797,278.489990234375,74.50244903564453,33.36591720581055,20.370079040527344,121.78167724609375,96.30957794189453,412.2406921386719,357.72686767578125,206.7929229736328,126.11336517333984,168.55999755859375,33581.55078125,2124.776611328125
2021-07-24,144.94252014160156,278.5975341796875,182.83200073242188,133.52450561523438,131.92465209960938,366.9106750488281,19.51329803466797,278.489990234375,74.50244903564453,33.36591720581055,20.370079040527344,121.78167724609375,96.30957794189453,412.2406921386719,357.72686767578125,206.7929229736328,126.11336517333984,168.55999755859375,34292.4453125,2189.21875
2021-07-25,144.94252014160156,278.5975341796875,182.83200073242188,133.52450561523438,131.92465209960938,366.9106750488281,19.51329803466797,278.489990234375,74.50244903564453,33.36591720581055,20.370079040527344,121.78167724609375,96.30957794189453,412.2406921386719,357.72686767578125,206.7929229736328,126.11336517333984,168.55999755859375,35350.1875,2191.373779296875
2021-07-26,145.36209106445312,278.00115966796875,184.99099731445312,134.41976928710938,132.936279296875,369.55987548828125,19.249906539916992,278.79998779296875,74.46388244628906,33.559165954589844,20.873870849609375,120.99436950683594,96.26310729980469,413.2527770996094,358.0086364746094,207.39576721191406,125.73970031738281,168.16000366210938,37337.53515625,2233.36669921875
2021-07-27,143.1961212158203,275.5871276855469,181.3195037841797,134.24246215820312,130.81875610351562,364.94610595703125,19.164100646972656,280.7799987792969,73.75994873046875,33.549957275390625,20.680749893188477,121.55940246582031,95.7332763671875,411.3692932128906,354.06414794921875,204.97508239746094,127.08157348632812,168.44000244140625,39406.94140625,2298.33349609375
2021-07-28,141.44970703125,275.2793273925781,181.51600646972656,134.4640655517578,134.9783935546875,370.3735046386719,19.458423614501953,278.1000061035156,73.66831970214844,33.50395202636719,20.869672775268555,121.99472045898438,95.51016998291016,411.2005920410156,355.42425537109375,207.98916625976562,127.09001922607422,169.2899932861328,39995.90625,2296.54541015625
2021-07-29,142.09365844726562,275.54864501953125,179.99600219726562,135.6163787841797,134.66448974609375,355.5299987792969,19.617061614990234,279.760009765625,74.01065063476562,33.87202835083008,21.07119369506836,122.29110717773438,96.26310729980469,412.90606689453125,356.0557861328125,209.5903778076172,126.38512420654297,171.1699981689453,40008.421875,2380.956787109375
2021-07-30,142.30831909179688,274.0194396972656,166.37950134277344,134.53501892089844,133.6221160888672,353.52569580078125,19.454435348510742,278.2900085449219,73.96243286132812,33.60517120361328,20.735326766967773,122.40225982666016,96.07719421386719,410.9007568359375,354.2000732421875,208.20578002929688,126.97962188720703,169.82000732421875,42235.546875,2466.96142578125
2021-07-31,142.30831909179688,274.0194396972656,166.37950134277344,134.53501892089844,133.6221160888672,353.52569580078125,19.454435348510742,278.2900085449219,73.96243286132812,33.60517120361328,20.735326766967773,122.40225982666016,96.07719421386719,410.9007568359375,354.2000732421875,208.20578002929688,126.97962188720703,169.82000732421875,41626.1953125,2536.2099609375
2021-08-01,142.30831909179688,274.0194396972656,166.37950134277344,134.53501892089844,133.6221160888672,353.52569580078125,19.454435348510742,278.2900085449219,73.96243286132812,33.60517120361328,20.735326766967773,122.40225982666016,96.07719421386719,410.9007568359375,354.2000732421875,208.20578002929688,126.97962188720703,169.82000732421875,39974.89453125,2561.85205078125
2021-08-02,141.9766082763672,273.93280029296875,166.57400512695312,133.99432373046875,133.74905395507812,349.2096252441406,19.70486068725586,278.1400146484375,73.697265625,33.61436462402344,20.57999610900879,122.5689926147461,95.41722106933594,410.03863525390625,354.229248046875,207.169677734375,128.1122283935547,169.61000061035156,39201.9453125,2610.1533203125
2021-08-03,143.77178955078125,276.14495849609375,168.31199645996094,135.5188751220703,134.51820373535156,348.505126953125,19.76971435546875,281.79998779296875,74.16976165771484,33.991641998291016,20.932647705078125,124.27326202392578,96.66279602050781,413.37451171875,356.37640380859375,208.02679443359375,128.1802215576172,169.49000549316406,38152.98046875,2502.349609375
2021-08-04,143.37173461914062,275.55828857421875,167.73599243164062,134.05633544921875,134.0178680419922,356.1253662109375,20.227664947509766,278.7799987792969,74.31922912597656,33.70639419555664,20.36587905883789,123.74530792236328,95.3521499633789,411.3412170410156,356.891357421875,205.4365997314453,128.44383239746094,169.52999877929688,39747.50390625,2724.619873046875
2021-08-05,143.4791259765625,278.4532165527344,168.79949951171875,135.7493438720703,135.13462829589844,360.1437683105469,20.589834213256836,280.2099914550781,74.72904205322266,34.1480827331543,20.596786499023438,123.23587036132812,95.7983169555664,413.94610595703125,359.15509033203125,209.12884521484375,127.78903198242188,168.86000061035156,40869.5546875,2827.328857421875
2021-08-06,142.7951202392578,278.3954162597656,167.2469940185547,139.60508728027344,134.6258087158203,360.6795959472656,20.319454193115234,285.6300048828125,74.6663818359375,34.838226318359375,20.78570556640625,123.13396453857422,96.2445068359375,414.63018798828125,357.5811462402344,210.40982055664062,125.6549072265625,164.63999938964844,42816.5,2890.941650390625
2021-08-07,142.7951202392578,278.3954162597656,167.2469940185547,139.60508728027344,134.6258087158203,360.6795959472656,20.319454193115234,285.6300048828125,74.6663818359375,34.838226318359375,20.78570556640625,123.13396453857422,96.2445068359375,414.63018798828125,357.5811462402344,210.40982055664062,125.6549072265625,164.63999938964844,44555.80078125,3157.23876953125
2021-08-08,142.7951202392578,278.3954162597656,167.2469940185547,139.60508728027344,134.6258087158203,360.6795959472656,20.319454193115234,285.6300048828125,74.6663818359375,34.838226318359375,20.78570556640625,123.13396453857422,96.2445068359375,414.63018798828125,357.5811462402344,210.40982055664062,125.6549072265625,164.63999938964844,43798.1171875,3013.732666015625
2021-08-09,142.7462615966797,277.3087158203125,167.093505859375,139.4544219970703,135.79067993164062,358.79437255859375,20.248615264892578,287.2300109863281,74.42530822753906,34.93023681640625,20.49182891845703,123.6063461303711,95.8633804321289,414.2928771972656,358.2418518066406,209.25128173828125,125.20426940917969,161.72000122070312,46365.40234375,3167.856201171875
2021-08-10,142.26748657226562,275.49090576171875,166.03399658203125,141.1651153564453,135.68556213378906,358.31805419921875,19.890438079833984,288.94000244140625,73.8901138305664,35.298309326171875,20.852876663208008,123.3192367553711,96.83943176269531,414.8082580566406,356.405517578125,209.6657257080078,124.62601470947266,161.77000427246094,45585.03125,3141.691162109375
2021-08-11,142.5215606689453,275.9815368652344,164.60549926757812,142.8492431640625,135.16189575195312,357.1572265625,19.653980255126953,291.2799987792969,73.89974975585938,35.70319747924805,21.01661491394043,122.09664916992188,98.09429168701172,415.83892822265625,355.79345703125,210.69239807128906,124.54950714111328,164.0,45593.63671875,3164.2451171875
2021-08-12,145.48214721679688,278.7321472167969,165.1750030517578,143.40765380859375,136.06939697265625,359.8262634277344,19.859508514404297,290.239990234375,74.32405090332031,35.767608642578125,20.995620727539062,123.05987548828125,97.90838623046875,417.0852355957031,357.0758972167969,210.1931915283203,124.34542083740234,164.0399932861328,44428.2890625,3043.414306640625
2021-08-13,145.68734741210938,281.6558837890625,164.69850158691406,141.80332946777344,136.5985107421875,360.3521423339844,20.141857147216797,287.8900146484375,74.72904205322266,35.500755310058594,20.747920989990234,123.82868194580078,97.60163116455078,417.84423828125,358.3292236328125,208.28115844726562,126.30961608886719,166.38999938964844,47793.3203125,3322.211669921875
2021-08-14,145.68734741210938,281.6558837890625,164.69850158691406,141.80332946777344,136.5985107421875,360.3521423339844,20.141857147216797,287.8900146484375,74.72904205322266,35.500755310058594,20.747920989990234,123.82868194580078,97.60163116455078,417.84423828125,358.3292236328125,208.28115844726562,126.30961608886719,166.38999938964844,47096.9453125,3265.443359375
2021-08-15,145.68734741210938,281.6558837890625,164.69850158691406,141.80332946777344,136.5985107421875,360.3521423339844,20.141857147216797,287.8900146484375,74.72904205322266,35.500755310058594,20.747920989990234,123.82868194580078,97.60163116455078,417.84423828125,358.3292236328125,208.28115844726562,126.30961608886719,166.38999938964844,47047.00390625,3310.504150390625
2021-08-16,147.66110229492188,283.33905029296875,164.94949340820312,140.8726348876953,137.1757354736328,363.705810546875,19.904407501220703,289.45001220703125,75.06655883789062,35.408729553222656,20.36587905883789,125.23655700683594,97.9362564086914,418.828125,358.4847106933594,206.34085083007812,126.61569213867188,167.22000122070312,46004.484375,3156.509521484375
2021-08-17,146.75241088867188,281.8770751953125,162.09800720214844,139.17076110839844,135.54124450683594,355.6589660644531,19.413528442382812,289.1000061035156,74.44458770751953,35.16028594970703,20.155956268310547,126.718505859375,96.87660217285156,416.08258056640625,355.3271179199219,203.825927734375,126.56468963623047,166.97000122070312,44695.359375,3014.845947265625
2021-08-18,143.01007080078125,280.1522521972656,160.06100463867188,137.9032440185547,134.33871459960938,352.6823425292969,18.99648666381836,286.3599853515625,73.41761016845703,34.72779846191406,19.736133575439453,124.79195404052734,95.81690979003906,411.528564453125,351.9072265625,202.04579162597656,126.98986053466797,167.10000610351562,44801.1875,3020.08984375
2021-08-19,143.34228515625,285.97247314453125,159.3874969482422,136.75096130371094,134.56776428222656,352.3548889160156,19.752750396728516,285.1300048828125,74.1360092163086,34.47014617919922,19.223941802978516,125.35693359375,95.14762878417969,412.165771484375,353.607421875,199.62515258789062,127.92518615722656,166.61000061035156,46717.578125,3182.7021484375
2021-08-20,144.79818725585938,293.2863464355469,159.99749755859375,137.14097595214844,136.30296325683594,356.57177734375,20.7684268951416,285.2699890136719,75.09066772460938,34.68178939819336,19.26592445373535,126.0701904296875,95.39862060546875,415.44537353515625,357.270263671875,202.9971466064453,128.0101318359375,166.6999969482422,49339.17578125,3286.935302734375
2021-08-21,144.79818725585938,293.2863464355469,159.99749755859375,137.14097595214844,136.30296325683594,356.57177734375,20.7684268951416,285.2699890136719,75.09066772460938,34.68178939819336,19.26592445373535,126.0701904296875,95.39862060546875,415.44537353515625,357.270263671875,202.9971466064453,128.0101318359375,166.6999969482422,48905.4921875,3226.083984375
2021-08-22,144.79818725585938,293.2863464355469,159.99749755859375,137.14097595214844,136.30296325683594,356.57177734375,20.7684268951416,285.2699890136719,75.09066772460938,34.68178939819336,19.26592445373535,126.0701904296875,95.39862060546875,415.44537353515625,357.270263671875,202.9971466064453,128.0101318359375,166.6999969482422,49321.65234375,3242.115478515625
2021-08-23,146.2834014892578,293.5657958984375,163.2935028076172,138.89598083496094,138.89353942871094,360.5207824707031,21.907814025878906,285.6199951171875,76.05980682373047,34.967044830322266,19.988033294677734,126.11649322509766,96.1794204711914,419.099853515625,362.6138000488281,206.8588409423828,127.92518615722656,168.72999572753906,49546.1484375,3319.25732421875
2021-08-24,146.19546508789062,291.6096496582031,165.28900146484375,139.75576782226562,140.10353088378906,362.66400146484375,21.74319076538086,286.0199890136719,75.9730224609375,35.178688049316406,20.319700241088867,125.671875,96.66279602050781,419.7652282714844,363.7213134765625,208.89334106445312,126.93028259277344,168.64999389648438,47706.1171875,3172.456298828125
2021-08-25,144.96429443359375,291.0218505859375,164.95899963378906,142.6365509033203,140.91432189941406,365.5215759277344,22.162229537963867,287.29998779296875,75.92961883544922,35.59276580810547,20.475032806396484,125.32919311523438,97.28558349609375,420.64599609375,364.13916015625,209.62803649902344,125.8759765625,167.47999572753906,48960.7890625,3224.915283203125
2021-08-26,144.16305541992188,288.2080993652344,165.8000030517578,143.3722381591797,140.28109741210938,361.5428161621094,22.017562866210938,285.2699890136719,75.45228576660156,35.41794204711914,20.164358139038086,124.83827209472656,96.85797882080078,418.1628723144531,361.82684326171875,207.4052276611328,126.22457885742188,167.6699981689453,46942.21875,3100.325439453125
2021-08-27,145.19883728027344,288.8150939941406,167.48150634765625,144.5244903564453,142.82357788085938,369.72857666015625,22.584264755249023,286.6000061035156,76.18033599853516,35.887229919433594,20.70174217224121,124.6993179321289,97.52725982666016,421.9016418457031,365.3438415527344,213.25436401367188,127.08332824707031,170.19000244140625,49058.66796875,3270.600830078125
2021-08-28,145.19883728027344,288.8150939941406,167.48150634765625,144.5244903564453,142.82357788085938,369.72857666015625,22.584264755249023,286.6000061035156,76.18033599853516,35.887229919433594,20.70174217224121,124.6993179321289,97.52725982666016,421.9016418457031,365.3438415527344,213.25436401367188,127.08332824707031,170.19000244140625,48902.40234375,3244.4033203125
2021-08-29,145.19883728027344,288.8150939941406,167.48150634765625,144.5244903564453,142.82357788085938,369.72857666015625,22.584264755249023,286.6000061035156,76.18033599853516,35.887229919433594,20.70174217224121,124.6993179321289,97.52725982666016,421.9016418457031,365.3438415527344,213.25436401367188,127.08332824707031,170.19000244140625,48829.83203125,3227.002685546875
2021-08-30,149.61537170410156,292.5442810058594,171.07850646972656,142.2110595703125,143.4052734375,377.696044921875,22.636150360107422,285.6600036621094,77.0,35.381126403808594,20.458242416381836,125.40325927734375,97.41573333740234,423.7569580078125,369.4438781738281,212.37838745117188,127.41496276855469,169.35000610351562,47054.984375,3224.374267578125
2021-08-31,148.35487365722656,290.89654541015625,173.5395050048828,141.77671813964844,143.51136779785156,376.42596435546875,22.33778190612793,285.7699890136719,76.5949935913086,35.33511734008789,20.319700241088867,125.23655700683594,97.14616394042969,423.1291198730469,369.1426086425781,212.7928466796875,126.54765319824219,169.69000244140625,47166.6875,3433.732666015625
2021-09-01,149.01934814453125,290.848388671875,173.9499969482422,141.5728759765625,144.02513122558594,379.07525634765625,22.393657684326172,285.260009765625,76.61427307128906,35.13267517089844,20.021615982055664,125.27361297607422,96.77432250976562,423.3539733886719,369.7547607421875,214.22451782226562,126.75970458984375,169.6999969482422,48847.02734375,3834.828125
2021-09-02,150.1332244873047,290.1930847167969,173.156005859375,142.22885131835938,142.1124725341797,372.35791015625,22.348752975463867,285.04998779296875,76.53233337402344,35.25230407714844,20.529617309570312,126.61665344238281,97.81542205810547,424.6565246582031,369.579833984375,215.71267700195312,127.3130874633789,169.25,49327.72265625,3790.989990234375
2021-09-03,150.7683563232422,290.1835021972656,173.90249633789062,141.36900329589844,142.5612335205078,373.3302917480469,22.79480743408203,281.8900146484375,76.8360824584961,35.03145980834961,20.412063598632812,126.75559997558594,97.22052001953125,424.55340576171875,370.7165222167969,214.7142791748047,126.15516662597656,171.05999755859375,50025.375,3940.61474609375
2021-09-04,150.7683563232422,290.1835021972656,173.90249633789062,141.36900329589844,142.5612335205078,373.3302917480469,22.79480743408203,281.8900146484375,76.8360824584961,35.03145980834961,20.412063598632812,126.75559997558594,97.22052001953125,424.55340576171875,370.7165222167969,214.7142791748047,126.15516662597656,171.05999755859375,49944.625,3887.828369140625
2021-09-05,150.7683563232422,290.1835021972656,173.90249633789062,141.36900329589844,142.5612335205078,373.3302917480469,22.79480743408203,281.8900146484375,76.8360824584961,35.03145980834961,20.412063598632812,126.75559997558594,97.22052001953125,424.55340576171875,370.7165222167969,214.7142791748047,126.15516662597656,171.05999755859375,51753.41015625,3952.133544921875
2021-09-06,150.7683563232422,290.1835021972656,173.90249633789062,141.36900329589844,142.5612335205078,373.3302917480469,22.79480743408203,281.8900146484375,76.8360824584961,35.03145980834961,20.412063598632812,126.75559997558594,97.22052001953125,424.55340576171875,370.7165222167969,214.7142791748047,126.15516662597656,171.05999755859375,52633.53515625,3928.37939453125
2021-09-07,153.10365295410156,289.2584533691406,175.46449279785156,141.1207733154297,143.09780883789062,379.20416259765625,22.61419677734375,278.8999938964844,76.85533142089844,34.81981658935547,20.290311813354492,126.01457977294922,95.53807067871094,423.03546142578125,371.2412414550781,213.23550415039062,125.09093475341797,167.7100067138672,46811.12890625,3426.394287109375
2021-09-08,151.55978393554688,289.287353515625,176.27499389648438,140.49148559570312,142.51312255859375,374.6301574707031,22.2918758392334,279.3399963378906,76.56123352050781,34.737003326416016,20.030017852783203,125.95901489257812,95.66818237304688,422.52008056640625,369.948974609375,210.9090118408203,125.94237518310547,167.2899932861328,46091.390625,3497.315185546875
2021-09-09,150.54359436035156,286.43499755859375,174.20799255371094,141.10308837890625,142.3643798828125,375.0567321777344,22.130220413208008,278.6099853515625,76.27195739746094,34.838226318359375,20.071998596191406,124.50479125976562,95.20342254638672,420.71160888671875,368.6763000488281,210.8053741455078,127.46632385253906,168.02999877929688,46391.421875,3427.340087890625
2021-09-10,145.56031799316406,284.9510192871094,173.45750427246094,139.48098754882812,139.7212371826172,375.7413330078125,22.430585861206055,277.6000061035156,75.51978302001953,34.58056640625,20.063600540161133,123.36556243896484,94.77583312988281,417.39447021484375,365.8781433105469,208.74266052246094,126.34244537353516,167.17999267578125,44883.91015625,3211.505859375
2021-09-11,145.56031799316406,284.9510192871094,173.45750427246094,139.48098754882812,139.7212371826172,375.7413330078125,22.430585861206055,277.6000061035156,75.51978302001953,34.58056640625,20.063600540161133,123.36556243896484,94.77583312988281,417.39447021484375,365.8781433105469,208.74266052246094,126.34244537353516,167.17999267578125,45201.45703125,3270.278076171875
2021-09-12,145.56031799316406,284.9510192871094,173.45750427246094,139.48098754882812,139.7212371826172,375.7413330078125,22.430585861206055,277.6000061035156,75.51978302001953,34.58056640625,20.063600540161133,123.36556243896484,94.77583312988281,417.39447021484375,365.8781433105469,208.74266052246094,126.34244537353516,167.17999267578125,46063.26953125,3410.134521484375
2021-09-13,146.1270751953125,286.1845397949219,172.85850524902344,141.69696044921875,141.16575622558594,373.5783996582031,22.105270385742188,279.9200134277344,75.54389953613281,34.97624588012695,20.638765335083008,122.60603332519531,95.02681732177734,418.462646484375,365.6256408691406,209.92942810058594,127.10871887207031,167.74000549316406,44963.07421875,3285.51171875
2021-09-14,144.7297821044922,288.88262939453125,172.5,139.2239532470703,141.37600708007812,373.59820556640625,22.19508171081543,277.20001220703125,75.44745635986328,34.50695037841797,20.34069061279297,122.58750915527344,93.88347625732422,416.2044677734375,364.5860290527344,207.25448608398438,128.6497344970703,168.82000732421875,47092.4921875,3429.169677734375
2021-09-15,145.61898803710938,293.7296447753906,173.7895050048828,140.1901092529297,143.24560546875,371.00848388671875,22.293874740600586,278.17999267578125,76.1080093383789,34.838226318359375,21.10057830810547,123.38407135009766,94.9152603149414,419.6808166503906,367.29656982421875,209.12884521484375,128.19851684570312,167.8300018310547,48176.34765625,3615.28271484375
2021-09-16,145.38442993164062,294.1150207519531,174.41200256347656,140.12806701660156,142.4328155517578,370.1551818847656,22.19508171081543,277.510009765625,76.15142059326172,34.737003326416016,20.86127471923828,123.06913757324219,94.26458740234375,419.0155944824219,367.54925537109375,209.2794952392578,127.6110610961914,164.02999877929688,47783.359375,3571.294921875
2021-09-17,142.71694946289062,288.95965576171875,173.12600708007812,139.76463317871094,139.6458282470703,361.880126953125,21.85379981994629,276.760009765625,74.96531677246094,34.58056640625,20.705942153930664,123.1895751953125,93.26067352294922,414.9338684082031,363.1966857910156,209.55267333984375,126.9980239868164,163.77000427246094,47267.51953125,3398.538818359375
2021-09-18,142.71694946289062,288.95965576171875,173.12600708007812,139.76463317871094,139.6458282470703,361.880126953125,21.85379981994629,276.760009765625,74.96531677246094,34.58056640625,20.705942153930664,123.1895751953125,93.26067352294922,414.9338684082031,363.1966857910156,209.55267333984375,126.9980239868164,163.77000427246094,48278.36328125,3432.018310546875
2021-09-19,142.71694946289062,288.95965576171875,173.12600708007812,139.76463317871094,139.6458282470703,361.880126953125,21.85379981994629,276.760009765625,74.96531677246094,34.58056640625,20.705942153930664,123.1895751953125,93.26067352294922,414.9338684082031,363.1966857910156,209.55267333984375,126.9980239868164,163.77000427246094,47260.21875,3329.447998046875
2021-09-20,139.66835021972656,283.59234619140625,167.7864990234375,135.5809326171875,137.5823516845703,352.930419921875,21.068462371826172,274.20001220703125,73.59986114501953,33.77838897705078,20.073644638061523,121.90406799316406,92.19105529785156,408.01519775390625,355.69189453125,204.570068359375,128.5730743408203,164.94000244140625,42843.80078125,2958.993408203125
2021-09-21,140.1471405029297,284.0741271972656,167.18150329589844,135.5986328125,137.89332580566406,354.696533203125,21.201181411743164,273.17999267578125,73.62882995605469,33.7321662902832,20.12038803100586,122.08998107910156,91.70614624023438,407.6297607421875,356.1295471191406,204.8809051513672,128.46241760253906,166.0399932861328,40693.67578125,2764.43115234375
2021-09-22,142.51174926757812,287.7166442871094,169.00250244140625,138.1957550048828,139.133544921875,340.5376281738281,21.89471435546875,274.07000732421875,74.63831329345703,34.295921325683594,20.740785598754883,122.2944564819336,92.43353271484375,411.6060791015625,359.45599365234375,208.06446838378906,129.2285919189453,165.4199981689453,43574.5078125,3077.867919921875
2021-09-23,143.46932983398438,288.66094970703125,170.8000030517578,142.86700439453125,140.05841064453125,343.2662353515625,22.434574127197266,278.1199951171875,75.63813018798828,35.13691329956055,21.4674129486084,123.17748260498047,93.85098266601562,416.607177734375,362.772705078125,211.747314453125,126.30848693847656,163.50999450683594,44895.09765625,3155.523681640625
2021-09-24,143.55723571777344,288.4585876464844,171.2760009765625,144.51564025878906,141.0492401123047,350.2117004394531,22.034420013427734,277.8699951171875,75.69126892089844,35.321746826171875,21.628883361816406,122.67554473876953,94.04681396484375,417.29339599609375,363.113037109375,210.7260284423828,125.07398986816406,163.3000030517578,42839.75,2931.669189453125
2021-09-25,143.55723571777344,288.4585876464844,171.2760009765625,144.51564025878906,141.0492401123047,350.2117004394531,22.034420013427734,277.8699951171875,75.69126892089844,35.321746826171875,21.628883361816406,122.67554473876953,94.04681396484375,417.29339599609375,363.113037109375,210.7260284423828,125.07398986816406,163.3000030517578,42716.59375,2925.565673828125
2021-09-26,143.55723571777344,288.4585876464844,171.2760009765625,144.51564025878906,141.0492401123047,350.2117004394531,22.034420013427734,277.8699951171875,75.69126892089844,35.321746826171875,21.628883361816406,122.67554473876953,94.04681396484375,417.29339599609375,363.113037109375,210.7260284423828,125.07398986816406,163.3000030517578,43208.5390625,3062.265380859375
2021-09-27,142.042724609375,283.4671325683594,170.2899932861328,148.00802612304688,139.91558837890625,350.82684326171875,21.61430549621582,279.7200012207031,74.95710754394531,35.80232238769531,22.39800453186035,120.92809295654297,94.14006805419922,416.099609375,360.214599609375,213.92872619628906,124.61421203613281,163.63999938964844,42235.73046875,2934.138916015625
2021-09-28,138.6619110107422,273.20458984375,165.79800415039062,147.2102508544922,134.71656799316406,337.9975280761719,20.655330657958984,276.7900085449219,72.73529052734375,35.21084213256836,22.474491119384766,118.85530853271484,93.04901123046875,407.71441650390625,350.0213928222656,209.0632781982422,122.67310333251953,162.0500030517578,41034.54296875,2807.296630859375
2021-09-29,139.5608367919922,273.66705322265625,165.05599975585938,147.09500122070312,133.25216674804688,336.96563720703125,20.473718643188477,277.2900085449219,72.64351654052734,35.23857116699219,22.474491119384766,119.79410552978516,93.15157318115234,408.40057373046875,349.44757080078125,208.6192626953125,122.88595581054688,161.32000732421875,41564.36328125,2853.143310546875
2021-09-30,138.2613067626953,271.66278076171875,164.2519989013672,145.09181213378906,132.58021545410156,336.7474060058594,20.67229461669922,272.94000244140625,72.12189483642578,34.68407440185547,22.134552001953125,118.32549285888672,91.23985290527344,403.40899658203125,348.16375732421875,206.66358947753906,122.86898040771484,164.22000122070312,43790.89453125,3001.678955078125
2021-10-01,139.38497924804688,278.5816345214844,164.16299438476562,148.1409454345703,135.42373657226562,340.3392333984375,20.698246002197266,275.7099914550781,73.2086410522461,35.25706100463867,22.878175735473633,118.35336303710938,92.48945617675781,408.2032165527344,350.3229064941406,209.9985809326172,123.9029312133789,164.58999633789062,48116.94140625,3307.51611328125
2021-10-02,139.38497924804688,278.5816345214844,164.16299438476562,148.1409454345703,135.42373657226562,340.3392333984375,20.698246002197266,275.7099914550781,73.2086410522461,35.25706100463867,22.878175735473633,118.35336303710938,92.48945617675781,408.2032165527344,350.3229064941406,209.9985809326172,123.9029312133789,164.58999633789062,47711.48828125,3391.6943359375
2021-10-03,139.38497924804688,278.5816345214844,164.16299438476562,148.1409454345703,135.42373657226562,340.3392333984375,20.698246002197266,275.7099914550781,73.2086410522461,35.25706100463867,22.878175735473633,118.35336303710938,92.48945617675781,408.2032165527344,350.3229064941406,209.9985809326172,123.9029312133789,164.58999633789062,48199.953125,3418.358642578125
2021-10-04,135.95533752441406,272.8094482421875,159.48899841308594,147.98138427734375,132.56385803222656,323.6898193359375,19.690378189086914,273.6400146484375,71.51329803466797,34.952083587646484,23.25211524963379,116.5501480102539,91.98589324951172,402.93896484375,342.96978759765625,208.09014892578125,123.58757019042969,165.36000061035156,49112.90234375,3380.089111328125
2021-10-05,137.88023376464844,278.25390625,161.0500030517578,150.3979949951172,134.90798950195312,330.367431640625,20.40785789489746,278.04998779296875,72.53244018554688,35.635955810546875,23.38809585571289,117.24726104736328,93.0116958618164,407.13153076171875,347.599609375,208.80821228027344,122.39412689208984,164.58999633789062,51514.8125,3518.5185546875
2021-10-06,138.74989318847656,282.445556640625,163.10049438476562,150.718994140625,136.43736267089844,331.042236328125,20.656330108642578,280.2200012207031,73.0057601928711,35.67293167114258,23.141633987426758,117.03348541259766,93.42200469970703,408.8236999511719,349.8270568847656,207.7217559814453,123.08454895019531,165.02999877929688,55361.44921875,3580.56201171875
2021-10-07,140.0102996826172,284.1224365234375,165.1215057373047,151.67311096191406,138.083740234375,326.6565856933594,21.03053855895996,282.95001220703125,73.67233276367188,35.885494232177734,23.32010269165039,118.58574676513672,94.1493911743164,412.3581848144531,353.03662109375,210.92442321777344,121.79741668701172,164.16000366210938,53805.984375,3587.974853515625
2021-10-08,139.62925720214844,284.1224365234375,164.43099975585938,151.78904724121094,138.6396484375,327.4801025390625,20.78705406188965,284.1400146484375,73.3969955444336,36.06108474731445,24.038236618041992,117.99085235595703,94.14006805419922,411.6060791015625,351.2761535644531,209.33726501464844,120.9449691772461,164.22999572753906,53967.84765625,3563.75927734375
2021-10-09,139.62925720214844,284.1224365234375,164.43099975585938,151.78904724121094,138.6396484375,327.4801025390625,20.78705406188965,284.1400146484375,73.3969955444336,36.06108474731445,24.038236618041992,117.99085235595703,94.14006805419922,411.6060791015625,351.2761535644531,209.33726501464844,120.9449691772461,164.22999572753906,54968.22265625,3575.716796875
2021-10-10,139.62925720214844,284.1224365234375,164.43099975585938,151.78904724121094,138.6396484375,327.4801025390625,20.78705406188965,284.1400146484375,73.3969955444336,36.06108474731445,24.038236618041992,117.99085235595703,94.14006805419922,411.6060791015625,351.2761535644531,209.33726501464844,120.9449691772461,164.22999572753906,54771.578125,3425.852783203125
2021-10-11,139.5413360595703,283.5249328613281,162.31500244140625,148.59666442871094,137.77529907226562,322.91595458984375,20.651338577270508,280.92999267578125,72.99127960205078,35.700660705566406,23.948999404907227,117.0706558227539,93.38471984863281,408.62628173828125,348.58197021484375,208.1374053955078,120.6380844116211,163.9199981689453,57484.7890625,3545.35400390625
2021-10-12,138.27108764648438,282.2239685058594,162.3665008544922,147.45526123046875,135.3305206298828,321.2489929199219,20.627395629882812,278.6199951171875,72.61454772949219,35.589752197265625,23.970247268676758,116.503662109375,93.07697296142578,407.6203918457031,347.3662109375,209.2805938720703,122.70101165771484,164.66000366210938,56041.05859375,3492.5732421875
2021-10-13,137.68478393554688,285.52923583984375,164.21400451660156,143.56736755371094,136.45420837402344,322.0130615234375,20.894826889038086,277.8999938964844,73.05891418457031,35.38644027709961,23.948999404907227,116.68956756591797,93.27279663085938,409.0867919921875,350.14788818359375,210.27255249023438,123.89442443847656,167.58999633789062,57401.09765625,3606.20166015625
2021-10-14,140.46958923339844,291.73486328125,164.9929962158203,145.76992797851562,139.99395751953125,325.9719543457031,21.70012092590332,281.6400146484375,74.7059326171875,35.97791290283203,24.24219512939453,118.36265563964844,95.0353012084961,415.9679260253906,356.596435546875,213.39022827148438,124.35477447509766,168.0,57321.5234375,3786.01416015625
2021-10-15,141.52487182617188,293.1418151855469,170.4510040283203,148.56993103027344,140.20916748046875,322.23126220703125,21.81587791442871,284.2099914550781,75.30485534667969,36.5139274597168,24.361181259155273,118.9482421875,95.9491958618164,419.1358337402344,358.8431701660156,212.71945190429688,123.6301498413086,165.3300018310547,61593.94921875,3862.634765625
2021-10-16,141.52487182617188,293.1418151855469,170.4510040283203,148.56993103027344,140.20916748046875,322.23126220703125,21.81587791442871,284.2099914550781,75.30485534667969,36.5139274597168,24.361181259155273,118.9482421875,95.9491958618164,419.1358337402344,358.8431701660156,212.71945190429688,123.6301498413086,165.3300018310547,60892.1796875,3830.382080078125
2021-10-17,141.52487182617188,293.1418151855469,170.4510040283203,148.56993103027344,140.20916748046875,322.23126220703125,21.81587791442871,284.2099914550781,75.30485534667969,36.5139274597168,24.361181259155273,118.9482421875,95.9491958618164,419.1358337402344,358.8431701660156,212.71945190429688,123.6301498413086,165.3300018310547,61553.6171875,3847.1044921875
2021-10-18,143.1957550048828,296.1097717285156,172.33700561523438,148.5164337158203,141.60760498046875,332.7288818359375,22.17512321472168,282.5899963378906,75.94242095947266,36.523170471191406,24.378171920776367,118.13957977294922,96.01447296142578,420.376708984375,362.45172119140625,212.59661865234375,124.20980834960938,164.9199981689453,62026.078125,3748.76025390625
2021-10-19,145.3551483154297,297.0155029296875,172.20750427246094,150.3177490234375,142.0628662109375,337.34271240234375,22.242979049682617,284.8299865722656,76.69589233398438,36.88359832763672,24.654376983642578,119.69185638427734,96.58331298828125,423.61993408203125,365.19451904296875,213.39022827148438,122.49639129638672,165.4499969482422,64261.9921875,3877.65087890625
2021-10-20,145.8437042236328,296.225341796875,170.7530059814453,152.34194946289062,140.60687255859375,338.1265869140625,22.05636978149414,287.489990234375,76.48338317871094,37.1793327331543,24.854095458984375,121.40211486816406,97.18946838378906,425.28375244140625,364.7178955078125,214.80734252929688,121.66949462890625,166.89999389648438,65992.8359375,4155.9921875
2021-10-21,146.0586700439453,299.4534606933594,171.75050354003906,151.14700317382812,140.7229461669922,339.218017578125,22.644128799438477,286.82000732421875,76.77801513671875,37.02222442626953,24.39517593383789,121.89476776123047,97.38531494140625,426.39300537109375,366.9452209472656,215.3552703857422,121.52465057373047,166.75,62210.171875,4054.32275390625
2021-10-22,145.2867431640625,297.9117431640625,166.77749633789062,153.18016052246094,136.43882751464844,322.0824279785156,22.678056716918945,289.239990234375,76.51238250732422,37.53975296020508,24.624635696411133,122.38742065429688,97.73035430908203,425.9511413574219,363.86199951171875,214.84512329101562,122.86295318603516,167.77000427246094,60692.265625,3970.181884765625
2021-10-23,145.2867431640625,297.9117431640625,166.77749633789062,153.18016052246094,136.43882751464844,322.0824279785156,22.678056716918945,289.239990234375,76.51238250732422,37.53975296020508,24.624635696411133,122.38742065429688,97.73035430908203,425.9511413574219,363.86199951171875,214.84512329101562,122.86295318603516,167.77000427246094,61393.6171875,4171.66357421875
2021-10-24,145.2867431640625,297.9117431640625,166.77749633789062,153.18016052246094,136.43882751464844,322.0824279785156,22.678056716918945,289.239990234375,76.51238250732422,37.53975296020508,24.624635696411133,122.38742065429688,97.73035430908203,425.9511413574219,363.86199951171875,214.84512329101562,122.86295318603516,167.77000427246094,60930.8359375,4087.903076171875
2021-10-25,145.23785400390625,296.91912841796875,166.01849365234375,152.4311065673828,136.32032775878906,326.13067626953125,23.117130279541016,290.260009765625,76.76353454589844,37.49354553222656,24.985822677612305,122.53611755371094,97.95413970947266,428.23541259765625,367.5871887207031,216.88577270507812,122.67547607421875,168.92999267578125,63039.82421875,4217.876953125
2021-10-26,145.90234375,298.8271179199219,168.80349731445312,152.84129333496094,138.1665496826172,313.3509826660156,24.66485595703125,290.8500061035156,76.98090362548828,37.52127456665039,25.130300521850586,123.14031219482422,97.3479995727539,428.620849609375,368.7445983886719,215.2513885498047,123.6898422241211,167.67999267578125,60363.79296875,4131.10205078125
2021-10-27,145.443115234375,311.4119873046875,169.62449645996094,149.6577911376953,145.0189208984375,309.7889099121094,24.399423599243164,287.7799987792969,76.91326141357422,36.90208053588867,24.407920837402344,122.16431427001953,96.2103042602539,426.7219543457031,369.6005859375,211.29287719726562,125.9403076171875,168.1199951171875,58482.38671875,3930.25732421875
2021-10-28,149.07789611816406,312.549072265625,172.32850646972656,151.9138946533203,144.6534423828125,314.452392578125,24.88838768005371,289.7200012207031,77.68606567382812,37.354923248291016,24.58213996887207,123.1867904663086,97.41328430175781,430.83941650390625,373.7050476074219,215.50643920898438,125.51406860351562,168.0800018310547,60622.13671875,4287.31884765625
2021-10-29,146.37136840820312,319.5545349121094,168.6215057373047,151.49476623535156,146.8324432373047,321.0505676269531,25.5130672454834,287.010009765625,78.01932525634766,37.20705032348633,24.420671463012695,124.3858413696289,97.4412612915039,431.7135925292969,375.5433044433594,215.4497833251953,125.897705078125,166.64999389648438,62227.96484375,4414.74658203125
2021-10-30,146.37136840820312,319.5545349121094,168.6215057373047,151.49476623535156,146.8324432373047,321.0505676269531,25.5130672454834,287.010009765625,78.01932525634766,37.20705032348633,24.420671463012695,124.3858413696289,97.4412612915039,431.7135925292969,375.5433044433594,215.4497833251953,125.897705078125,166.64999389648438,61888.83203125,4325.650390625
2021-10-31,146.37136840820312,319.5545349121094,168.6215057373047,151.49476623535156,146.8324432373047,321.0505676269531,25.5130672454834,287.010009765625,78.01932525634766,37.20705032348633,24.420671463012695,124.3858413696289,97.4412612915039,431.7135925292969,375.5433044433594,215.4497833251953,125.897705078125,166.64999389648438,61318.95703125,4288.07421875
2021-11-01,145.550537109375,317.3863525390625,165.90550231933594,151.41452026367188,142.32070922851562,327.4106750488281,25.772518157958984,286.239990234375,77.90340423583984,37.22554397583008,24.84134864807129,124.23712921142578,97.7116928100586,432.45623779296875,376.82720947265625,221.0332489013672,124.9912338256836,167.52000427246094,61004.40625,4324.626953125
2021-11-02,146.5863037109375,321.0096130371094,165.6374969482422,152.01199340820312,144.24037170410156,325.525390625,26.345304489135742,287.92999267578125,78.58928680419922,37.317955017089844,24.607637405395508,125.01788330078125,98.03807830810547,434.2047119140625,378.4028015136719,221.49612426757812,125.5460205078125,167.16000366210938,63226.40234375,4584.798828125
2021-11-03,148.02268981933594,321.8478698730469,169.1999969482422,152.0654754638672,145.39630126953125,329.0378723144531,26.54189109802246,288.7200012207031,79.04812622070312,37.45656967163086,24.403671264648438,125.75218200683594,97.8236083984375,436.85565185546875,382.4198303222656,225.4546356201172,124.2486343383789,165.77000427246094,62970.046875,4607.19384765625
2021-11-04,147.50479125976562,324.19915771484375,173.85000610351562,150.0679931640625,147.05210876464844,333.23492431640625,29.738130569458008,287.69000244140625,80.28460693359375,36.96677017211914,24.437665939331055,124.88775634765625,98.21527862548828,438.9143371582031,387.3218688964844,225.36961364746094,125.5545425415039,167.64999389648438,61452.23046875,4537.32421875
2021-11-05,148.03318786621094,323.8330383300781,175.94949340820312,149.85401916503906,147.6318359375,338.473876953125,29.689239501953125,287.8800048828125,80.69999694824219,36.985252380371094,24.75636100769043,123.49349975585938,99.21309661865234,440.4372863769531,387.6915283203125,228.4495086669922,127.43228149414062,169.83999633789062,61125.67578125,4486.2431640625
2021-11-06,148.03318786621094,323.8330383300781,175.94949340820312,149.85401916503906,147.6318359375,338.473876953125,29.689239501953125,287.8800048828125,80.69999694824219,36.985252380371094,24.75636100769043,123.49349975585938,99.21309661865234,440.4372863769531,387.6915283203125,228.4495086669922,127.43228149414062,169.83999633789062,61527.48046875,4521.5810546875
2021-11-07,148.03318786621094,323.8330383300781,175.94949340820312,149.85401916503906,147.6318359375,338.473876953125,29.689239501953125,287.8800048828125,80.69999694824219,36.985252380371094,24.75636100769043,123.49349975585938,99.21309661865234,440.4372863769531,387.6915283203125,228.4495086669922,127.43228149414062,169.83999633789062,63326.98828125,4620.5546875
2021-11-08,147.21124267578125,324.7290954589844,174.44900512695312,150.75466918945312,147.80935668945312,335.9833679199219,30.73902130126953,288.79998779296875,81.13470458984375,37.18857192993164,24.9815731048584,124.22779846191406,99.6233901977539,440.8132019042969,387.16619873046875,229.15805053710938,127.193359375,170.4499969482422,67566.828125,4812.08740234375
2021-11-09,147.57327270507812,323.7269592285156,178.81149291992188,149.6132354736328,147.69776916503906,332.7586669921875,30.592329025268555,286.3500061035156,80.80142974853516,36.985252380371094,25.08355712890625,123.77234649658203,99.87519073486328,439.35614013671875,384.50128173828125,227.8260040283203,128.8491973876953,171.2899932861328,66971.828125,4735.06884765625
2021-11-10,144.7453155517578,318.76434326171875,174.1024932861328,149.47055053710938,144.69757080078125,325.08892822265625,29.396860122680664,285.32000732421875,79.46833038330078,36.92055892944336,24.420671463012695,124.12557220458984,99.315673828125,435.8216552734375,378.8502197265625,224.2359619140625,126.49348449707031,173.14999389648438,64995.23046875,4636.17431640625
2021-11-11,144.6963653564453,320.33502197265625,173.625,149.461669921875,144.5716094970703,325.18804931640625,30.325889587402344,284.6499938964844,79.84025573730469,37.02222442626953,24.5141544342041,123.76305389404297,98.90534973144531,435.96258544921875,379.9007568359375,226.04037475585938,126.30561828613281,174.1199951171875,64949.9609375,4730.38427734375
2021-11-12,146.77088928222656,324.468994140625,176.25750732421875,148.79286193847656,147.45924377441406,338.2357177734375,30.325889587402344,285.989990234375,80.81108856201172,37.10539627075195,24.454662322998047,124.37655639648438,99.6886978149414,439.252685546875,383.8982238769531,226.26712036132812,125.75083923339844,174.4499969482422,64155.94140625,4667.115234375
2021-11-13,146.77088928222656,324.468994140625,176.25750732421875,148.79286193847656,147.45924377441406,338.2357177734375,30.325889587402344,285.989990234375,80.81108856201172,37.10539627075195,24.454662322998047,124.37655639648438,99.6886978149414,439.252685546875,383.8982238769531,226.26712036132812,125.75083923339844,174.4499969482422,64469.52734375,4651.46044921875
2021-11-14,146.77088928222656,324.468994140625,176.25750732421875,148.79286193847656,147.45924377441406,338.2357177734375,30.325889587402344,285.989990234375,80.81108856201172,37.10539627075195,24.454662322998047,124.37655639648438,99.6886978149414,439.252685546875,383.8982238769531,226.26712036132812,125.75083923339844,174.4499969482422,65466.83984375,4626.35888671875
2021-11-15,146.78067016601562,323.8426513671875,177.28399658203125,148.52532958984375,147.23509216308594,344.8537292480469,29.961658477783203,284.6700134277344,80.72897338867188,37.10539627075195,24.658628463745117,123.60501861572266,99.87519073486328,439.4031677246094,383.8106689453125,225.36961364746094,124.17182922363281,174.17999267578125,63557.87109375,4557.50390625
2021-11-16,147.7592010498047,327.15753173828125,177.03500366210938,147.45526123046875,146.66383361816406,340.2895202636719,30.1392879486084,283.3599853515625,81.57906341552734,37.06842803955078,24.69687271118164,124.12557220458984,99.89384460449219,441.1422424316406,386.5438232421875,225.78530883789062,123.85603332519531,172.9199981689453,60161.24609375,4216.365234375
2021-11-17,150.19573974609375,327.37945556640625,177.4499969482422,146.66162109375,146.83340454101562,338.1165771484375,29.19927215576172,281.5899963378906,81.33273315429688,36.643306732177734,24.318681716918945,124.30219268798828,99.29701232910156,440.07061767578125,386.748046875,222.82826232910156,124.83757781982422,174.5,60368.01171875,4287.59375
2021-11-18,154.48175048828125,329.455078125,184.80299377441406,145.39540100097656,148.6102294921875,336.0528259277344,31.608182907104492,280.6300048828125,82.1441650390625,36.458473205566406,24.174209594726562,124.34866333007812,99.09185791015625,441.5652770996094,390.7552795410156,221.88348388671875,125.30703735351562,173.94000244140625,56942.13671875,4000.65087890625
2021-11-19,157.10426330566406,331.2313537597656,183.82850646972656,143.49600219726562,147.70570373535156,342.611328125,32.915428161621094,279.989990234375,82.74309539794922,36.06108474731445,23.23086929321289,123.59575653076172,98.59764099121094,440.775634765625,392.9340515136719,219.86175537109375,126.63004302978516,172.61000061035156,58119.578125,4298.306640625
2021-11-20,157.10426330566406,331.2313537597656,183.82850646972656,143.49600219726562,147.70570373535156,342.611328125,32.915428161621094,279.989990234375,82.74309539794922,36.06108474731445,23.23086929321289,123.59575653076172,98.59764099121094,440.775634765625,392.9340515136719,219.86175537109375,126.63004302978516,172.61000061035156,59697.1953125,4409.93115234375
2021-11-21,157.10426330566406,331.2313537597656,183.82850646972656,143.49600219726562,147.70570373535156,342.611328125,32.915428161621094,279.989990234375,82.74309539794922,36.06108474731445,23.23086929321289,123.59575653076172,98.59764099121094,440.775634765625,392.9340515136719,219.86175537109375,126.63004302978516,172.61000061035156,58730.4765625,4269.73291015625
2021-11-22,157.56417846679688,328.0648498535156,178.6284942626953,146.55465698242188,145.1027374267578,338.3547668457031,31.88858985900879,284.9700012207031,81.82054138183594,36.569374084472656,23.643051147460938,123.03803253173828,98.8680648803711,439.5347900390625,388.3723449707031,218.9264678955078,125.14483642578125,168.74000549316406,56289.2890625,4088.457763671875
2021-11-23,157.94580078125,325.9892883300781,179.0019989013672,150.05911254882812,144.58700561523438,334.62408447265625,31.67902946472168,288.55999755859375,81.63219451904297,37.142356872558594,24.369674682617188,123.1681900024414,99.03590393066406,440.1175842285156,386.6020812988281,218.54856872558594,123.33537292480469,167.27999877929688,57569.07421875,4340.763671875
2021-11-24,158.4644317626953,326.21142578125,179.02049255371094,148.88204956054688,144.92221069335938,338.4043884277344,32.60506820678711,287.2799987792969,82.22628784179688,37.05918884277344,24.607637405395508,123.1217269897461,98.92401885986328,441.2926330566406,387.8471984863281,218.78472900390625,125.31560516357422,167.1199951171875,56280.42578125,4239.9814453125
2021-11-25,158.4644317626953,326.21142578125,179.02049255371094,148.88204956054688,144.92221069335938,338.4043884277344,32.60506820678711,287.2799987792969,82.22628784179688,37.05918884277344,24.607637405395508,123.1217269897461,98.92401885986328,441.2926330566406,387.8471984863281,218.78472900390625,125.31560516357422,167.1199951171875,57274.6796875,4274.7431640625
2021-11-26,153.4445037841797,318.2662658691406,175.22799682617188,144.39666748046875,141.01747131347656,330.5262145996094,31.436542510986328,283.0899963378906,80.17352294921875,35.830047607421875,23.617551803588867,122.666259765625,96.24759674072266,431.4504699707031,380.4940185546875,210.53709411621094,128.48214721679688,166.85000610351562,53569.765625,4030.908935546875
2021-11-27,153.4445037841797,318.2662658691406,175.22799682617188,144.39666748046875,141.01747131347656,330.5262145996094,31.436542510986328,283.0899963378906,80.17352294921875,35.830047607421875,23.617551803588867,122.666259765625,96.24759674072266,431.4504699707031,380.4940185546875,210.53709411621094,128.48214721679688,166.85000610351562,54815.078125,4096.912109375
2021-11-28,153.4445037841797,318.2662658691406,175.22799682617188,144.39666748046875,141.01747131347656,330.5262145996094,31.436542510986328,283.0899963378906,80.17352294921875,35.830047607421875,23.617551803588867,122.666259765625,96.24759674072266,431.4504699707031,380.4940185546875,210.53709411621094,128.48214721679688,166.85000610351562,57248.45703125,4294.45361328125
2021-11-29,156.80088806152344,324.9757080078125,178.07850646972656,143.77244567871094,144.33753967285156,335.39794921875,33.30558395385742,282.1199951171875,82.17798614501953,35.940940856933594,23.75353240966797,123.0008773803711,96.41548156738281,436.74285888671875,388.751708984375,210.4048309326172,127.44941711425781,166.6199951171875,57806.56640625,4445.10498046875
2021-11-30,161.75230407714844,319.1447448730469,175.35350036621094,141.63232421875,140.73434448242188,321.9336242675781,32.607059478759766,276.69000244140625,81.49212646484375,35.08146667480469,23.196874618530273,120.58417510986328,93.97219848632812,428.24481201171875,383.0423583984375,206.1156768798828,129.38690185546875,165.5,57005.42578125,4631.47900390625
2021-12-01,161.23362731933594,318.6524353027344,172.18600463867188,140.7941131591797,139.895263671875,308.1815490722656,31.372526168823242,275.0,80.37638854980469,34.69330978393555,22.95041275024414,120.3703842163086,92.66666412353516,423.48828125,376.5257263183594,201.47694396972656,130.18504333496094,166.16000366210938,57229.828125,4586.990234375
2021-12-02,160.24534606933594,318.0828857421875,171.8679962158203,143.75462341308594,141.7940673828125,307.97320556640625,32.0621452331543,279.0899963378906,81.1153793334961,35.7283821105957,23.617551803588867,120.95597839355469,95.41764068603516,429.9745178222656,379.23931884765625,207.09820556640625,130.34744262695312,165.24000549316406,56477.81640625,4511.30224609375
2021-12-03,158.36654663085938,311.8272705078125,169.489501953125,141.15078735351562,140.8374786376953,304.4508361816406,30.632003784179688,277.42999267578125,79.75814056396484,35.146156311035156,23.430585861206055,121.17904663085938,95.30574798583984,426.233154296875,372.6448974609375,202.84686279296875,131.90272521972656,166.6300048828125,53598.24609375,4220.7060546875
2021-12-04,158.36654663085938,311.8272705078125,169.489501953125,141.15078735351562,140.8374786376953,304.4508361816406,30.632003784179688,277.42999267578125,79.75814056396484,35.146156311035156,23.430585861206055,121.17904663085938,95.30574798583984,426.233154296875,372.6448974609375,202.84686279296875,131.90272521972656,166.6300048828125,49200.703125,4119.58740234375
2021-12-05,158.36654663085938,311.8272705078125,169.489501953125,141.15078735351562,140.8374786376953,304.4508361816406,30.632003784179688,277.42999267578125,79.75814056396484,35.146156311035156,23.430585861206055,121.17904663085938,95.30574798583984,426.233154296875,372.6448974609375,202.84686279296875,131.90272521972656,166.6300048828125,49368.84765625,4198.32275390625
2021-12-06,161.77188110351562,314.89715576171875,171.36849975585938,142.8183135986328,141.9815216064453,315.3949890136719,29.977306365966797,281.3800048828125,80.51646423339844,35.68217086791992,23.77902603149414,121.86688232421875,96.9190444946289,431.2811584472656,375.63092041015625,206.918701171875,130.09109497070312,166.22000122070312,50582.625,4358.7373046875
2021-12-07,167.50608825683594,323.3248596191406,176.1645050048828,144.96739196777344,146.0623016357422,320.29644775390625,32.362552642822266,284.9700012207031,83.32752227783203,36.319847106933594,24.335683822631836,123.43775939941406,97.90752410888672,440.2021484375,386.9425964355469,211.71798706054688,129.03993225097656,166.80999755859375,50700.0859375,4315.0615234375
2021-12-08,171.32240295410156,323.3731689453125,176.1580047607422,143.3087615966797,146.9717559814453,327.986083984375,31.762754440307617,283.7200012207031,83.7091064453125,36.12577819824219,24.331432342529297,124.36726379394531,98.14999389648438,441.36773681640625,388.6737976074219,213.16348266601562,126.80949401855469,166.89999389648438,50504.796875,4439.35791015625
2021-12-09,170.8135528564453,321.56787109375,174.17100524902344,143.0858612060547,146.4282684326172,327.2519226074219,30.42940330505371,284.5199890136719,82.80587768554688,36.051841735839844,24.14446258544922,124.65538787841797,97.84225463867188,438.3879089355469,382.95477294921875,208.33583068847656,127.51878356933594,165.8800048828125,47672.12109375,4119.81591796875
2021-12-10,175.59861755371094,330.68109130859375,172.21200561523438,142.51513671875,146.7882843017578,327.1824645996094,30.13799285888672,288.2300109863281,84.46741485595703,36.088809967041016,24.32293701171875,125.09223937988281,98.24325561523438,442.5146179199219,387.1177062988281,207.75950622558594,127.21121978759766,166.5800018310547,47243.3046875,3908.49609375
2021-12-11,175.59861755371094,330.68109130859375,172.21200561523438,142.51513671875,146.7882843017578,327.1824645996094,30.13799285888672,288.2300109863281,84.46741485595703,36.088809967041016,24.32293701171875,125.09223937988281,98.24325561523438,442.5146179199219,387.1177062988281,207.75950622558594,127.21121978759766,166.5800018310547,49362.5078125,4084.452392578125
2021-12-12,175.59861755371094,330.68109130859375,172.21200561523438,142.51513671875,146.7882843017578,327.1824645996094,30.13799285888672,288.2300109863281,84.46741485595703,36.088809967041016,24.32293701171875,125.09223937988281,98.24325561523438,442.5146179199219,387.1177062988281,207.75950622558594,127.21121978759766,166.5800018310547,50098.3359375,4134.453125
2021-12-13,171.96827697753906,327.6498107910156,169.5675048828125,140.82083129882812,144.6311492919922,331.8855285644531,28.10503387451172,290.010009765625,83.21160125732422,35.700660705566406,23.64729881286621,126.272705078125,97.22679138183594,438.5947265625,381.5250244140625,204.7233428955078,129.0912322998047,167.0,46737.48046875,3784.226806640625
2021-12-14,170.5885009765625,316.9725646972656,169.0915069580078,141.8998565673828,142.72735595703125,331.141357421875,28.28067970275879,295.0299987792969,81.84469604492188,35.91321563720703,23.549562454223633,125.76148223876953,96.30355834960938,435.5771789550781,377.57611083984375,202.9607696533203,128.78359985351562,165.44000244140625,46612.6328125,3745.4404296875
2021-12-15,175.45187377929688,323.0642395019531,173.31500244140625,140.83871459960938,145.24057006835938,338.9997253417969,30.398466110229492,294.5799865722656,84.01338958740234,36.0148811340332,23.434831619262695,128.3362274169922,97.14282989501953,442.383056640625,386.18389892578125,206.18267822265625,127.54446411132812,166.14999389648438,48896.72265625,4018.388671875
2021-12-16,168.5629119873047,313.6517639160156,168.87100219726562,143.041259765625,143.2609405517578,332.2923278808594,28.330585479736328,300.1700134277344,81.63219451904297,36.46772766113281,23.583560943603516,129.098388671875,97.18946838378906,438.4819030761719,376.25335693359375,202.01315307617188,127.59405517578125,168.16000366210938,47665.42578125,3962.4697265625
2021-12-17,167.46694946289062,312.58990478515625,170.0175018310547,139.78646850585938,140.5632781982422,331.1910095214844,27.74575424194336,293.6600036621094,81.0864028930664,35.663692474365234,23.103389739990234,128.19679260253906,95.52957153320312,433.815185546875,374.3760986328125,203.87049865722656,129.0399169921875,167.8000030517578,46202.14453125,3879.486572265625
2021-12-18,167.46694946289062,312.58990478515625,170.0175018310547,139.78646850585938,140.5632781982422,331.1910095214844,27.74575424194336,293.6600036621094,81.0864028930664,35.663692474365234,23.103389739990234,128.19679260253906,95.52957153320312,433.815185546875,374.3760986328125,203.87049865722656,129.0399169921875,167.8000030517578,46848.77734375,3960.860107421875
2021-12-19,167.46694946289062,312.58990478515625,170.0175018310547,139.78646850585938,140.5632781982422,331.1910095214844,27.74575424194336,293.6600036621094,81.0864028930664,35.663692474365234,23.103389739990234,128.19679260253906,95.52957153320312,433.815185546875,374.3760986328125,203.87049865722656,129.0399169921875,167.8000030517578,46707.015625,3922.592529296875
2021-12-20,166.10679626464844,308.8345642089844,167.07899475097656,137.27178955078125,140.44619750976562,322.91595458984375,27.66391372680664,289.6099853515625,80.1219711303711,34.9709587097168,22.81715202331543,127.42047119140625,93.99909973144531,429.2022399902344,370.7445983886719,201.0086669921875,128.0732421875,167.08999633789062,46880.27734375,3933.844482421875
2021-12-21,169.2772674560547,315.9590148925781,170.41700744628906,139.1890106201172,142.2964324951172,331.5978088378906,29.0172176361084,293.239990234375,82.1495590209961,35.69525909423828,23.46710205078125,127.95232391357422,95.8712158203125,436.8244323730469,379.0419616699219,206.7512664794922,127.58554077148438,167.02000427246094,48936.61328125,4020.260009765625
2021-12-22,171.87039184570312,321.66448974609375,171.03700256347656,139.73292541503906,145.21478271484375,327.8769836425781,29.341567993164062,294.4100036621094,83.2238540649414,35.86240768432617,23.617753982543945,129.4452667236328,96.1426773071289,441.192138671875,383.6581115722656,208.74124145507812,128.1758575439453,168.58999633789062,48628.51171875,3982.099609375
2021-12-23,172.49664306640625,323.1028747558594,171.06849670410156,140.2322998046875,145.71218872070312,332.6296691894531,29.58109474182129,294.489990234375,83.68840789794922,36.04813766479492,23.630664825439453,129.9770965576172,97.27529907226562,443.9373474121094,386.5506286621094,210.40908813476562,127.06365966796875,168.97000122070312,50784.5390625,4108.015625
2021-12-24,172.49664306640625,323.1028747558594,171.06849670410156,140.2322998046875,145.71218872070312,332.6296691894531,29.58109474182129,294.489990234375,83.68840789794922,36.04813766479492,23.630664825439453,129.9770965576172,97.27529907226562,443.9373474121094,386.5506286621094,210.40908813476562,127.06365966796875,168.97000122070312,50822.1953125,4047.98291015625
2021-12-25,172.49664306640625,323.1028747558594,171.06849670410156,140.2322998046875,145.71218872070312,332.6296691894531,29.58109474182129,294.489990234375,83.68840789794922,36.04813766479492,23.630664825439453,129.9770965576172,97.27529907226562,443.9373474121094,386.5506286621094,210.40908813476562,127.06365966796875,168.97000122070312,50429.859375,4093.281005859375
2021-12-26,172.49664306640625,323.1028747558594,171.06849670410156,140.2322998046875,145.71218872070312,332.6296691894531,29.58109474182129,294.489990234375,83.68840789794922,36.04813766479492,23.630664825439453,129.9770965576172,97.27529907226562,443.9373474121094,386.5506286621094,210.40908813476562,127.06365966796875,168.97000122070312,50809.515625,4067.328125
2021-12-27,176.459716796875,330.59423828125,169.66949462890625,141.03489685058594,146.69407653808594,343.4844970703125,30.883499145507812,296.6700134277344,85.48374938964844,36.41956329345703,24.147184371948242,131.34869384765625,98.30497741699219,450.21990966796875,392.9391784667969,212.38009643554688,127.37164306640625,169.3699951171875,50640.41796875,4037.547607421875
2021-12-28,175.4420166015625,329.43572998046875,170.66099548339844,141.462890625,145.4845733642578,343.524169921875,30.261741638183594,298.2900085449219,85.03852844238281,36.43814468383789,24.12997055053711,131.0034637451172,98.80108642578125,449.85198974609375,391.1180725097656,211.08189392089844,126.86685943603516,168.63999938964844,47588.85546875,3800.89306640625
2021-12-29,175.53012084960938,330.1115417480469,169.2010040283203,141.3915557861328,145.4528350830078,340.269775390625,29.941377639770508,299.4599914550781,85.11112976074219,36.39170455932617,23.975011825561523,131.7499237060547,98.97891998291016,450.42742919921875,391.0596618652344,211.30931091308594,125.48088836669922,168.58999633789062,46444.7109375,3628.53173828125
2021-12-30,174.37542724609375,327.57257080078125,168.64450073242188,141.32020568847656,145.00204467773438,341.6787109375,29.527204513549805,299.9800109863281,84.54978942871094,36.32670593261719,23.82866668701172,132.02052307128906,98.62322998046875,449.18231201171875,389.8908996582031,211.25241088867188,126.53321838378906,169.8000030517578,47178.125,3713.85205078125
2021-12-31,173.7589569091797,324.6764221191406,166.7169952392578,141.20431518554688,143.6645965576172,333.7310791015625,29.352548599243164,299.0,84.13844299316406,36.2617073059082,23.888925552368164,131.46063232421875,99.04447174072266,448.0502624511719,387.4563293457031,210.797607421875,126.78133392333984,170.9600067138672,46306.4453125,3682.6328125
2022-01-01,173.7589569091797,324.6764221191406,166.7169952392578,141.20431518554688,143.6645965576172,333.7310791015625,29.352548599243164,299.0,84.13844299316406,36.2617073059082,23.888925552368164,131.46063232421875,99.04447174072266,448.0502624511719,387.4563293457031,210.797607421875,126.78133392333984,170.9600067138672,47686.8125,3769.697021484375
2022-01-02,173.7589569091797,324.6764221191406,166.7169952392578,141.20431518554688,143.6645965576172,333.7310791015625,29.352548599243164,299.0,84.13844299316406,36.2617073059082,23.888925552368164,131.46063232421875,99.04447174072266,448.0502624511719,387.4563293457031,210.797607421875,126.78133392333984,170.9600067138672,47345.21875,3829.56494140625
2022-01-03,178.1036376953125,323.1607666015625,170.4044952392578,144.19158935546875,143.802978515625,335.90399169921875,30.061138153076172,300.7900085449219,84.9369125366211,36.70743942260742,24.629268646240234,130.1077423095703,98.2300796508789,450.6443786621094,391.18621826171875,213.5172576904297,123.45333099365234,168.3300018310547,46458.1171875,3761.38037109375
2022-01-04,175.84324645996094,317.6195373535156,167.52200317382812,149.6577911376953,143.2158203125,333.90966796875,29.231792449951172,308.5299987792969,84.0368423461914,37.67317581176758,25.481521606445312,128.390869140625,100.2051773071289,450.49346923828125,386.1123046875,213.195068359375,122.93995666503906,169.57000732421875,45897.57421875,3794.056640625
2022-01-05,171.1658172607422,305.4267578125,164.35699462890625,146.92173767089844,136.64561462402344,321.6459045410156,27.549142837524414,309.9200134277344,81.45272064208984,37.23673629760742,25.477218627929688,127.47645568847656,99.25039672851562,441.8430480957031,374.25054931640625,205.97421264648438,122.27269744873047,169.05999755859375,43569.00390625,3550.386962890625
2022-01-06,168.30850219726562,303.0132751464844,163.25399780273438,148.48268127441406,136.61834716796875,329.871337890625,28.12199592590332,313.2200012207031,81.04139709472656,37.784603118896484,26.045385360717773,126.00216674804688,99.70905303955078,441.4280090332031,373.98760986328125,207.14927673339844,122.58921813964844,166.99000549316406,43160.9296875,3418.408203125
2022-01-07,168.47482299804688,303.16778564453125,162.5540008544922,149.95387268066406,135.89381408691406,329.20654296875,27.19285011291504,319.7799987792969,80.29617309570312,38.230323791503906,26.402647018432617,125.35838317871094,99.68097686767578,439.6827697753906,369.9362487792969,204.75177001953125,121.70799255371094,167.75,41557.90234375,3193.21044921875
2022-01-08,168.47482299804688,303.16778564453125,162.5540008544922,149.95387268066406,135.89381408691406,329.20654296875,27.19285011291504,319.7799987792969,80.29617309570312,38.230323791503906,26.402647018432617,125.35838317871094,99.68097686767578,439.6827697753906,369.9362487792969,204.75177001953125,121.70799255371094,167.75,41733.94140625,3091.97265625
2022-01-09,168.47482299804688,303.16778564453125,162.5540008544922,149.95387268066406,135.89381408691406,329.20654296875,27.19285011291504,319.7799987792969,80.29617309570312,38.230323791503906,26.402647018432617,125.35838317871094,99.68097686767578,439.6827697753906,369.9362487792969,204.75177001953125,121.70799255371094,167.75,41911.6015625,3157.75146484375
2022-01-10,168.4944305419922,303.3898620605469,161.48599243164062,150.09742736816406,137.5327606201172,325.5155944824219,27.345542907714844,318.92999267578125,80.31068420410156,38.1003303527832,26.320863723754883,126.64599609375,98.55770874023438,439.1356506347656,370.1797180175781,204.04107666015625,122.00750732421875,168.25999450683594,41821.26171875,3083.097900390625
2022-01-11,171.32240295410156,304.0752868652344,165.36199951171875,150.24990844726562,138.5905303955078,331.7664489746094,27.7617130279541,319.79998779296875,81.27367401123047,38.43463134765625,27.21615982055664,127.65371704101562,99.1474380493164,443.13543701171875,375.7405700683594,206.2111053466797,122.82018280029297,170.2899932861328,42735.85546875,3238.111572265625
2022-01-12,171.7627410888672,307.2513122558594,165.20700073242188,151.1021270751953,140.2711639404297,330.6651306152344,27.943357467651367,320.3900146484375,81.65596771240234,38.46247482299805,27.26780891418457,127.2898178100586,99.46568298339844,444.33343505859375,377.2305908203125,204.67596435546875,122.34972381591797,170.74000549316406,43949.1015625,3372.25830078125
2022-01-13,168.4944305419922,294.2476501464844,161.21400451660156,150.91372680664062,137.4509735107422,323.9379577636719,26.522188186645508,321.260009765625,79.54125213623047,38.31390380859375,27.130069732666016,125.3117446899414,99.68097686767578,438.211181640625,367.793701171875,202.79969787597656,123.43611907958984,170.16000366210938,42591.5703125,3248.28857421875
2022-01-14,169.3555908203125,299.4607238769531,162.13800048828125,141.6380615234375,138.33714294433594,329.315673828125,26.888458251953125,324.1300048828125,80.2138900756836,37.914615631103516,27.767108917236328,125.09712219238281,99.08191680908203,438.39044189453125,370.0823669433594,203.083984375,121.57108306884766,169.6699981689453,43099.69921875,3310.00146484375
2022-01-15,169.3555908203125,299.4607238769531,162.13800048828125,141.6380615234375,138.33714294433594,329.315673828125,26.888458251953125,324.1300048828125,80.2138900756836,37.914615631103516,27.767108917236328,125.09712219238281,99.08191680908203,438.39044189453125,370.0823669433594,203.083984375,121.57108306884766,169.6699981689453,43177.3984375,3330.53076171875
2022-01-16,169.3555908203125,299.4607238769531,162.13800048828125,141.6380615234375,138.33714294433594,329.315673828125,26.888458251953125,324.1300048828125,80.2138900756836,37.914615631103516,27.767108917236328,125.09712219238281,99.08191680908203,438.39044189453125,370.0823669433594,203.083984375,121.57108306884766,169.6699981689453,43113.87890625,3350.921875
2022-01-17,169.3555908203125,299.4607238769531,162.13800048828125,141.6380615234375,138.33714294433594,329.315673828125,26.888458251953125,324.1300048828125,80.2138900756836,37.914615631103516,27.767108917236328,125.09712219238281,99.08191680908203,438.39044189453125,370.0823669433594,203.083984375,121.57108306884766,169.6699981689453,42250.55078125,3212.304931640625
2022-01-18,166.15573120117188,292.1720886230469,158.91749572753906,135.699462890625,134.88320922851562,315.6727600097656,25.851516723632812,320.2900085449219,78.28788757324219,37.069583892822266,27.87902069091797,123.34295654296875,97.93990325927734,430.62664794921875,360.86944580078125,196.9434051513672,119.86006927490234,169.38999938964844,42375.6328125,3164.025146484375
2022-01-19,162.66233825683594,292.82861328125,156.2989959716797,133.60031127929688,134.00894165039062,317.1015930175781,25.017179489135742,314.75,77.19428253173828,36.44742202758789,27.676719665527344,122.83905792236328,96.8447265625,426.1552429199219,356.90582275390625,193.74046325683594,120.68992614746094,172.0800018310547,41744.328125,3095.825927734375
2022-01-20,160.97923278808594,291.15838623046875,151.66749572753906,132.4610595703125,132.2147216796875,314.0951232910156,24.102006912231445,311.010009765625,76.19739532470703,36.21527862548828,27.42276382446289,122.03662872314453,95.60912322998047,421.4384765625,352.2701416015625,190.23431396484375,121.43426513671875,171.64999389648438,40680.41796875,3001.1201171875
2022-01-21,158.9243621826172,285.78125,142.64300537109375,130.14662170410156,129.28298950195312,300.8094482421875,23.327545166015625,305.2200012207031,74.68274688720703,35.4724006652832,26.880422592163086,120.80498504638672,94.72920227050781,413.16546630859375,342.50213623046875,186.6712188720703,122.880126953125,171.08999633789062,36457.31640625,2557.931640625
2022-01-22,158.9243621826172,285.78125,142.64300537109375,130.14662170410156,129.28298950195312,300.8094482421875,23.327545166015625,305.2200012207031,74.68274688720703,35.4724006652832,26.880422592163086,120.80498504638672,94.72920227050781,413.16546630859375,342.50213623046875,186.6712188720703,122.880126953125,171.08999633789062,35030.25,2405.18115234375
2022-01-23,158.9243621826172,285.78125,142.64300537109375,130.14662170410156,129.28298950195312,300.8094482421875,23.327545166015625,305.2200012207031,74.68274688720703,35.4724006652832,26.880422592163086,120.80498504638672,94.72920227050781,413.16546630859375,342.50213623046875,186.6712188720703,122.880126953125,171.08999633789062,36276.8046875,2535.0390625
2022-01-24,158.1512908935547,286.1094970703125,144.54400634765625,130.02999877929688,129.7317657470703,306.3062744140625,23.325546264648438,303.7300109863281,75.06986236572266,35.57455062866211,27.061201095581055,120.40374755859375,95.27213287353516,414.92010498046875,344.070068359375,190.97341918945312,121.87055206298828,172.02999877929688,36654.328125,2440.352294921875
2022-01-25,156.35072326660156,278.50225830078125,139.98599243164062,131.44735717773438,125.89448547363281,297.8128662109375,22.27962875366211,307.19000244140625,73.33260345458984,35.72312927246094,28.111454010009766,119.62931823730469,94.3360824584961,409.8542785644531,336.0940856933594,188.42433166503906,121.67377471923828,172.5800018310547,36954.00390625,2455.93505859375
2022-01-26,156.26271057128906,286.43768310546875,138.87249755859375,132.6942901611328,128.1736297607422,292.33587646484375,22.72673988342285,309.260009765625,73.76329803466797,35.815982818603516,28.06410789489746,119.00414276123047,93.51233673095703,408.82598876953125,335.56817626953125,185.70469665527344,120.20223999023438,169.7899932861328,36852.12109375,2468.0302734375
2022-01-27,155.80279541015625,289.45941162109375,139.6374969482422,130.3529510498047,127.94751739501953,292.34588623046875,21.900390625,307.6700134277344,73.25519561767578,35.490970611572266,28.369712829589844,119.31207275390625,92.67924499511719,406.8072509765625,332.1888732910156,181.48776245117188,122.4095458984375,167.60000610351562,37138.234375,2423.001220703125
2022-01-28,166.67431640625,297.5878601074219,143.97799682617188,131.5190887451172,132.2578582763672,299.3607482910156,22.794607162475586,312.8999938964844,76.4587173461914,35.95526885986328,28.249191284179688,121.74739074707031,93.32514190673828,416.9104919433594,342.60931396484375,185.02236938476562,122.45233154296875,167.10000610351562,37784.33203125,2547.092041015625
2022-01-29,166.67431640625,297.5878601074219,143.97799682617188,131.5190887451172,132.2578582763672,299.3607482910156,22.794607162475586,312.8999938964844,76.4587173461914,35.95526885986328,28.249191284179688,121.74739074707031,93.32514190673828,416.9104919433594,342.60931396484375,185.02236938476562,122.45233154296875,167.10000610351562,38138.1796875,2597.084716796875
2022-01-30,166.67431640625,297.5878601074219,143.97799682617188,131.5190887451172,132.2578582763672,299.3607482910156,22.794607162475586,312.8999938964844,76.4587173461914,35.95526885986328,28.249191284179688,121.74739074707031,93.32514190673828,416.9104919433594,342.60931396484375,185.02236938476562,122.45233154296875,167.10000610351562,37917.6015625,2603.466552734375
2022-01-31,171.02879333496094,300.2137756347656,149.57350158691406,133.30429077148438,134.19439697265625,310.8208312988281,24.437339782714844,313.0199890136719,78.37986755371094,36.270992279052734,28.374013900756836,122.44718170166016,94.29862976074219,424.4194641113281,353.56536865234375,190.69862365722656,121.81925201416016,168.08999633789062,38483.125,2688.27880859375
2022-02-01,170.8625030517578,298.07049560546875,151.19349670410156,135.59181213378906,136.51571655273438,316.51617431640625,24.589035034179688,313.9599914550781,78.58309173583984,36.77242660522461,29.385526657104492,122.77377319335938,95.59976959228516,427.2873229980469,355.97088623046875,192.7075653076172,121.41487884521484,168.22999572753906,38743.2734375,2792.1171875
2022-02-02,172.06610107421875,302.6077575683594,150.6125030517578,134.50631713867188,146.78680419921875,320.4849548339844,25.191835403442383,319.6000061035156,79.22187805175781,37.02315139770508,29.480222702026367,124.42530822753906,96.26436614990234,431.4379577636719,358.86328125,190.79339599609375,121.82614135742188,168.83999633789062,36952.984375,2682.85400390625
2022-02-03,169.18917846679688,290.8205871582031,138.8455047607422,133.39401245117188,141.91708374023438,235.90872192382812,23.900407791137695,315.2300109863281,76.92327880859375,36.61457824707031,29.200441360473633,123.89342498779297,94.72920227050781,421.297119140625,344.3135070800781,187.1829376220703,120.87511444091797,168.60000610351562,37154.6015625,2679.16259765625
2022-02-04,168.90505981445312,295.3482360839844,157.63949584960938,136.85670471191406,142.11837768554688,235.24391174316406,24.270668029785156,314.989990234375,77.23297119140625,37.23673629760742,29.65670394897461,123.44556427001953,93.70893096923828,423.2781066894531,348.6570739746094,187.98841857910156,119.09314727783203,168.86000061035156,41500.875,2983.5869140625
2022-02-05,168.90505981445312,295.3482360839844,157.63949584960938,136.85670471191406,142.11837768554688,235.24391174316406,24.270668029785156,314.989990234375,77.23297119140625,37.23673629760742,29.65670394897461,123.44556427001953,93.70893096923828,423.2781066894531,348.6570739746094,187.98841857910156,119.09314727783203,168.86000061035156,41441.1640625,3014.648193359375
2022-02-06,168.90505981445312,295.3482360839844,157.63949584960938,136.85670471191406,142.11837768554688,235.24391174316406,24.270668029785156,314.989990234375,77.23297119140625,37.23673629760742,29.65670394897461,123.44556427001953,93.70893096923828,423.2781066894531,348.6570739746094,187.98841857910156,119.09314727783203,168.86000061035156,42412.43359375,3057.47607421875
2022-02-07,168.18980407714844,290.53094482421875,157.9355010986328,137.314208984375,138.0599365234375,223.1587677001953,24.67885971069336,316.510009765625,76.72001647949219,37.34817123413086,30.03548240661621,123.23095703125,93.78380584716797,421.919677734375,345.8523254394531,188.91708374023438,119.17024230957031,170.11000061035156,43840.28515625,3142.470703125
2022-02-08,171.29571533203125,294.0159606933594,161.4134979248047,139.89776611328125,138.25631713867188,218.465576171875,25.0580997467041,321.44000244140625,77.66848754882812,37.86818313598633,29.38983726501465,124.23866271972656,94.7198715209961,425.3912048339844,349.7380676269531,192.1389923095703,118.37345886230469,170.6300048828125,44118.4453125,3122.608642578125
2022-02-09,172.71641540527344,300.43572998046875,161.1894989013672,140.48085021972656,140.43133544921875,230.19357299804688,26.651927947998047,322.3800048828125,79.3912582397461,38.109615325927734,29.63517951965332,125.19974517822266,96.02099609375,431.61724853515625,357.1493225097656,195.78733825683594,118.59623718261719,171.2100067138672,44338.796875,3239.45703125
2022-02-10,168.6405029296875,291.9115295410156,159.0034942626953,139.89776611328125,137.48370361328125,226.29417419433594,25.77267837524414,319.8500061035156,77.31524658203125,37.77532196044922,29.450092315673828,123.24028015136719,94.44839477539062,423.8629150390625,349.0661315917969,192.7833709716797,116.71142578125,170.55999755859375,43565.11328125,3077.482177734375
2022-02-11,165.23085021972656,284.8255615234375,153.2935028076172,138.07669067382812,133.1817626953125,217.8404998779297,23.90140724182129,319.1400146484375,74.95372009277344,37.24602127075195,30.30666160583496,121.53277587890625,93.00688171386719,415.5048828125,337.9931640625,190.83131408691406,118.4420394897461,173.80999755859375,42407.9375,2927.383544921875
2022-02-12,165.23085021972656,284.8255615234375,153.2935028076172,138.07669067382812,133.1817626953125,217.8404998779297,23.90140724182129,319.1400146484375,74.95372009277344,37.24602127075195,30.30666160583496,121.53277587890625,93.00688171386719,415.5048828125,337.9931640625,190.83131408691406,118.4420394897461,173.80999755859375,42244.46875,2917.36279296875
2022-02-13,165.23085021972656,284.8255615234375,153.2935028076172,138.07669067382812,133.1817626953125,217.8404998779297,23.90140724182129,319.1400146484375,74.95372009277344,37.24602127075195,30.30666160583496,121.53277587890625,93.00688171386719,415.5048828125,337.9931640625,190.83131408691406,118.4420394897461,173.80999755859375,42197.515625,2883.46337890625
2022-02-14,165.4660186767578,284.7869567871094,155.16700744628906,136.79388427734375,134.41505432128906,216.00491333007812,24.218772888183594,314.2799987792969,74.9295425415039,36.82815933227539,29.59213638305664,120.29179382324219,92.66055297851562,414.146484375,338.4119567871094,190.16795349121094,116.96847534179688,174.74000549316406,42586.91796875,2933.47900390625
2022-02-15,169.29696655273438,290.067626953125,156.510498046875,138.7943572998047,135.4886932373047,219.2792205810547,26.442344665527344,316.20001220703125,76.89908599853516,37.329586029052734,29.282224655151367,121.64473724365234,94.05526733398438,420.8253173828125,346.8261413574219,195.26612854003906,115.64051818847656,173.0800018310547,44575.203125,3179.877197265625
2022-02-16,169.06182861328125,289.7290344238281,158.10049438476562,139.04551696777344,136.60891723632812,214.85391235351562,26.458311080932617,315.6499938964844,76.82166290283203,37.35745620727539,29.518972396850586,121.83136749267578,94.55136108398438,421.297119140625,346.7385559082031,195.67361450195312,116.3259048461914,174.86000061035156,43961.859375,3127.830078125
2022-02-17,165.4660186767578,281.24517822265625,154.65249633789062,135.84298706054688,131.4525604248047,206.0926971435547,24.458295822143555,313.54998779296875,74.52305603027344,36.42884826660156,29.471620559692383,119.87191772460938,92.81966400146484,412.29754638671875,336.4252014160156,190.66070556640625,117.19121551513672,177.25,40538.01171875,2881.48193359375
2022-02-18,163.91795349121094,278.53643798828125,152.60150146484375,136.47988891601562,129.3340606689453,204.5547637939453,23.595012664794922,314.79998779296875,73.76811981201172,36.41956329345703,29.29083824157715,118.97615814208984,92.05209350585938,409.6279296875,332.588134765625,189.02134704589844,118.42491912841797,177.1199951171875,40030.9765625,2785.7275390625
2022-02-19,163.91795349121094,278.53643798828125,152.60150146484375,136.47988891601562,129.3340606689453,204.5547637939453,23.595012664794922,314.79998779296875,73.76811981201172,36.41956329345703,29.29083824157715,118.97615814208984,92.05209350585938,409.6279296875,332.588134765625,189.02134704589844,118.42491912841797,177.1199951171875,40122.15625,2763.701171875
2022-02-20,163.91795349121094,278.53643798828125,152.60150146484375,136.47988891601562,129.3340606689453,204.5547637939453,23.595012664794922,314.79998779296875,73.76811981201172,36.41956329345703,29.29083824157715,118.97615814208984,92.05209350585938,409.6279296875,332.588134765625,189.02134704589844,118.42491912841797,177.1199951171875,38431.37890625,2628.6484375
2022-02-21,163.91795349121094,278.53643798828125,152.60150146484375,136.47988891601562,129.3340606689453,204.5547637939453,23.595012664794922,314.79998779296875,73.76811981201172,36.41956329345703,29.29083824157715,118.97615814208984,92.05209350585938,409.6279296875,332.588134765625,189.02134704589844,118.42491912841797,177.1199951171875,37075.28125,2573.816162109375
2022-02-22,160.9982147216797,278.3333435058594,150.19749450683594,136.23768615722656,128.7493896484375,200.5065155029297,23.34351348876953,314.1600036621094,73.08580780029297,36.233848571777344,28.817363739013672,118.67756652832031,91.16283416748047,405.2319641113281,329.24774169921875,186.3585205078125,118.73331451416016,177.49000549316406,38286.02734375,2639.29931640625
2022-02-23,156.83412170410156,271.1263732910156,144.82699584960938,133.3850555419922,126.54212188720703,196.90480041503906,22.342506408691406,309.989990234375,71.25662231445312,35.6024055480957,29.11435890197754,118.08039855957031,89.48729705810547,398.04364013671875,320.8140563964844,182.87130737304688,117.09696197509766,178.2899932861328,37296.5703125,2590.359619140625
2022-02-24,159.45016479492188,284.9791564941406,151.35800170898438,129.6711883544922,131.6033172607422,205.98353576660156,23.700801849365234,308.2799987792969,73.69071960449219,35.175254821777344,28.886232376098633,118.55626678466797,90.62926483154297,404.03387451171875,331.59478759765625,187.66622924804688,117.17411804199219,177.13999938964844,38332.609375,2598.067138671875
2022-02-25,161.51747131347656,287.6104736328125,153.7884979248047,132.7391357421875,133.35731506347656,208.8411102294922,24.108991622924805,319.239990234375,74.69241333007812,36.30813980102539,29.648090362548828,122.18592071533203,92.79159545898438,412.948486328125,336.7367858886719,191.8926239013672,117.25975036621094,176.5500030517578,39214.21875,2764.53564453125
2022-02-26,161.51747131347656,287.6104736328125,153.7884979248047,132.7391357421875,133.35731506347656,208.8411102294922,24.108991622924805,319.239990234375,74.69241333007812,36.30813980102539,29.648090362548828,122.18592071533203,92.79159545898438,412.948486328125,336.7367858886719,191.8926239013672,117.25975036621094,176.5500030517578,39105.1484375,2781.11181640625
2022-02-27,161.51747131347656,287.6104736328125,153.7884979248047,132.7391357421875,133.35731506347656,208.8411102294922,24.108991622924805,319.239990234375,74.69241333007812,36.30813980102539,29.648090362548828,122.18592071533203,92.79159545898438,412.948486328125,336.7367858886719,191.8926239013672,117.25975036621094,176.5500030517578,37709.78515625,2621.8017578125
2022-02-28,161.7820281982422,289.04217529296875,153.56300354003906,127.20425415039062,133.94992065429688,209.38685607910156,24.33653450012207,321.45001220703125,74.55693054199219,35.76954650878906,30.37982940673828,121.2621841430664,93.50300598144531,411.8919372558594,337.7398681640625,192.66966247558594,119.82991790771484,178.3800048828125,43193.234375,2919.201171875
2022-03-01,159.90084838867188,285.3274841308594,151.14199829101562,122.40491485595703,132.96255493164062,201.9055633544922,23.430343627929688,316.8399963378906,73.06646728515625,34.45093536376953,30.6854305267334,120.59037780761719,92.10826110839844,405.61871337890625,332.56866455078125,189.04029846191406,121.21537017822266,181.6199951171875,44354.63671875,2972.485107421875
2022-03-02,163.1929473876953,290.3965148925781,152.05250549316406,124.94363403320312,133.46839904785156,206.48959350585938,24.175983428955078,323.6400146484375,74.64886474609375,35.342403411865234,31.387033462524414,122.40988159179688,94.07398986816406,413.0804748535156,338.1489562988281,193.54147338867188,117.07191467285156,179.72999572753906,43924.1171875,2950.118408203125
2022-03-03,162.86956787109375,286.2658386230469,147.89849853515625,124.05549621582031,132.80189514160156,201.3896026611328,23.670902252197266,327.739990234375,73.7584457397461,35.23096466064453,31.47312355041504,123.03501892089844,94.17694854736328,411.0240478515625,333.3185729980469,191.24822998046875,118.26432037353516,180.8000030517578,42451.7890625,2834.468994140625
2022-03-04,159.87142944335938,280.4034729003906,145.64100646972656,120.56591796875,130.82522583007812,198.5022430419922,22.894319534301758,325.3399963378906,72.46640014648438,34.5716552734375,32.38133239746094,123.65083312988281,93.97101593017578,407.6846008300781,328.4881591796875,188.25376892089844,120.30604553222656,183.67999267578125,39137.60546875,2617.156005859375
2022-03-05,159.87142944335938,280.4034729003906,145.64100646972656,120.56591796875,130.82522583007812,198.5022430419922,22.894319534301758,325.3399963378906,72.46640014648438,34.5716552734375,32.38133239746094,123.65083312988281,93.97101593017578,407.6846008300781,328.4881591796875,188.25376892089844,120.30604553222656,183.67999267578125,39400.5859375,2664.8310546875
2022-03-06,159.87142944335938,280.4034729003906,145.64100646972656,120.56591796875,130.82522583007812,198.5022430419922,22.894319534301758,325.3399963378906,72.46640014648438,34.5716552734375,32.38133239746094,123.65083312988281,93.97101593017578,407.6846008300781,328.4881591796875,188.25376892089844,120.30604553222656,183.67999267578125,38419.984375,2555.037353515625
2022-03-07,156.07968139648438,269.81072998046875,137.4530029296875,115.91015625,125.34254455566406,186.0102996826172,21.313194274902344,322.7200012207031,69.81454467773438,33.30876922607422,32.859107971191406,121.4954605102539,91.45299530029297,395.66644287109375,316.373046875,183.572509765625,119.38813781738281,186.41000366210938,38062.0390625,2497.771240234375
2022-03-08,154.2572784423828,266.8506164550781,136.01449584960938,115.09383392333984,126.06258392333984,188.80833435058594,21.47490119934082,318.5199890136719,69.47581481933594,33.113765716552734,33.37562942504883,119.01347351074219,90.8913803100586,392.6665344238281,314.9025573730469,184.5864715576172,118.18712615966797,191.50999450683594,38737.26953125,2576.74755859375
2022-03-09,159.6558837890625,279.0878601074219,139.2790069580078,119.70474243164062,132.32630920410156,196.95440673828125,22.972177505493164,325.3999938964844,72.2244644165039,34.330230712890625,32.35551071166992,121.2621841430664,92.53885650634766,403.1942138671875,326.2384033203125,189.78892517089844,117.02899169921875,185.82000732421875,41982.92578125,2729.783447265625
2022-03-10,155.3154754638672,276.27276611328125,146.8175048828125,118.2873764038086,131.34393310546875,193.6900177001953,22.616823196411133,325.29998779296875,70.96143341064453,34.042354583740234,33.345489501953125,121.21553802490234,92.41716003417969,401.37371826171875,322.6156005859375,189.44775390625,115.34765625,186.39999389648438,39437.4609375,2608.048583984375
2022-03-11,151.60203552246094,270.93292236328125,145.52450561523438,115.62308502197266,128.80592346191406,186.14918518066406,22.059837341308594,326.6000061035156,69.71292877197266,33.800926208496094,33.078617095947266,120.31045532226562,91.67765808105469,396.2701416015625,315.92510986328125,186.4248809814453,115.73368072509766,185.08999633789062,38794.97265625,2559.56298828125
2022-03-12,151.60203552246094,270.93292236328125,145.52450561523438,115.62308502197266,128.80592346191406,186.14918518066406,22.059837341308594,326.6000061035156,69.71292877197266,33.800926208496094,33.078617095947266,120.31045532226562,91.67765808105469,396.2701416015625,315.92510986328125,186.4248809814453,115.73368072509766,185.08999633789062,38904.01171875,2574.754150390625
2022-03-13,151.60203552246094,270.93292236328125,145.52450561523438,115.62308502197266,128.80592346191406,186.14918518066406,22.059837341308594,326.6000061035156,69.71292877197266,33.800926208496094,33.078617095947266,120.31045532226562,91.67765808105469,396.2701416015625,315.92510986328125,186.4248809814453,115.73368072509766,185.08999633789062,37849.6640625,2518.944580078125
2022-03-14,147.5751495361328,267.4212951660156,141.85299682617188,116.77132415771484,124.91854858398438,185.1768341064453,21.291234970092773,329.9800109863281,68.42086029052734,34.228084564208984,32.0886344909668,121.1595458984375,91.986572265625,393.3741149902344,309.8578796386719,182.6154022216797,113.03137969970703,182.3000030517578,39666.75390625,2590.696044921875
2022-03-15,151.9547882080078,277.78192138671875,147.3665008544922,118.84355163574219,128.13894653320312,190.5347900390625,22.931249618530273,332.54998779296875,70.71947479248047,34.7109489440918,30.913555145263672,123.57621765136719,93.44683074951172,402.0245666503906,319.57708740234375,185.52462768554688,112.8341064453125,178.88999938964844,39338.78515625,2620.149658203125
2022-03-16,156.3638153076172,284.7856750488281,153.10400390625,124.15422058105469,132.18797302246094,202.04446411132812,24.45148277282715,336.1099853515625,73.01805877685547,35.68598556518555,30.77152442932129,125.059814453125,94.68242645263672,410.9390869140625,331.42926025390625,191.36192321777344,113.94073486328125,180.00999450683594,41143.9296875,2772.0556640625
2022-03-17,157.3729705810547,285.588623046875,157.23899841308594,125.72405242919922,132.7418975830078,206.2216796875,24.720991134643555,344.9700012207031,73.53585815429688,36.13169860839844,31.830381393432617,127.03789520263672,95.89929962158203,416.080322265625,335.4416198730469,194.3658905029297,113.09143829345703,180.88999938964844,40951.37890625,2814.8544921875
2022-03-18,160.66505432128906,290.628662109375,161.25050354003906,125.67921447753906,135.0096435546875,214.80435180664062,26.404924392700195,342.4100036621094,75.04083251953125,36.21527862548828,31.800243377685547,127.82167053222656,96.26436614990234,420.6375427246094,342.3074035644531,196.41275024414062,114.47257995605469,179.3000030517578,41801.15625,2945.343017578125
2022-03-19,160.66505432128906,290.628662109375,161.25050354003906,125.67921447753906,135.0096435546875,214.80435180664062,26.404924392700195,342.4100036621094,75.04083251953125,36.21527862548828,31.800243377685547,127.82167053222656,96.26436614990234,420.6375427246094,342.3074035644531,196.41275024414062,114.47257995605469,179.3000030517578,42190.65234375,2946.257080078125
2022-03-20,160.66505432128906,290.628662109375,161.25050354003906,125.67921447753906,135.0096435546875,214.80435180664062,26.404924392700195,342.4100036621094,75.04083251953125,36.21527862548828,31.800243377685547,127.82167053222656,96.26436614990234,420.6375427246094,342.3074035644531,196.41275024414062,114.47257995605469,179.3000030517578,41247.82421875,2860.459228515625
2022-03-21,162.03675842285156,289.4000549316406,161.4915008544922,125.2755355834961,134.98585510253906,209.84326171875,26.68541717529297,349.6600036621094,74.8983154296875,36.17985534667969,33.08216857910156,127.72432708740234,96.48130798339844,420.51458740234375,341.3557434082031,194.67860412597656,111.82180786132812,180.6699981689453,41077.99609375,2897.9765625
2022-03-22,165.40724182128906,294.14019775390625,164.88900756835938,127.9398422241211,138.72146606445312,214.96307373046875,26.475801467895508,349.92999267578125,75.97457885742188,36.767154693603516,32.83882141113281,127.75241088867188,97.00724792480469,425.4352722167969,348.0643005371094,196.63070678710938,110.38919830322266,179.36000061035156,42358.80859375,2973.131103515625
2022-03-23,166.76913452148438,289.71929931640625,163.4080047607422,125.39213562011719,137.1420135498047,211.7979278564453,25.587419509887695,348.1600036621094,74.8061752319336,36.08662414550781,33.40373229980469,125.45924377441406,96.07746124267578,419.9562683105469,343.06207275390625,193.21926879882812,112.80835723876953,181.80999755859375,42892.95703125,3031.067138671875
2022-03-24,170.5511474609375,294.1789245605469,163.64950561523438,126.20844268798828,140.4114990234375,217.8603515625,28.09884262084961,352.3699951171875,76.7502670288086,36.3756217956543,33.48629379272461,126.95681762695312,96.81002044677734,426.2868347167969,350.6872863769531,195.44105529785156,111.92472839355469,183.1300048828125,43960.93359375,3108.06201171875
2022-03-25,171.18792724609375,293.7726135253906,164.77349853515625,127.31190490722656,140.51168823242188,220.09283447265625,27.641674041748047,358.760009765625,76.7066421508789,36.841732025146484,34.220680236816406,127.5464859008789,97.4111099243164,428.3686218261719,350.3946838378906,195.7069091796875,110.37206268310547,182.3800048828125,44348.73046875,3106.67138671875
2022-03-26,171.18792724609375,293.7726135253906,164.77349853515625,127.31190490722656,140.51168823242188,220.09283447265625,27.641674041748047,358.760009765625,76.7066421508789,36.841732025146484,34.220680236816406,127.5464859008789,97.4111099243164,428.3686218261719,350.3946838378906,195.7069091796875,110.37206268310547,182.3800048828125,44500.828125,3143.178955078125
2022-03-27,171.18792724609375,293.7726135253906,164.77349853515625,127.31190490722656,140.51168823242188,220.09283447265625,27.641674041748047,358.760009765625,76.7066421508789,36.841732025146484,34.220680236816406,127.5464859008789,97.4111099243164,428.3686218261719,350.3946838378906,195.7069091796875,110.37206268310547,182.3800048828125,46820.4921875,3291.57763671875
2022-03-28,172.05018615722656,300.5635986328125,168.99049377441406,126.36994934082031,140.29595947265625,221.8490447998047,28.16771697998047,359.57000732421875,77.61808776855469,36.73918914794922,33.37331008911133,128.47312927246094,97.43926239013672,431.41571044921875,355.8161315917969,195.7733917236328,111.31564331054688,179.05999755859375,47128.00390625,3336.634521484375
2022-03-29,175.34226989746094,305.11993408203125,169.31500244140625,126.64804077148438,141.3373260498047,228.07022094726562,28.603923797607422,355.1199951171875,79.26643371582031,36.823089599609375,33.286407470703125,129.23126220703125,98.34086608886719,436.75262451171875,361.93963623046875,201.01454162597656,112.1563720703125,179.13999938964844,47465.73046875,3401.98779296875
2022-03-30,174.17628479003906,303.6204833984375,166.30099487304688,126.07394409179688,140.7750244140625,226.0758819580078,27.639677047729492,357.6099853515625,78.20956420898438,36.56207275390625,33.67314529418945,129.48399353027344,98.2281723022461,434.05572509765625,357.94183349609375,196.97923278808594,113.03137969970703,180.5800018310547,47062.6640625,3385.157958984375
2022-03-31,171.08018493652344,298.2515869140625,162.99749755859375,122.2883071899414,137.92752075195312,220.6286163330078,27.236413955688477,352.9100036621094,77.05085754394531,35.72306442260742,33.21686935424805,128.2203826904297,96.71611785888672,427.37506103515625,353.5052185058594,194.89987182617188,113.305908203125,180.64999389648438,45538.67578125,3281.642822265625
2022-04-01,170.7862548828125,299.32537841796875,163.55999755859375,121.38224792480469,139.0016326904297,223.0992431640625,26.663455963134766,351.8800048828125,76.82298278808594,35.62983703613281,33.48629379272461,129.23126220703125,95.96475982666016,428.5863037109375,352.83245849609375,197.0836944580078,113.73722076416016,179.5,46281.64453125,3449.55224609375
2022-04-02,170.7862548828125,299.32537841796875,163.55999755859375,121.38224792480469,139.0016326904297,223.0992431640625,26.663455963134766,351.8800048828125,76.82298278808594,35.62983703613281,33.48629379272461,129.23126220703125,95.96475982666016,428.5863037109375,352.83245849609375,197.0836944580078,113.73722076416016,179.5,45868.94921875,3445.059326171875
2022-04-03,170.7862548828125,299.32537841796875,163.55999755859375,121.38224792480469,139.0016326904297,223.0992431640625,26.663455963134766,351.8800048828125,76.82298278808594,35.62983703613281,33.48629379272461,129.23126220703125,95.96475982666016,428.5863037109375,352.83245849609375,197.0836944580078,113.73722076416016,179.5,46453.56640625,3522.83349609375
2022-04-04,174.832763671875,304.69427490234375,168.34649658203125,121.92052459716797,141.7995147705078,232.06884765625,27.31027603149414,345.42999267578125,78.28227996826172,35.47136306762695,33.529754638671875,128.15489196777344,95.8426742553711,432.2578125,360.0967102050781,197.406494140625,112.94679260253906,180.3699951171875,46622.67578125,3521.2412109375
2022-04-05,171.52108764648438,300.7377624511719,164.05499267578125,120.50165557861328,139.4385223388672,230.0348358154297,25.883874893188477,344.79998779296875,76.6339340209961,35.24762725830078,33.00395584106445,128.4263153076172,94.48086547851562,426.7978515625,352.1011047363281,192.73504638671875,110.39503479003906,179.24000549316406,45555.9921875,3411.79248046875
2022-04-06,168.3563690185547,289.7290344238281,158.75599670410156,118.82980346679688,135.42869567871094,221.56130981445312,24.362646102905273,344.7099914550781,74.82073974609375,35.0052490234375,33.199493408203125,130.38255310058594,93.74830627441406,422.5301208496094,344.45654296875,190.00054931640625,109.5014877319336,179.66000366210938,43206.73828125,3171.69189453125
2022-04-07,168.66009521484375,291.5379638671875,157.7845001220703,118.46829223632812,134.7746124267578,221.2140350341797,24.164005279541016,346.510009765625,74.93708801269531,34.967952728271484,33.6340446472168,132.8909149169922,94.0676498413086,424.65924072265625,345.2755432128906,189.38340759277344,108.67670440673828,180.33999633789062,43503.84765625,3233.274658203125
2022-04-08,166.6515350341797,287.2814636230469,154.4604949951172,120.63726043701172,132.19491577148438,220.59884643554688,23.076984405517578,353.1000061035156,73.88990783691406,35.322208404541016,34.559627532958984,133.68653869628906,93.54169464111328,423.523681640625,340.44891357421875,187.87371826171875,107.49964141845703,181.47000122070312,42287.6640625,3192.073974609375
2022-04-09,166.6515350341797,287.2814636230469,154.4604949951172,120.63726043701172,132.19491577148438,220.59884643554688,23.076984405517578,353.1000061035156,73.88990783691406,35.322208404541016,34.559627532958984,133.68653869628906,93.54169464111328,423.523681640625,340.44891357421875,187.87371826171875,107.49964141845703,181.47000122070312,42782.13671875,3261.916259765625
2022-04-10,166.6515350341797,287.2814636230469,154.4604949951172,120.63726043701172,132.19491577148438,220.59884643554688,23.076984405517578,353.1000061035156,73.88990783691406,35.322208404541016,34.559627532958984,133.68653869628906,93.54169464111328,423.523681640625,340.44891357421875,187.87371826171875,107.49964141845703,181.47000122070312,42207.671875,3211.866943359375
2022-04-11,162.3992919921875,275.95355224609375,151.1219940185547,120.19439697265625,127.76752471923828,214.77456665039062,21.877166748046875,352.0199890136719,72.02823638916016,35.16371536254883,33.521060943603516,131.0283660888672,93.24115753173828,416.28472900390625,332.394775390625,186.61087036132812,105.79847717285156,182.3699951171875,39521.90234375,2981.05224609375
2022-04-12,164.27066040039062,272.8580017089844,150.78750610351562,118.8749771118164,126.66758728027344,212.4726104736328,21.464920043945312,349.739990234375,71.70825958251953,34.78151321411133,34.07728576660156,129.7554168701172,93.09090423583984,414.7423095703125,330.9906311035156,187.19956970214844,105.65242004394531,183.77000427246094,40127.18359375,3030.37646484375
2022-04-13,166.95529174804688,278.2365417480469,155.54100036621094,115.0432357788086,128.8292236328125,213.31600952148438,22.162649154663086,346.2200012207031,72.86211395263672,34.78151321411133,34.5857048034668,130.39187622070312,93.9643325805664,419.4925842285156,337.7187194824219,190.76014709472656,105.86720275878906,184.64999389648438,41166.73046875,3118.34423828125
2022-04-14,161.9486083984375,270.7007141113281,151.7064971923828,113.97683715820312,125.69116973876953,208.54344177246094,21.219369888305664,344.3299865722656,71.09253692626953,34.38998031616211,34.69868469238281,129.76478576660156,93.86102294921875,414.2691650390625,329.99609375,188.90867614746094,103.74506378173828,184.0399932861328,39935.515625,3019.909423828125
2022-04-15,161.9486083984375,270.7007141113281,151.7064971923828,113.97683715820312,125.69116973876953,208.54344177246094,21.219369888305664,344.3299865722656,71.09253692626953,34.38998031616211,34.69868469238281,129.76478576660156,93.86102294921875,414.2691650390625,329.99609375,188.90867614746094,103.74506378173828,184.0399932861328,40553.46484375,3040.91650390625
2022-04-16,161.9486083984375,270.7007141113281,151.7064971923828,113.97683715820312,125.69116973876953,208.54344177246094,21.219369888305664,344.3299865722656,71.09253692626953,34.38998031616211,34.69868469238281,129.76478576660156,93.86102294921875,414.2691650390625,329.99609375,188.90867614746094,103.74506378173828,184.0399932861328,40424.484375,3062.310302734375
2022-04-17,161.9486083984375,270.7007141113281,151.7064971923828,113.97683715820312,125.69116973876953,208.54344177246094,21.219369888305664,344.3299865722656,71.09253692626953,34.38998031616211,34.69868469238281,129.76478576660156,93.86102294921875,414.2691650390625,329.99609375,188.90867614746094,103.74506378173828,184.0399932861328,39716.953125,2993.4033203125
2022-04-18,161.7330322265625,271.3681640625,152.78500366210938,116.09153747558594,126.62991333007812,209.12887573242188,21.743412017822266,346.6499938964844,71.32524871826172,34.595062255859375,35.20710372924805,128.33273315429688,93.53228759765625,414.4394836425781,330.24957275390625,187.6363067626953,103.22954559326172,184.61000061035156,40826.21484375,3057.606689453125
2022-04-19,164.01589965820312,275.9922790527344,158.11549377441406,118.49540710449219,128.9432830810547,215.61795043945312,22.15766143798828,348.5,72.66333770751953,35.07050323486328,34.920310974121094,129.55886840820312,95.2322006225586,421.12969970703125,337.6309509277344,191.3772735595703,102.45629119873047,181.82000732421875,41502.75,3104.1064453125
2022-04-20,163.84933471679688,277.01763916015625,153.9980010986328,118.91111755371094,126.99042510986328,198.85943603515625,21.442960739135742,348.82000732421875,72.59547424316406,35.3128776550293,35.05501937866211,131.29978942871094,95.74874877929688,420.8173522949219,332.706787109375,192.1083984375,104.51829528808594,182.7100067138672,41374.37890625,3077.745849609375
2022-04-21,163.05577087402344,271.6487731933594,148.29600524902344,117.98932647705078,123.79136657714844,186.60562133789062,20.146318435668945,343.6000061035156,71.36402130126953,34.753536224365234,33.94257354736328,129.84902954101562,94.77201843261719,414.5246276855469,325.82275390625,187.80722045898438,103.74506378173828,182.05999755859375,40527.36328125,2987.480712890625
2022-04-22,158.5193328857422,265.08990478515625,144.35000610351562,114.60038757324219,118.65481567382812,182.6764678955078,19.47953224182129,335.55999755859375,69.36662292480469,33.718753814697266,33.11259078979492,125.11292266845703,92.44287109375,403.1504821777344,317.2907409667969,182.9459228515625,103.09208679199219,180.2899932861328,39740.3203125,2964.835693359375
2022-04-23,158.5193328857422,265.08990478515625,144.35000610351562,114.60038757324219,118.65481567382812,182.6764678955078,19.47953224182129,335.55999755859375,69.36662292480469,33.718753814697266,33.11259078979492,125.11292266845703,92.44287109375,403.1504821777344,317.2907409667969,182.9459228515625,103.09208679199219,180.2899932861328,39486.73046875,2938.114013671875
2022-04-24,158.5193328857422,265.08990478515625,144.35000610351562,114.60038757324219,118.65481567382812,182.6764678955078,19.47953224182129,335.55999755859375,69.36662292480469,33.718753814697266,33.11259078979492,125.11292266845703,92.44287109375,403.1504821777344,317.2907409667969,182.9459228515625,103.09208679199219,180.2899932861328,39469.29296875,2922.732666015625
2022-04-25,159.5873260498047,271.56170654296875,146.07400512695312,114.56423950195312,122.06513214111328,185.5340118408203,19.865829467773438,336.95001220703125,70.40896606445312,33.77470016479492,32.01752471923828,125.9553451538086,92.44287109375,405.4877624511719,321.36663818359375,184.0568084716797,104.12305450439453,177.0500030517578,40458.30859375,3009.3935546875
2022-04-26,153.63021850585938,261.4042053222656,139.39100646972656,111.17530822753906,117.67739868164062,179.54104614257812,18.753854751586914,330.6499938964844,67.7861328125,32.926368713378906,32.060977935791016,123.73704528808594,90.42363739013672,393.74456787109375,309.23663330078125,178.25543212890625,105.17127227783203,177.32000732421875,38117.4609375,2808.29833984375
2022-04-27,153.40489196777344,273.9801330566406,138.16700744628906,109.7293701171875,113.35760498046875,173.58778381347656,18.38153839111328,329.5799865722656,68.78968811035156,32.89839553833008,32.53028869628906,123.4655990600586,90.7617416381836,394.85162353515625,308.8660888671875,177.51487731933594,103.82238006591797,175.97999572753906,39241.12109375,2888.9296875
2022-04-28,160.33192443847656,280.1810302734375,144.59649658203125,111.46449279785156,117.55094909667969,204.12811279296875,19.746049880981445,331.2699890136719,71.54341125488281,33.317909240722656,33.51670837402344,125.16910552978516,91.78543853759766,404.82537841796875,319.8357238769531,180.82855224609375,103.97698974609375,176.92999267578125,39773.828125,2936.94091796875
2022-04-29,154.46298217773438,268.4659729003906,124.28150177001953,107.8676986694336,113.17411804199219,198.90908813476562,18.51329803466797,322.8299865722656,68.56182861328125,32.171260833740234,32.65631103515625,121.94932556152344,89.35298156738281,389.8648376464844,305.4435119628906,175.6064453125,102.62812805175781,176.91000366210938,38609.82421875,2815.601806640625
2022-04-30,154.46298217773438,268.4659729003906,124.28150177001953,107.8676986694336,113.17411804199219,198.90908813476562,18.51329803466797,322.8299865722656,68.56182861328125,32.171260833740234,32.65631103515625,121.94932556152344,89.35298156738281,389.8648376464844,305.4435119628906,175.6064453125,102.62812805175781,176.91000366210938,37714.875,2730.186767578125
2022-05-01,154.46298217773438,268.4659729003906,124.28150177001953,107.8676986694336,113.17411804199219,198.90908813476562,18.51329803466797,322.8299865722656,68.56182861328125,32.171260833740234,32.65631103515625,121.94932556152344,89.35298156738281,389.8648376464844,305.4435119628906,175.6064453125,102.62812805175781,176.91000366210938,38469.09375,2827.756103515625
2022-05-02,154.76678466796875,275.18939208984375,124.5,108.85274505615234,115.62733459472656,209.48605346679688,19.49750328063965,318.19000244140625,69.60417938232422,32.180580139160156,33.177772521972656,121.19116973876953,89.54080963134766,392.2115783691406,310.5432434082031,177.44837951660156,100.84917449951172,173.6300048828125,38529.328125,2857.410400390625
2022-05-03,156.25604248046875,272.58709716796875,124.25350189208984,111.18435668945312,116.3721923828125,210.37905883789062,19.566375732421875,318.989990234375,69.72538757324219,32.60008239746094,34.10770034790039,121.57494354248047,90.13249969482422,394.00946044921875,310.8747253417969,178.96755981445312,101.5290756225586,174.08999633789062,37750.453125,2783.476318359375
2022-05-04,162.663818359375,280.5196533203125,125.92849731445312,114.86248016357422,121.25880432128906,221.6704559326172,20.29705047607422,326.79998779296875,72.17366790771484,33.59757995605469,35.52432632446289,124.27057647705078,92.74340057373047,406.0081787109375,321.3861389160156,183.7434539794922,102.08848571777344,175.8000030517578,39698.37109375,2940.644775390625
2022-05-05,153.60084533691406,268.3016357421875,116.40699768066406,111.98863983154297,115.55047607421875,206.6582489013672,18.809749603271484,318.67999267578125,68.70242309570312,32.61873245239258,34.98982620239258,121.85572052001953,90.32032775878906,391.5774841308594,305.1997375488281,176.29005432128906,99.29143524169922,175.1300048828125,36575.140625,2749.213134765625
2022-05-06,154.32691955566406,265.76715087890625,114.77249908447266,111.80789184570312,114.79769897460938,202.18338012695312,18.641063690185547,318.8800048828125,68.1497573852539,32.38566970825195,36.032752990722656,121.47195434570312,89.70987701416016,389.2402648925781,301.5432434082031,173.3561553955078,97.82835388183594,175.4199981689453,36040.921875,2694.979736328125
2022-05-07,154.32691955566406,265.76715087890625,114.77249908447266,111.80789184570312,114.79769897460938,202.18338012695312,18.641063690185547,318.8800048828125,68.1497573852539,32.38566970825195,36.032752990722656,121.47195434570312,89.70987701416016,389.2402648925781,301.5432434082031,173.3561553955078,97.82835388183594,175.4199981689453,35501.953125,2636.093017578125
2022-05-08,154.32691955566406,265.76715087890625,114.77249908447266,111.80789184570312,114.79769897460938,202.18338012695312,18.641063690185547,318.8800048828125,68.1497573852539,32.38566970825195,36.032752990722656,121.47195434570312,89.70987701416016,389.2402648925781,301.5432434082031,173.3561553955078,97.82835388183594,175.4199981689453,34059.265625,2517.4599609375
2022-05-09,149.2049102783203,255.9482421875,108.78900146484375,110.12699890136719,111.5887222290039,194.68223571777344,16.9191951751709,312.9599914550781,65.51237487792969,31.611923217773438,33.05175018310547,118.32707214355469,87.54036712646484,376.77783203125,289.7447204589844,166.0641326904297,98.6889877319336,172.8800048828125,30296.953125,2245.430419921875
2022-05-10,151.60891723632812,260.7077331542969,108.85900115966797,107.44295501708984,113.457275390625,196.1110076904297,17.563018798828125,312.5299987792969,66.51110076904297,31.332256317138672,33.35158157348633,118.74828338623047,86.96747589111328,377.6484375,293.26483154296875,166.11160278320312,99.58406829833984,171.4199981689453,31022.90625,2343.510986328125
2022-05-11,143.74932861328125,252.04974365234375,105.37200164794922,106.76516723632812,112.67127227783203,187.27041625976562,16.59977912902832,311.5400085449219,64.41185760498047,31.043264389038086,33.79916763305664,117.9620361328125,86.1785888671875,371.6490478515625,284.567138671875,161.98138427734375,101.50326538085938,172.82000732421875,28936.35546875,2072.108642578125
2022-05-12,139.88331604003906,247.0193634033203,106.93049621582031,106.67479705810547,111.91899871826172,189.75094604492188,16.145605087280273,308.05999755859375,63.747676849365234,30.810211181640625,33.94257354736328,119.10393524169922,86.33822631835938,371.2610168457031,283.8943176269531,163.88031005859375,101.31391906738281,170.1699981689453,29047.751953125,1961.7015380859375
2022-05-13,144.34783935546875,252.60107421875,113.05500030517578,107.62368774414062,115.09921264648438,197.07345581054688,17.673818588256836,310.3599853515625,65.8663101196289,31.25766944885254,35.10281753540039,120.36750793457031,87.43707275390625,380.1370544433594,294.4154052734375,169.07400512695312,99.8164291381836,168.7899932861328,29283.103515625,2014.418212890625
2022-05-14,144.34783935546875,252.60107421875,113.05500030517578,107.62368774414062,115.09921264648438,197.07345581054688,17.673818588256836,310.3599853515625,65.8663101196289,31.25766944885254,35.10281753540039,120.36750793457031,87.43707275390625,380.1370544433594,294.4154052734375,169.07400512695312,99.8164291381836,168.7899932861328,30101.265625,2056.27392578125
2022-05-15,144.34783935546875,252.60107421875,113.05500030517578,107.62368774414062,115.09921264648438,197.07345581054688,17.673818588256836,310.3599853515625,65.8663101196289,31.25766944885254,35.10281753540039,120.36750793457031,87.43707275390625,380.1370544433594,294.4154052734375,169.07400512695312,99.8164291381836,168.7899932861328,31305.11328125,2145.706787109375
2022-05-16,142.807373046875,252.96878051757812,110.81050109863281,106.87360382080078,113.50686645507812,198.482421875,17.23262596130371,309.2900085449219,65.2845230102539,30.996654510498047,36.028404235839844,121.2566909790039,87.31497955322266,378.5946044921875,291.0026550292969,168.26695251464844,99.7131576538086,170.39999389648438,29862.91796875,2022.7259521484375
2022-05-17,146.43788146972656,258.1152038574219,115.36849975585938,110.41617584228516,115.51824951171875,201.0423126220703,18.143962860107422,314.6000061035156,67.17528533935547,31.826332092285156,36.44556427001953,122.9227523803711,89.296630859375,386.3824157714844,298.5400390625,173.41310119628906,98.50825500488281,169.3300018310547,30425.857421875,2090.4091796875
2022-05-18,138.1759796142578,246.36329650878906,107.11250305175781,108.52741241455078,110.98222351074219,190.74314880371094,16.9072208404541,306.6400146484375,64.10160064697266,30.95003890991211,35.51129150390625,119.74976348876953,85.97193908691406,370.8067932128906,283.88458251953125,167.33639526367188,100.60820770263672,169.4199981689453,28720.271484375,1916.6561279296875
2022-05-19,134.77113342285156,245.45179748535156,107.31900024414062,106.9188003540039,109.47916412353516,189.80052185058594,17.09288215637207,304.1499938964844,63.39860916137695,30.744945526123047,35.38092803955078,120.01183319091797,85.20182037353516,368.5357360839844,282.36334228515625,167.61178588867188,100.84917449951172,171.91000366210938,30314.333984375,2018.336181640625
2022-05-20,135.00657653808594,244.88943481445312,107.59100341796875,106.04218292236328,108.01525115966797,192.03302001953125,16.66366195678711,304.04998779296875,63.539215087890625,30.689010620117188,35.533016204833984,121.47195434570312,84.28143310546875,368.6966552734375,281.4858703613281,167.18450927734375,101.99383544921875,172.02999877929688,29200.740234375,1961.315673828125
2022-05-21,135.00657653808594,244.88943481445312,107.59100341796875,106.04218292236328,108.01525115966797,192.03302001953125,16.66366195678711,304.04998779296875,63.539215087890625,30.689010620117188,35.533016204833984,121.47195434570312,84.28143310546875,368.6966552734375,281.4858703613281,167.18450927734375,101.99383544921875,172.02999877929688,29432.2265625,1974.518310546875
2022-05-22,135.00657653808594,244.88943481445312,107.59100341796875,106.04218292236328,108.01525115966797,192.03302001953125,16.66366195678711,304.04998779296875,63.539215087890625,30.689010620117188,35.533016204833984,121.47195434570312,84.28143310546875,368.6966552734375,281.4858703613281,167.18450927734375,101.99383544921875,172.02999877929688,30323.72265625,2043.170166015625
2022-05-23,140.4229736328125,252.73373413085938,107.55699920654297,112.60317993164062,110.57411193847656,194.7020721435547,16.86728858947754,310.20001220703125,64.99848175048828,31.686504364013672,36.47164535522461,122.53900146484375,85.66202545166016,375.594970703125,286.16632080078125,169.20692443847656,100.31560516357422,172.8300018310547,29098.91015625,1972.181884765625
2022-05-24,137.724609375,251.7349853515625,104.0999984741211,114.19371795654297,105.10134887695312,179.8684844970703,16.12464141845703,309.1700134277344,64.03372192382812,31.621244430541992,36.6107063293457,122.9040298461914,85.61506652832031,372.727783203125,280.081787109375,166.70028686523438,102.2950668334961,174.1300048828125,29655.5859375,1978.9827880859375
2022-05-25,137.8816375732422,254.54689025878906,106.7750015258789,114.9889907836914,104.93769073486328,182.3986358642578,16.944149017333984,308.6400146484375,64.78031158447266,31.872953414916992,37.3668098449707,122.8665771484375,86.11282348632812,376.0207824707031,284.0016784667969,169.7006378173828,102.69953918457031,173.0800018310547,29562.361328125,1944.827880859375
2022-05-26,141.0803985595703,257.8243103027344,111.07749938964844,116.97715759277344,106.9089126586914,190.13787841796875,17.818557739257812,312.5,66.33656311035156,32.609413146972656,37.77962875366211,123.39075469970703,87.85971069335938,383.53424072265625,291.8704528808594,173.48907470703125,102.23480987548828,172.75999450683594,29267.224609375,1803.913330078125
2022-05-27,146.83038330078125,264.94134521484375,115.14649963378906,118.63098907470703,111.39582061767578,193.6106414794922,18.776813507080078,319.1099853515625,68.58123779296875,33.159423828125,38.47056579589844,125.44054412841797,89.66290283203125,392.94970703125,301.3970642089844,178.16050720214844,102.484375,172.85000610351562,28627.57421875,1724.9228515625
2022-05-28,146.83038330078125,264.94134521484375,115.14649963378906,118.63098907470703,111.39582061767578,193.6106414794922,18.776813507080078,319.1099853515625,68.58123779296875,33.159423828125,38.47056579589844,125.44054412841797,89.66290283203125,392.94970703125,301.3970642089844,178.16050720214844,102.484375,172.85000610351562,28814.900390625,1757.9417724609375
2022-05-29,146.83038330078125,264.94134521484375,115.14649963378906,118.63098907470703,111.39582061767578,193.6106414794922,18.776813507080078,319.1099853515625,68.58123779296875,33.159423828125,38.47056579589844,125.44054412841797,89.66290283203125,392.94970703125,301.3970642089844,178.16050720214844,102.484375,172.85000610351562,29445.95703125,1812.031005859375
2022-05-30,146.83038330078125,264.94134521484375,115.14649963378906,118.63098907470703,111.39582061767578,193.6106414794922,18.776813507080078,319.1099853515625,68.58123779296875,33.159423828125,38.47056579589844,125.44054412841797,89.66290283203125,392.94970703125,301.3970642089844,178.16050720214844,102.484375,172.85000610351562,31726.390625,1996.4412841796875
2022-05-31,146.04542541503906,263.613037109375,120.20950317382812,119.49852752685547,112.82947540283203,192.13226318359375,18.63806915283203,315.9800109863281,68.09156036376953,33.06620407104492,37.892616271972656,123.76512145996094,88.93974304199219,390.7448425292969,300.597412109375,175.9482421875,100.31560516357422,171.13999938964844,31792.310546875,1942.3280029296875
2022-06-01,145.91783142089844,264.1462707519531,121.68399810791016,117.40191650390625,112.95840454101562,187.1711883544922,18.286706924438477,312.2099914550781,67.88794708251953,32.53483200073242,38.50967788696289,121.98675537109375,88.3950424194336,387.5841979980469,298.374267578125,174.95127868652344,100.200927734375,172.22999572753906,29799.080078125,1823.5693359375
2022-06-02,148.3708953857422,266.24066162109375,125.51100158691406,119.29068756103516,116.65831756591797,197.3115997314453,19.556392669677734,314.95001220703125,69.53144836425781,32.9822998046875,38.387996673583984,122.95081329345703,90.08553314208984,394.9652099609375,306.54541015625,179.22393798828125,100.25267028808594,174.35000610351562,30467.48828125,1834.1505126953125
2022-06-03,142.65036010742188,261.8191833496094,122.3499984741211,117.62785339355469,113.60208129882812,189.29452514648438,18.685976028442383,310.94000244140625,67.8685531616211,32.50686264038086,38.896427154541016,121.5093994140625,89.738037109375,388.4832458496094,298.5693054199219,177.6098175048828,100.037109375,172.5800018310547,29704.390625,1775.07861328125
2022-06-04,142.65036010742188,261.8191833496094,122.3499984741211,117.62785339355469,113.60208129882812,189.29452514648438,18.685976028442383,310.94000244140625,67.8685531616211,32.50686264038086,38.896427154541016,121.5093994140625,89.738037109375,388.4832458496094,298.5693054199219,177.6098175048828,100.037109375,172.5800018310547,29832.9140625,1801.6094970703125
2022-06-05,142.65036010742188,261.8191833496094,122.3499984741211,117.62785339355469,113.60208129882812,189.29452514648438,18.685976028442383,310.94000244140625,67.8685531616211,32.50686264038086,38.896427154541016,121.5093994140625,89.738037109375,388.4832458496094,298.5693054199219,177.6098175048828,100.037109375,172.5800018310547,29906.662109375,1805.2049560546875
2022-06-06,143.39608764648438,260.58770751953125,124.79000091552734,117.23925018310547,115.86290740966797,192.73751831054688,18.751861572265625,312.1499938964844,67.87340545654297,32.60008239746094,38.85296630859375,121.52813720703125,90.11370086669922,389.66607666015625,299.56390380859375,178.37889099121094,98.19210052490234,171.82000732421875,31370.671875,1859.2896728515625
2022-06-07,145.91783142089844,264.2238464355469,123.0,117.54651641845703,116.189208984375,194.12660217285156,18.891605377197266,313.6499938964844,68.68304443359375,32.85179901123047,40.01321792602539,123.10993957519531,91.32524871826172,393.40380859375,302.14776611328125,181.2558135986328,99.25254821777344,172.94000244140625,31155.478515625,1814.04833984375
2022-06-08,145.18191528320312,262.19732666015625,121.18000030517578,115.67581176757812,116.23332977294922,195.10888671875,18.618051528930664,308.739990234375,67.90735626220703,32.273807525634766,40.100120544433594,122.1364974975586,89.67228698730469,389.126708984375,299.973388671875,178.45484924316406,98.37315368652344,172.77999877929688,30214.35546875,1793.572265625
2022-06-09,139.9617919921875,256.7480163574219,116.1500015258789,113.24481201171875,113.89417266845703,182.5673065185547,18.019010543823242,300.79998779296875,66.09414672851562,31.462770462036133,39.21363830566406,119.3753662109375,87.90665435791016,379.8721618652344,291.9387512207031,174.7554473876953,98.70074462890625,172.22999572753906,30111.998046875,1789.8260498046875
2022-06-10,134.55526733398438,245.306396484375,109.6500015258789,108.03942108154297,110.25028228759766,174.20294189453125,16.946731567382812,291.7099914550781,63.55376052856445,30.3254451751709,38.54878616333008,117.45661163330078,85.31452178955078,368.8575134277344,281.64190673828125,170.0145721435547,98.08858489990234,174.5399932861328,29083.8046875,1665.042236328125
2022-06-11,134.55526733398438,245.306396484375,109.6500015258789,108.03942108154297,110.25028228759766,174.20294189453125,16.946731567382812,291.7099914550781,63.55376052856445,30.3254451751709,38.54878616333008,117.45661163330078,85.31452178955078,368.8575134277344,281.64190673828125,170.0145721435547,98.08858489990234,174.5399932861328,28360.810546875,1529.6634521484375
2022-06-12,134.55526733398438,245.306396484375,109.6500015258789,108.03942108154297,110.25028228759766,174.20294189453125,16.946731567382812,291.7099914550781,63.55376052856445,30.3254451751709,38.54878616333008,117.45661163330078,85.31452178955078,368.8575134277344,281.64190673828125,170.0145721435547,98.08858489990234,174.5399932861328,26762.6484375,1445.216552734375
2022-06-13,129.40383911132812,234.90225219726562,103.66999816894531,104.8221664428711,105.5203857421875,162.9810028076172,15.621866226196289,281.55999755859375,60.73700714111328,29.42118263244629,36.53682327270508,113.89987182617188,82.75057983398438,354.8526306152344,268.5466003417969,162.02748107910156,95.01066589355469,169.92999267578125,22487.388671875,1204.582763671875
2022-06-14,130.2672882080078,237.06454467773438,102.30999755859375,103.0780029296875,105.84072875976562,162.4551544189453,15.810563087463379,277.6400146484375,61.119998931884766,29.169485092163086,36.606353759765625,112.81411743164062,82.54398345947266,353.78338623046875,269.0341491699219,161.24684143066406,93.81226348876953,168.57000732421875,22206.79296875,1211.662841796875
2022-06-15,132.8871612548828,244.11370849609375,107.66999816894531,104.29801177978516,108.86473083496094,168.03138732910156,16.500452041625977,278.92999267578125,62.40958786010742,29.495763778686523,35.798091888427734,113.95602416992188,83.34225463867188,358.8270263671875,275.75244140625,163.60775756835938,95.5624771118164,170.77000427246094,22572.83984375,1233.2064208984375
2022-06-16,127.61800384521484,237.5299072265625,103.66000366210938,102.50865173339844,105.16431427001953,159.61741638183594,15.57594108581543,268.55999755859375,59.86919403076172,28.74997901916504,33.78178405761719,112.28060150146484,80.56231689453125,346.9512634277344,264.6267395019531,156.0299530029297,96.32119750976562,172.69000244140625,20381.650390625,1067.730712890625
2022-06-17,129.08981323242188,240.12855529785156,106.22000122070312,102.14716339111328,106.26520538330078,162.46507263183594,15.8544921875,268.0799865722656,60.41702651977539,28.83388328552246,31.934955596923828,112.21510314941406,80.3556900024414,347.6991882324219,267.8445129394531,157.24850463867188,96.63156127929688,171.27000427246094,20471.482421875,1086.519287109375
2022-06-18,129.08981323242188,240.12855529785156,106.22000122070312,102.14716339111328,106.26520538330078,162.46507263183594,15.8544921875,268.0799865722656,60.41702651977539,28.83388328552246,31.934955596923828,112.21510314941406,80.3556900024414,347.6991882324219,267.8445129394531,157.24850463867188,96.63156127929688,171.27000427246094,19017.642578125,993.6367797851562
2022-06-19,129.08981323242188,240.12855529785156,106.22000122070312,102.14716339111328,106.26520538330078,162.46507263183594,15.8544921875,268.0799865722656,60.41702651977539,28.83388328552246,31.934955596923828,112.21510314941406,80.3556900024414,347.6991882324219,267.8445129394531,157.24850463867188,96.63156127929688,171.27000427246094,20553.271484375,1127.656494140625
2022-06-20,129.08981323242188,240.12855529785156,106.22000122070312,102.14716339111328,106.26520538330078,162.46507263183594,15.8544921875,268.0799865722656,60.41702651977539,28.83388328552246,31.934955596923828,112.21510314941406,80.3556900024414,347.6991882324219,267.8445129394531,157.24850463867188,96.63156127929688,171.27000427246094,20599.537109375,1127.6424560546875
2022-06-21,133.3189239501953,246.0335693359375,108.68000030517578,104.67756652832031,110.62964630126953,155.8271484375,16.53939437866211,271.7699890136719,61.954471588134766,29.409320831298828,33.58938217163086,115.23603820800781,81.82157897949219,356.4520568847656,274.6021423339844,160.06639099121094,94.99344635009766,170.6300048828125,20710.59765625,1124.8245849609375
2022-06-22,132.80868530273438,245.44212341308594,108.94999694824219,104.09014892578125,110.57361602783203,154.636474609375,16.333723068237305,269.7900085449219,61.69198989868164,29.343719482421875,32.24475860595703,116.83393859863281,81.3687973022461,355.8057861328125,274.2015380859375,159.76174926757812,97.6058120727539,171.30999755859375,19987.029296875,1051.421875
2022-06-23,135.67384338378906,250.998046875,112.44000244140625,102.95146179199219,111.32192993164062,157.513916015625,16.198936462402344,267.5199890136719,62.61552429199219,29.231250762939453,31.049524307250977,119.45634460449219,80.95375061035156,359.2936096191406,278.2852478027344,161.6752166748047,98.4076156616211,170.25999450683594,21085.876953125,1143.38671875
2022-06-24,139.00018310546875,259.5696105957031,116.45999908447266,106.02411651611328,117.00791931152344,168.8350830078125,17.098487854003906,278.2799987792969,64.86603546142578,30.309032440185547,31.458181381225586,121.43960571289062,83.78363037109375,370.7169494628906,287.82025146484375,166.68264770507812,97.0453872680664,170.08999633789062,21231.65625,1226.8447265625
2022-06-25,139.00018310546875,259.5696105957031,116.45999908447266,106.02411651611328,117.00791931152344,168.8350830078125,17.098487854003906,278.2799987792969,64.86603546142578,30.309032440185547,31.458181381225586,121.43960571289062,83.78363037109375,370.7169494628906,287.82025146484375,166.68264770507812,97.0453872680664,170.08999633789062,21502.337890625,1243.4468994140625
2022-06-26,139.00018310546875,259.5696105957031,116.45999908447266,106.02411651611328,117.00791931152344,168.8350830078125,17.098487854003906,278.2799987792969,64.86603546142578,30.309032440185547,31.458181381225586,121.43960571289062,83.78363037109375,370.7169494628906,287.82025146484375,166.68264770507812,97.0453872680664,170.08999633789062,21027.294921875,1199.8316650390625
2022-06-27,139.00018310546875,256.844970703125,113.22000122070312,105.17461395263672,114.88398742675781,168.1702880859375,16.841903686523438,278.3999938964844,64.4285659790039,30.20594024658203,32.380977630615234,121.89077758789062,83.5855484008789,369.3009033203125,285.7100524902344,167.30142211914062,96.21772766113281,169.89999389648438,20735.478515625,1193.6806640625
2022-06-28,134.85946655273438,248.6903839111328,107.4000015258789,104.6685562133789,111.08934783935547,159.4288787841797,15.95632553100586,273.8599853515625,62.498870849609375,29.906036376953125,33.25542068481445,119.76651763916016,82.61396026611328,361.7550048828125,277.00543212890625,164.159912109375,96.66603088378906,169.6199951171875,20280.634765625,1144.5792236328125
2022-06-29,136.61581420898438,252.35552978515625,108.91999816894531,104.19862365722656,110.78585815429688,162.66351318359375,15.517035484313965,273.489990234375,62.62523651123047,29.73733901977539,32.0997428894043,120.80985260009766,82.13287353515625,361.46044921875,277.2593994140625,162.493896484375,98.17485046386719,169.49000549316406,20104.0234375,1098.94384765625
2022-06-30,134.15293884277344,249.02972412109375,106.20999908447266,101.7676010131836,108.06979370117188,159.9944610595703,15.134649276733398,273.0199890136719,61.78920364379883,29.47492027282715,31.423038482666016,120.53728485107422,82.38755798339844,358.52374267578125,273.820556640625,161.22776794433594,99.03701782226562,168.4600067138672,19784.7265625,1067.298828125
2022-07-01,136.32144165039062,251.69625854492188,109.55999755859375,103.06895446777344,107.84616088867188,158.783935546875,14.499671936035156,277.5,61.93016815185547,29.877920150756836,31.893218994140625,121.89077758789062,83.1044692993164,362.3157653808594,275.6278991699219,163.17935180664062,100.05377197265625,168.32000732421875,19269.3671875,1059.767333984375
2022-07-02,136.32144165039062,251.69625854492188,109.55999755859375,103.06895446777344,107.84616088867188,158.783935546875,14.499671936035156,277.5,61.93016815185547,29.877920150756836,31.893218994140625,121.89077758789062,83.1044692993164,362.3157653808594,275.6278991699219,163.17935180664062,100.05377197265625,168.32000732421875,19242.255859375,1066.5128173828125
2022-07-03,136.32144165039062,251.69625854492188,109.55999755859375,103.06895446777344,107.84616088867188,158.783935546875,14.499671936035156,277.5,61.93016815185547,29.877920150756836,31.893218994140625,121.89077758789062,83.1044692993164,362.3157653808594,275.6278991699219,163.17935180664062,100.05377197265625,168.32000732421875,19297.076171875,1073.7669677734375
2022-07-04,136.32144165039062,251.69625854492188,109.55999755859375,103.06895446777344,107.84616088867188,158.783935546875,14.499671936035156,277.5,61.93016815185547,29.877920150756836,31.893218994140625,121.89077758789062,83.1044692993164,362.3157653808594,275.6278991699219,163.17935180664062,100.05377197265625,168.32000732421875,20231.26171875,1151.05908203125
2022-07-05,138.902099609375,254.86692810058594,113.5,102.67693328857422,112.33455657958984,166.8804168701172,14.939963340759277,275.69000244140625,62.707881927490234,29.774826049804688,30.62767791748047,121.18583679199219,81.85932922363281,362.9999694824219,280.3465576171875,164.53115844726562,100.83991241455078,164.75,20190.115234375,1134.541015625
2022-07-06,140.23654174804688,258.1248779296875,114.33000183105469,102.0113754272461,113.6328353881836,168.4481201171875,15.105698585510254,275.6499938964844,63.24740982055664,29.699851989746094,30.104772567749023,122.00357055664062,82.33096313476562,364.2259826660156,282.1441650390625,163.31263732910156,99.14672088623047,162.13999938964844,20548.24609375,1186.9739990234375
2022-07-07,143.60218811035156,260.248291015625,116.33000183105469,104.59152221679688,117.8093032836914,170.84927368164062,15.832526206970215,279.2799987792969,64.55493927001953,30.130966186523438,31.19013786315918,122.52054595947266,83.30254364013672,369.6810607910156,288.18182373046875,167.17767333984375,98.27423095703125,162.22999572753906,21637.587890625,1237.5933837890625
2022-07-08,144.2791748046875,259.53082275390625,115.54000091552734,104.26331329345703,118.37512969970703,169.54945373535156,15.812560081481934,280.8299865722656,64.58409881591797,30.06536102294922,31.176959991455078,122.88713073730469,82.92523193359375,369.3769836425781,288.5432434082031,167.1586456298828,97.18571472167969,162.3000030517578,21731.1171875,1222.5062255859375
2022-07-09,144.2791748046875,259.53082275390625,115.54000091552734,104.26331329345703,118.37512969970703,169.54945373535156,15.812560081481934,280.8299865722656,64.58409881591797,30.06536102294922,31.176959991455078,122.88713073730469,82.92523193359375,369.3769836425781,288.5432434082031,167.1586456298828,97.18571472167969,162.3000030517578,21592.20703125,1216.978271484375
2022-07-10,144.2791748046875,259.53082275390625,115.54000091552734,104.26331329345703,118.37512969970703,169.54945373535156,15.812560081481934,280.8299865722656,64.58409881591797,30.06536102294922,31.176959991455078,122.88713073730469,82.92523193359375,369.3769836425781,288.5432434082031,167.1586456298828,97.18571472167969,162.3000030517578,20860.44921875,1168.401611328125
2022-07-11,142.14993286132812,256.4765319824219,111.75,102.89574432373047,114.728271484375,161.6117706298828,15.127662658691406,278.510009765625,63.69460678100586,29.82168960571289,30.87815284729004,122.57693481445312,82.36869812011719,365.1573791503906,282.378662109375,163.79815673828125,98.86160278320312,161.42999267578125,19970.556640625,1097.236572265625
2022-07-12,143.12132263183594,245.96572875976562,109.22000122070312,102.99601745605469,113.08584594726562,161.99871826171875,15.05777359008789,277.2799987792969,62.82453536987305,29.634246826171875,30.276142120361328,121.01664733886719,82.114013671875,361.9260559082031,279.6432189941406,163.23646545410156,99.44908142089844,160.8300018310547,19323.9140625,1038.191650390625
2022-07-13,142.75827026367188,245.04458618164062,110.4000015258789,102.02960968017578,110.44070434570312,162.2169952392578,15.139643669128418,277.4700012207031,62.659263610839844,29.3718318939209,30.227798461914062,119.84172058105469,81.1141128540039,360.0254211425781,279.0667724609375,163.09368896484375,100.58937072753906,161.60000610351562,20212.07421875,1113.587158203125
2022-07-14,145.68231201171875,246.36329650878906,110.62999725341797,98.46483612060547,109.46278381347656,156.81936645507812,15.347308158874512,274.4100036621094,63.23283767700195,28.809513092041016,29.65655517578125,119.49393463134766,80.65189361572266,359.15106201171875,280.0632629394531,161.41819763183594,99.76869201660156,159.3300018310547,20569.919921875,1191.5262451171875
2022-07-15,147.35040283203125,248.92311096191406,113.55000305175781,102.97777557373047,110.86123657226562,163.4176025390625,15.736679077148438,278.4800109863281,64.34595489501953,29.784202575683594,30.13991928100586,122.37955474853516,81.91590118408203,366.0126953125,285.1434631347656,164.77867126464844,100.33021545410156,159.00999450683594,20836.328125,1233.129150390625
2022-07-16,147.35040283203125,248.92311096191406,113.55000305175781,102.97777557373047,110.86123657226562,163.4176025390625,15.736679077148438,278.4800109863281,64.34595489501953,29.784202575683594,30.13991928100586,122.37955474853516,81.91590118408203,366.0126953125,285.1434631347656,164.77867126464844,100.33021545410156,159.00999450683594,21190.31640625,1352.62646484375
2022-07-17,147.35040283203125,248.92311096191406,113.55000305175781,102.97777557373047,110.86123657226562,163.4176025390625,15.736679077148438,278.4800109863281,64.34595489501953,29.784202575683594,30.13991928100586,122.37955474853516,81.91590118408203,366.0126953125,285.1434631347656,164.77867126464844,100.33021545410156,159.00999450683594,20779.34375,1338.6357421875
2022-07-18,144.3086395263672,246.5281219482422,113.76000213623047,101.92019653320312,108.13626098632812,165.92787170410156,16.075136184692383,276.260009765625,63.72377395629883,29.671733856201172,30.829816818237305,119.79472351074219,81.42539978027344,362.9904479980469,282.73040771484375,164.3122100830078,99.2849349975586,159.16000366210938,22485.689453125,1578.7178955078125
2022-07-19,148.1648406982422,251.6477813720703,118.20999908447266,104.44564056396484,112.87706756591797,174.4113311767578,16.964704513549805,283.54998779296875,65.66805267333984,30.562074661254883,31.77896499633789,121.83438110351562,84.33075714111328,372.7982177734375,291.4252014160156,170.10980224609375,98.74933624267578,159.5399932861328,23389.43359375,1542.9752197265625
2022-07-20,150.16653442382812,254.3045196533203,122.7699966430664,104.42742156982422,112.9663314819336,181.6643829345703,17.77839469909668,286.0400085449219,66.69364929199219,30.674541473388672,32.08655548095703,120.63125610351562,84.98162841796875,375.17413330078125,296.04620361328125,172.77532958984375,99.00851440429688,158.0399932861328,23231.732421875,1520.20068359375
2022-07-21,152.4331817626953,256.79644775390625,124.62999725341797,105.1385498046875,113.40271759033203,181.74375915527344,18.021007537841797,286.8500061035156,67.63176727294922,30.871349334716797,31.524105072021484,122.5393295288086,85.59476470947266,378.99456787109375,300.2960205078125,173.6606903076172,100.71895599365234,160.27000427246094,23164.62890625,1576.74951171875
2022-07-22,151.19680786132812,252.45249938964844,122.41999816894531,104.62799072265625,107.01551818847656,167.95199584960938,17.291181564331055,285.92999267578125,66.69851684570312,30.693283081054688,31.264841079711914,122.03179168701172,85.32122039794922,375.478271484375,295.0301818847656,170.8904266357422,102.41215515136719,160.6699981689453,22714.978515625,1537.4051513671875
2022-07-23,151.19680786132812,252.45249938964844,122.41999816894531,104.62799072265625,107.01551818847656,167.95199584960938,17.291181564331055,285.92999267578125,66.69851684570312,30.693283081054688,31.264841079711914,122.03179168701172,85.32122039794922,375.478271484375,295.0301818847656,170.8904266357422,102.41215515136719,160.6699981689453,22465.478515625,1549.2974853515625
2022-07-24,151.19680786132812,252.45249938964844,122.41999816894531,104.62799072265625,107.01551818847656,167.95199584960938,17.291181564331055,285.92999267578125,66.69851684570312,30.693283081054688,31.264841079711914,122.03179168701172,85.32122039794922,375.478271484375,295.0301818847656,170.8904266357422,102.41215515136719,160.6699981689453,22609.1640625,1599.4766845703125
2022-07-25,150.07823181152344,250.968994140625,121.13999938964844,105.04737854003906,106.62872314453125,165.35243225097656,16.996654510498047,287.989990234375,66.27561950683594,30.890094757080078,32.41172790527344,122.6709213256836,85.7268295288086,375.9344787597656,293.349853515625,171.77574157714844,101.41004943847656,160.22999572753906,21361.701171875,1445.3834228515625
2022-07-26,148.7535858154297,244.24948120117188,114.80999755859375,103.40629577636719,104.15911865234375,157.91078186035156,16.50644302368164,285.30999755859375,65.20142364501953,30.458982467651367,32.117313385009766,123.3006820678711,85.26463317871094,371.48681640625,287.5858459472656,170.7190399169922,101.48783111572266,160.0399932861328,21239.75390625,1441.8067626953125
2022-07-27,153.8461456298828,260.57806396484375,120.97000122070312,105.06560516357422,112.13321685791016,168.2595977783203,17.761425018310547,290.29998779296875,68.00604248046875,30.927583694458008,32.842369079589844,124.07144165039062,86.58523559570312,381.1329650878906,299.7391052246094,174.6031036376953,100.91763305664062,161.6699981689453,22930.548828125,1636.232666015625
2022-07-28,154.39559936523438,268.01507568359375,122.27999877929688,104.67357635498047,113.28370666503906,159.46859741210938,17.95511245727539,293.8999938964844,69.0413818359375,31.152515411376953,33.02692413330078,124.86096954345703,88.39636993408203,385.9132080078125,302.6700134277344,177.0021514892578,101.72105407714844,163.63999938964844,23843.88671875,1725.4681396484375
2022-07-29,159.45872497558594,272.2135314941406,134.9499969482422,105.17501831054688,115.36649322509766,157.86117553710938,18.133825302124023,300.6000061035156,70.10100555419922,31.592992782592773,34.45943069458008,124.44740295410156,90.2169189453125,391.5393981933594,308.1898498535156,178.25877380371094,101.44461059570312,164.10000610351562,23804.6328125,1727.406982421875
2022-07-30,159.45872497558594,272.2135314941406,134.9499969482422,105.17501831054688,115.36649322509766,157.86117553710938,18.133825302124023,300.6000061035156,70.10100555419922,31.592992782592773,34.45943069458008,124.44740295410156,90.2169189453125,391.5393981933594,308.1898498535156,178.25877380371094,101.44461059570312,164.10000610351562,23656.20703125,1695.969482421875
2022-07-31,159.45872497558594,272.2135314941406,134.9499969482422,105.17501831054688,115.36649322509766,157.86117553710938,18.133825302124023,300.6000061035156,70.10100555419922,31.592992782592773,34.45943069458008,124.44740295410156,90.2169189453125,391.5393981933594,308.1898498535156,178.25877380371094,101.44461059570312,164.10000610351562,23336.896484375,1681.517333984375
2022-08-01,158.47747802734375,269.5665283203125,135.38999938964844,104.12653350830078,113.91846466064453,158.68472290039062,18.411378860473633,295.8599853515625,69.9503173828125,31.330577850341797,33.74757766723633,123.5262680053711,90.31124877929688,390.3798828125,308.0041809082031,178.19212341308594,103.88776397705078,165.02999877929688,23314.19921875,1635.19580078125
2022-08-02,157.00567626953125,266.4734191894531,134.16000366210938,102.50370788574219,114.1862564086914,158.9427032470703,18.496240615844727,292.1700134277344,69.45452880859375,30.98381233215332,33.66847610473633,123.0844955444336,89.35853576660156,387.80438232421875,307.0857849121094,178.020751953125,101.68952178955078,164.0500030517578,22978.1171875,1632.9454345703125
2022-08-03,163.01075744628906,273.8910827636719,139.52000427246094,103.57952117919922,117.11207580566406,167.4856719970703,18.86264991760254,294.9599914550781,71.30159759521484,31.452425003051758,32.70174026489258,124.21243286132812,90.19807434082031,393.8772888183594,315.44854736328125,180.6387176513672,103.29061126708984,164.4499969482422,22846.5078125,1618.87451171875
2022-08-04,162.69679260253906,275.0351867675781,142.57000732421875,102.43989562988281,117.22117614746094,169.2418670654297,19.184133529663086,292.9100036621094,71.62726593017578,31.349327087402344,31.48894500732422,123.60145568847656,90.5282211303711,393.6112060546875,316.9237365722656,180.2579345703125,103.25598907470703,167.1699981689453,22630.95703125,1608.205810546875
2022-08-05,162.4707794189453,274.31768798828125,140.8000030517578,105.53971099853516,116.50706481933594,165.80882263183594,18.95849609375,292.07000732421875,71.46199798583984,31.574249267578125,32.11292266845703,123.55449676513672,90.6697006225586,392.94586181640625,314.3347473144531,181.63829040527344,100.7981185913086,165.2899932861328,23289.314453125,1732.254638671875
2022-08-06,162.4707794189453,274.31768798828125,140.8000030517578,105.53971099853516,116.50706481933594,165.80882263183594,18.95849609375,292.07000732421875,71.46199798583984,31.574249267578125,32.11292266845703,123.55449676513672,90.6697006225586,392.94586181640625,314.3347473144531,181.63829040527344,100.7981185913086,165.2899932861328,22961.279296875,1691.6580810546875
2022-08-07,162.4707794189453,274.31768798828125,140.8000030517578,105.53971099853516,116.50706481933594,165.80882263183594,18.95849609375,292.07000732421875,71.46199798583984,31.574249267578125,32.11292266845703,123.55449676513672,90.6697006225586,392.94586181640625,314.3347473144531,181.63829040527344,100.7981185913086,165.2899932861328,23175.890625,1699.350830078125
2022-08-08,161.99911499023438,271.80633544921875,139.41000366210938,104.25419616699219,116.33847045898438,168.9243621826172,17.764421463012695,292.3399963378906,70.85440063476562,31.555505752563477,32.27989959716797,123.84583282470703,90.64140319824219,392.48974609375,313.3187561035156,183.56134033203125,102.42515563964844,166.69000244140625,23809.486328125,1775.51611328125
2022-08-09,162.04824829101562,273.72625732421875,137.8300018310547,105.19324493408203,115.6739501953125,167.21775817871094,17.058551788330078,292.7699890136719,70.14474487304688,31.71483039855957,32.84675598144531,123.46987915039062,90.31124877929688,390.9311828613281,309.7724304199219,181.05758666992188,102.02706146240234,167.1999969482422,23164.318359375,1703.0250244140625
2022-08-10,166.29306030273438,280.3778381347656,142.69000244140625,107.93750762939453,118.71878814697266,176.95135498046875,18.06793212890625,295.1099853515625,72.05985260009766,32.42710494995117,33.084041595458984,124.81398010253906,92.29218292236328,399.14227294921875,318.41845703125,186.22686767578125,101.36067962646484,166.77999877929688,23947.642578125,1851.74267578125
2022-08-11,165.5561065673828,278.30279541015625,140.63999938964844,109.53299713134766,117.86583709716797,176.1079864501953,17.913175582885742,296.4700012207031,71.77793884277344,32.81135559082031,34.222145080566406,124.00563049316406,92.7826919555664,399.14227294921875,316.6111145019531,186.92178344726562,98.99800109863281,166.33999633789062,23957.529296875,1881.22412109375
2022-08-12,169.10325622558594,283.04437255859375,143.5500030517578,111.3473129272461,120.68255615234375,179.0945587158203,18.67894744873047,301.54998779296875,73.20698547363281,33.32681655883789,34.48139953613281,125.59413146972656,94.17877960205078,405.8993835449219,322.77569580078125,190.7392578125,100.00192260742188,167.8699951171875,24402.818359375,1957.2464599609375
2022-08-13,169.10325622558594,283.04437255859375,143.5500030517578,111.3473129272461,120.68255615234375,179.0945587158203,18.67894744873047,301.54998779296875,73.20698547363281,33.32681655883789,34.48139953613281,125.59413146972656,94.17877960205078,405.8993835449219,322.77569580078125,190.7392578125,100.00192260742188,167.8699951171875,24424.068359375,1981.3365478515625
2022-08-14,169.10325622558594,283.04437255859375,143.5500030517578,111.3473129272461,120.68255615234375,179.0945587158203,18.67894744873047,301.54998779296875,73.20698547363281,33.32681655883789,34.48139953613281,125.59413146972656,94.17877960205078,405.8993835449219,322.77569580078125,190.7392578125,100.00192260742188,167.8699951171875,24319.333984375,1936.802001953125
2022-08-15,170.1742401123047,284.5569152832031,143.17999267578125,111.6481704711914,121.07927703857422,179.48153686523438,19.00143051147461,302.82000732421875,73.66875457763672,33.317447662353516,33.8090934753418,126.22386932373047,94.4051742553711,407.5719299316406,325.3841857910156,191.41519165039062,99.91537475585938,165.7100067138672,24136.97265625,1904.2281494140625
2022-08-16,170.01705932617188,283.82000732421875,144.77999877929688,112.71487426757812,120.702392578125,178.0725555419922,18.848674774169922,306.6499938964844,73.469482421875,33.561119079589844,33.72999572753906,125.88550567626953,94.82964324951172,408.3702697753906,324.62213134765625,191.3390350341797,100.330810546875,165.4199981689453,23883.291015625,1878.139404296875
2022-08-17,171.51055908203125,283.0718078613281,142.10000610351562,111.76667785644531,118.57002258300781,173.48855590820312,18.305545806884766,304.260009765625,72.94450378417969,33.39241409301758,34.011226654052734,125.15235900878906,94.07501220703125,405.4716796875,320.91949462890625,188.1212921142578,99.28360748291016,164.35000610351562,23335.998046875,1832.9996337890625
2022-08-18,171.1175537109375,281.9544372558594,142.3000030517578,110.90055847167969,119.18494415283203,173.30001831054688,18.74284553527832,304.2699890136719,73.32364654541016,33.42990493774414,34.92522430419922,124.59778594970703,94.45233154296875,406.65008544921875,321.6912841796875,189.368408203125,99.43070220947266,163.9199981689453,23212.73828125,1847.0078125
2022-08-19,168.53335571289062,278.0481872558594,138.22999572753906,108.15630340576172,116.24919128417969,166.65220642089844,17.820331573486328,297.2799987792969,71.99181365966797,32.76449203491211,34.91643524169922,124.9361801147461,93.23546600341797,401.1855773925781,315.4192810058594,185.30343627929688,97.82968139648438,162.72000122070312,20877.552734375,1612.9873046875
2022-08-20,168.53335571289062,278.0481872558594,138.22999572753906,108.15630340576172,116.24919128417969,166.65220642089844,17.820331573486328,297.2799987792969,71.99181365966797,32.76449203491211,34.91643524169922,124.9361801147461,93.23546600341797,401.1855773925781,315.4192810058594,185.30343627929688,97.82968139648438,162.72000122070312,21166.060546875,1577.0037841796875
2022-08-21,168.53335571289062,278.0481872558594,138.22999572753906,108.15630340576172,116.24919128417969,166.65220642089844,17.820331573486328,297.2799987792969,71.99181365966797,32.76449203491211,34.91643524169922,124.9361801147461,93.23546600341797,401.1855773925781,315.4192810058594,185.30343627929688,97.82968139648438,162.72000122070312,21534.12109375,1619.3189697265625
2022-08-22,164.65213012695312,269.885986328125,133.22000122070312,106.36934661865234,113.30354309082031,161.78042602539062,17.006637573242188,288.69000244140625,69.9843521118164,32.04285430908203,34.850521087646484,123.3006820678711,91.46208953857422,392.8318786621094,307.11505126953125,181.48597717285156,97.50081634521484,161.63999938964844,21398.908203125,1622.505859375
2022-08-23,164.3180389404297,268.6131286621094,133.6199951171875,105.32087707519531,112.9266586303711,159.85552978515625,17.153400421142578,289.6499938964844,69.79963684082031,31.911638259887695,36.10725784301758,121.58060455322266,91.63186645507812,391.8814697265625,306.8611145019531,181.7810821533203,96.9642105102539,162.77000427246094,21528.087890625,1662.7698974609375
2022-08-24,164.61280822753906,267.9815368652344,133.8000030517578,105.576171875,112.75804901123047,161.98880004882812,17.1943302154541,293.5199890136719,69.84339141845703,32.0803337097168,36.55107879638672,121.73099517822266,91.93373107910156,393.135986328125,307.7502136230469,183.1709747314453,96.25456237792969,163.25,21395.01953125,1657.0592041015625
2022-08-25,167.0692901611328,270.9549255371094,137.27999877929688,108.08336639404297,115.69379425048828,167.46580505371094,17.884227752685547,298.1300048828125,71.0245361328125,32.57705307006836,36.83230972290039,123.07508850097656,93.33924102783203,398.6861572265625,313.1917724609375,186.01742553710938,97.59598541259766,163.75,21600.904296875,1696.45703125
2022-08-26,160.7708740234375,260.49951171875,130.75,104.5459213256836,109.43551635742188,160.5203094482422,16.233882904052734,289.9599914550781,67.99146270751953,31.602365493774414,36.40168380737305,119.64434814453125,90.1037368774414,385.1910095214844,300.3545837402344,179.9056854248047,98.33162689208984,161.75999450683594,20260.01953125,1507.7828369140625
2022-08-27,160.7708740234375,260.49951171875,130.75,104.5459213256836,109.43551635742188,160.5203094482422,16.233882904052734,289.9599914550781,67.99146270751953,31.602365493774414,36.40168380737305,119.64434814453125,90.1037368774414,385.1910095214844,300.3545837402344,179.9056854248047,98.33162689208984,161.75999450683594,20041.73828125,1491.39501953125
2022-08-28,160.7708740234375,260.49951171875,130.75,104.5459213256836,109.43551635742188,160.5203094482422,16.233882904052734,289.9599914550781,67.99146270751953,31.602365493774414,36.40168380737305,119.64434814453125,90.1037368774414,385.1910095214844,300.3545837402344,179.9056854248047,98.33162689208984,161.75999450683594,19616.814453125,1430.54736328125
2022-08-29,158.5698699951172,257.72052001953125,129.7899932861328,104.29065704345703,108.52305603027344,157.93063354492188,15.775618553161621,287.45001220703125,67.09223175048828,31.37743377685547,36.950958251953125,118.80779266357422,89.69811248779297,382.64398193359375,297.3944396972656,178.24923706054688,97.5180892944336,161.86000061035156,20297.994140625,1553.037353515625
2022-08-30,156.14291381835938,255.52450561523438,128.72999572753906,104.30889129638672,108.04698181152344,155.93630981445312,15.443155288696289,285.4200134277344,66.39228057861328,31.208742141723633,35.6985969543457,118.01824188232422,88.40579223632812,378.44342041015625,294.0825500488281,175.7550506591797,97.76042175292969,160.50999450683594,19796.80859375,1523.8388671875
2022-08-31,154.4823455810547,254.06698608398438,126.7699966430664,103.68892669677734,107.33289337158203,161.66134643554688,15.069754600524902,280.79998779296875,65.74581909179688,30.97443962097168,35.37342834472656,117.26629638671875,87.66058349609375,375.56378173828125,292.37286376953125,174.6888427734375,96.82572937011719,159.27000427246094,20049.763671875,1553.6849365234375
2022-09-01,155.20945739746094,253.02728271484375,127.81999969482422,104.40005493164062,108.84043884277344,164.0724639892578,13.914613723754883,282.42999267578125,65.42501831054688,31.06816291809082,34.50337600708008,119.19316101074219,87.78321838378906,376.7422180175781,292.4999694824219,172.78485107421875,95.05304718017578,157.8699951171875,20127.140625,1586.1767578125
2022-09-02,153.0968780517578,248.81011962890625,127.51000213623047,103.67068481445312,106.9659194946289,159.0717010498047,13.625079154968262,277.6700134277344,64.57438659667969,30.824491500854492,35.136146545410156,117.48248291015625,86.93425750732422,372.7697448730469,288.3674621582031,171.4425506591797,95.59074401855469,159.25999450683594,19969.771484375,1577.220458984375
2022-09-03,153.0968780517578,248.81011962890625,127.51000213623047,103.67068481445312,106.9659194946289,159.0717010498047,13.625079154968262,277.6700134277344,64.57438659667969,30.824491500854492,35.136146545410156,117.48248291015625,86.93425750732422,372.7697448730469,288.3674621582031,171.4425506591797,95.59074401855469,159.25999450683594,19832.087890625,1556.8726806640625
2022-09-04,153.0968780517578,248.81011962890625,127.51000213623047,103.67068481445312,106.9659194946289,159.0717010498047,13.625079154968262,277.6700134277344,64.57438659667969,30.824491500854492,35.136146545410156,117.48248291015625,86.93425750732422,372.7697448730469,288.3674621582031,171.4425506591797,95.59074401855469,159.25999450683594,19986.712890625,1577.6416015625
2022-09-05,153.0968780517578,248.81011962890625,127.51000213623047,103.67068481445312,106.9659194946289,159.0717010498047,13.625079154968262,277.6700134277344,64.57438659667969,30.824491500854492,35.136146545410156,117.48248291015625,86.93425750732422,372.7697448730469,288.3674621582031,171.4425506591797,95.59074401855469,159.25999450683594,19812.37109375,1617.1832275390625
2022-09-06,151.8391876220703,246.07969665527344,126.11000061035156,103.69802856445312,105.9344482421875,157.3055419921875,13.443371772766113,276.5899963378906,64.14664459228516,30.749515533447266,34.81097412109375,117.59528350830078,87.07574462890625,371.36322021484375,286.2962341308594,169.748046875,93.22307586669922,158.3300018310547,18837.66796875,1561.74853515625
2022-09-07,153.24429321289062,250.78268432617188,129.47999572753906,105.6673355102539,108.55280303955078,159.14114379882812,13.696041107177734,281.0400085449219,65.17225646972656,31.35869598388672,34.406707763671875,119.51273345947266,88.47181701660156,378.0347900390625,292.0798645019531,173.44175720214844,94.69747161865234,159.94000244140625,19290.32421875,1629.9063720703125
2022-09-08,151.7703857421875,251.20050048828125,129.82000732421875,108.12896728515625,107.4915771484375,160.79812622070312,13.971678733825684,283.3399963378906,65.3958511352539,31.911638259887695,34.55610656738281,121.58999633789062,88.73595428466797,380.5056457519531,293.5940856933594,174.8887176513672,93.72611236572266,158.97999572753906,19329.833984375,1635.34765625
2022-09-09,154.62973022460938,256.9722900390625,133.27000427246094,108.64863586425781,109.74297332763672,167.8329315185547,14.368156433105469,285.7699890136719,66.68878173828125,32.202178955078125,35.417381286621094,122.66153717041016,89.88677215576172,386.4168395996094,300.01263427734375,178.4015350341797,93.93425750732422,159.82000732421875,21381.15234375,1719.08544921875
2022-09-10,154.62973022460938,256.9722900390625,133.27000427246094,108.64863586425781,109.74297332763672,167.8329315185547,14.368156433105469,285.7699890136719,66.68878173828125,32.202178955078125,35.417381286621094,122.66153717041016,89.88677215576172,386.4168395996094,300.01263427734375,178.4015350341797,93.93425750732422,159.82000732421875,21680.5390625,1776.2037353515625
2022-09-11,154.62973022460938,256.9722900390625,133.27000427246094,108.64863586425781,109.74297332763672,167.8329315185547,14.368156433105469,285.7699890136719,66.68878173828125,32.202178955078125,35.417381286621094,122.66153717041016,89.88677215576172,386.4168395996094,300.01263427734375,178.4015350341797,93.93425750732422,159.82000732421875,21769.255859375,1761.800048828125
2022-09-12,160.58419799804688,259.10028076171875,136.4499969482422,109.93415069580078,109.95125579833984,167.6444091796875,14.486002922058105,288.510009765625,67.75814056396484,32.46458435058594,36.06771469116211,123.47926330566406,90.42444610595703,390.57000732421875,303.57855224609375,180.56256103515625,93.16238403320312,160.6300048828125,22370.44921875,1713.7652587890625
2022-09-13,151.1612091064453,244.85536193847656,126.81999969482422,106.11405944824219,103.46487426757812,151.9376678466797,13.113804817199707,278.2900085449219,64.16121673583984,31.25560188293457,35.15811538696289,119.39995574951172,87.0191421508789,373.5870666503906,286.9312744140625,173.4988555908203,93.37920379638672,158.5399932861328,20296.70703125,1580.7879638671875
2022-09-14,152.60560607910156,245.07887268066406,128.5500030517578,105.867919921875,104.13929748535156,150.2906036376953,13.110807418823242,278.4200134277344,64.39453125,31.161882400512695,36.15120315551758,119.46575164794922,86.8493423461914,375.0126037597656,289.20758056640625,174.1747589111328,93.70008850097656,157.92999267578125,20241.08984375,1634.7550048828125
2022-09-15,149.71676635742188,238.43252563476562,126.27999877929688,107.46342468261719,102.0664291381836,148.3855438232422,12.912068367004395,276.70001220703125,62.912017822265625,31.264978408813477,35.21963119506836,120.13311004638672,85.94380187988281,370.75494384765625,284.3912048339844,172.90859985351562,93.63939666748047,154.97999572753906,19701.2109375,1471.6934814453125
2022-09-16,148.07583618164062,237.8106689453125,123.52999877929688,106.74315643310547,101.95733642578125,145.1509246826172,13.180716514587402,274.80999755859375,62.56205749511719,30.98381233215332,34.46822738647461,119.79472351074219,84.15152740478516,367.9265441894531,282.6522216796875,170.3953857421875,92.85884857177734,155.83999633789062,19772.583984375,1432.44775390625
2022-09-17,148.07583618164062,237.8106689453125,123.52999877929688,106.74315643310547,101.95733642578125,145.1509246826172,13.180716514587402,274.80999755859375,62.56205749511719,30.98381233215332,34.46822738647461,119.79472351074219,84.15152740478516,367.9265441894531,282.6522216796875,170.3953857421875,92.85884857177734,155.83999633789062,20127.576171875,1469.74169921875
2022-09-18,148.07583618164062,237.8106689453125,123.52999877929688,106.74315643310547,101.95733642578125,145.1509246826172,13.180716514587402,274.80999755859375,62.56205749511719,30.98381233215332,34.46822738647461,119.79472351074219,84.15152740478516,367.9265441894531,282.6522216796875,170.3953857421875,92.85884857177734,155.83999633789062,19419.505859375,1335.3291015625
2022-09-19,151.7900390625,237.59686279296875,124.66000366210938,107.7278060913086,102.22510528564453,146.86744689941406,13.364476203918457,278.95001220703125,63.072235107421875,31.335233688354492,34.48866271972656,119.14925384521484,85.29364013671875,370.7797546386719,284.8533020019531,171.85191345214844,93.07564544677734,155.9600067138672,19544.12890625,1377.5413818359375
2022-09-20,154.16790771484375,235.5854949951172,122.19000244140625,105.60350799560547,100.3109359741211,144.9524688720703,13.158744812011719,277.1300048828125,62.701900482177734,30.87358856201172,34.24878692626953,117.75260162353516,84.23209381103516,366.5237121582031,282.58270263671875,169.51004028320312,92.14766693115234,155.07000732421875,18890.7890625,1324.38818359375
2022-09-21,151.04330444335938,232.18455505371094,118.54000091552734,102.55839538574219,98.4661865234375,141.01341247558594,13.243632316589355,270.739990234375,61.72249221801758,30.23293685913086,33.746826171875,115.79918670654297,83.11366271972656,360.1301574707031,277.52276611328125,166.92063903808594,93.69143676757812,155.7899932861328,18547.400390625,1252.6077880859375
2022-09-22,150.08035278320312,234.1571044921875,117.30999755859375,101.39142608642578,99.31912994384766,141.70797729492188,12.544548988342285,268.510009765625,61.093910217285156,29.72418785095215,33.62688446044922,116.41256713867188,81.86255645751953,357.1051330566406,274.1071472167969,163.16030883789062,91.29773712158203,155.6999969482422,19413.55078125,1327.68017578125
2022-09-23,147.81056213378906,231.18374633789062,113.77999877929688,99.5041732788086,97.93059539794922,139.3167266845703,12.499608993530273,267.7699890136719,60.2947883605957,29.253124237060547,31.3080997467041,115.81806182861328,80.32711029052734,351.12188720703125,269.6441650390625,159.27621459960938,91.67066192626953,153.00999450683594,19297.638671875,1328.259521484375
2022-09-24,147.81056213378906,231.18374633789062,113.77999877929688,99.5041732788086,97.93059539794922,139.3167266845703,12.499608993530273,267.7699890136719,60.2947883605957,29.253124237060547,31.3080997467041,115.81806182861328,80.32711029052734,351.12188720703125,269.6441650390625,159.27621459960938,91.67066192626953,153.00999450683594,18937.01171875,1317.9932861328125
2022-09-25,147.81056213378906,231.18374633789062,113.77999877929688,99.5041732788086,97.93059539794922,139.3167266845703,12.499608993530273,267.7699890136719,60.2947883605957,29.253124237060547,31.3080997467041,115.81806182861328,80.32711029052734,351.12188720703125,269.6441650390625,159.27621459960938,91.67066192626953,153.00999450683594,18802.09765625,1294.216796875
2022-09-26,148.14463806152344,230.72703552246094,115.1500015258789,97.36163330078125,97.36527252197266,135.30816650390625,12.21198558807373,264.32000732421875,59.87574005126953,28.79148292541504,30.539609909057617,114.71394348144531,79.48355102539062,347.6484069824219,268.5284118652344,157.09544372558594,89.91878509521484,151.22999572753906,19222.671875,1335.3201904296875
2022-09-27,149.11741638183594,229.71649169921875,114.41000366210938,96.50463104248047,96.70076751708984,133.35348510742188,12.39674186706543,265.4700012207031,59.953712463378906,28.669002532958984,30.881649017333984,114.36479949951172,79.21815490722656,346.760986328125,268.6361389160156,157.6312713623047,87.55111694335938,151.5399932861328,19110.546875,1330.127685546875
2022-09-28,147.23085021972656,234.24456787109375,118.01000213623047,98.4556884765625,99.22986602783203,140.5073699951172,12.719320297241211,271.7799987792969,60.587154388427734,29.234281539916992,32.24982452392578,116.86553955078125,80.9621353149414,353.58392333984375,273.9798889160156,162.61679077148438,90.48251342773438,154.69000244140625,19426.720703125,1337.410888671875
2022-09-29,139.9989776611328,230.77561950683594,114.80000305175781,96.78727722167969,96.62141418457031,135.34786987304688,12.203997611999512,269.5799865722656,59.008392333984375,28.866849899291992,32.24982452392578,115.88410949707031,79.55937957763672,346.1979064941406,266.0816650390625,158.9709930419922,90.01416015625,154.66000366210938,19573.05078125,1335.65234375
2022-09-30,135.7935333251953,226.3058624267578,113.0,95.2738265991211,94.8659439086914,134.62353515625,12.123101234436035,267.0199890136719,57.8779296875,28.603055953979492,31.9921875,114.28929138183594,78.51676177978516,340.8443908691406,261.5697937011719,157.8131103515625,88.85205078125,154.6699981689453,19431.7890625,1327.9786376953125
2022-10-01,135.7935333251953,226.3058624267578,113.0,95.2738265991211,94.8659439086914,134.62353515625,12.123101234436035,267.0199890136719,57.8779296875,28.603055953979492,31.9921875,114.28929138183594,78.51676177978516,340.8443908691406,261.5697937011719,157.8131103515625,88.85205078125,154.6699981689453,19312.095703125,1311.6444091796875
2022-10-02,135.7935333251953,226.3058624267578,113.0,95.2738265991211,94.8659439086914,134.62353515625,12.123101234436035,267.0199890136719,57.8779296875,28.603055953979492,31.9921875,114.28929138183594,78.51676177978516,340.8443908691406,261.5697937011719,157.8131103515625,88.85205078125,154.6699981689453,19044.107421875,1276.093505859375
2022-10-03,139.9695281982422,233.92388916015625,115.87999725341797,98.21865844726562,97.83142852783203,137.53073120117188,12.495615005493164,272.79998779296875,59.671085357666016,29.3756046295166,33.80012512207031,116.6390609741211,80.88631439208984,349.84320068359375,267.7063293457031,161.99481201171875,90.26386260986328,158.42999267578125,19623.580078125,1323.439208984375
2022-10-04,143.5559844970703,241.83343505859375,121.08999633789062,102.81368255615234,100.80684661865234,139.18775939941406,13.149755477905273,280.489990234375,61.67375946044922,30.46847152709961,35.25270462036133,119.34742736816406,83.70130157470703,360.68365478515625,276.12322998046875,168.4156494140625,90.01174926757812,160.6999969482422,20336.84375,1362.1265869140625
2022-10-05,143.85073852539062,242.14439392089844,120.94999694824219,101.54426574707031,100.59855651855469,137.89785766601562,13.191699981689453,279.3599853515625,61.878414154052734,30.23293685913086,35.9812126159668,119.7437744140625,83.24638366699219,359.8438415527344,275.9764709472656,167.1716766357422,89.15111541748047,159.80999755859375,20160.716796875,1352.837158203125
2022-10-06,142.89761352539062,239.80259704589844,120.30000305175781,99.47455596923828,100.588623046875,137.98715209960938,13.112805366516113,276.30999755859375,61.37165832519531,29.808975219726562,36.62087631225586,118.21501159667969,82.2890853881836,356.1317443847656,273.8037109375,166.23390197753906,88.65557861328125,159.6300048828125,19955.443359375,1351.70947265625
2022-10-07,137.65061950683594,227.60794067382812,114.55999755859375,97.4876480102539,97.87109375,132.41090393066406,12.060185432434082,269.0400085449219,58.84759521484375,29.102386474609375,36.336585998535156,115.7142562866211,80.7156982421875,346.1979064941406,263.37066650390625,161.34410095214844,87.79492950439453,157.8800048828125,19546.849609375,1332.5169677734375
2022-10-08,137.65061950683594,227.60794067382812,114.55999755859375,97.4876480102539,97.87109375,132.41090393066406,12.060185432434082,269.0400085449219,58.84759521484375,29.102386474609375,36.336585998535156,115.7142562866211,80.7156982421875,346.1979064941406,263.37066650390625,161.34410095214844,87.79492950439453,157.8800048828125,19416.568359375,1315.50048828125
2022-10-09,137.65061950683594,227.60794067382812,114.55999755859375,97.4876480102539,97.87109375,132.41090393066406,12.060185432434082,269.0400085449219,58.84759521484375,29.102386474609375,36.336585998535156,115.7142562866211,80.7156982421875,346.1979064941406,263.37066650390625,161.34410095214844,87.79492950439453,157.8800048828125,19446.42578125,1322.604248046875
2022-10-10,137.97488403320312,222.7592010498047,113.66999816894531,96.57696533203125,97.05782318115234,132.7482452392578,11.654717445373535,266.92999267578125,57.858436584472656,28.970483779907227,35.590309143066406,114.98760986328125,81.00004577636719,343.5545959472656,260.7379455566406,160.4446258544922,86.4300765991211,155.47999572753906,19141.484375,1291.337646484375
2022-10-11,136.5599822998047,219.0279541015625,112.20999908447266,93.7897720336914,96.3833999633789,127.53910827636719,11.57082462310791,267.30999755859375,56.97160339355469,28.603055953979492,35.306007385253906,115.60101318359375,80.9811019897461,341.3788146972656,257.1558837890625,160.49244689941406,86.81258392333984,155.16000366210938,19051.41796875,1279.57568359375
2022-10-12,135.93109130859375,219.35829162597656,112.9000015258789,95.30754852294922,96.7602767944336,126.5072250366211,11.484940528869629,264.0,56.79619216918945,28.537109375,35.590309143066406,115.0347900390625,80.34605407714844,340.2528076171875,257.0677185058594,160.05226135253906,87.23855590820312,155.99000549316406,19157.4453125,1294.9063720703125
2022-10-13,140.50015258789062,227.60794067382812,112.52999877929688,100.60599517822266,98.24798583984375,129.27548217773438,11.9443359375,275.7799987792969,58.560115814208984,29.714767456054688,37.042877197265625,117.71485900878906,82.11845397949219,349.2324523925781,263.09661865234375,164.01385498046875,86.40396881103516,154.91000366210938,19382.904296875,1288.1239013671875
2022-10-14,135.9703826904297,222.08877563476562,106.9000015258789,102.2801742553711,95.76848602294922,125.77299499511719,11.212296485900879,272.6700134277344,56.91314697265625,29.215438842773438,35.661380767822266,116.92216491699219,80.317626953125,341.27386474609375,255.18862915039062,159.6216583251953,85.69111633300781,152.97999572753906,19185.65625,1297.422119140625
2022-10-15,135.9703826904297,222.08877563476562,106.9000015258789,102.2801742553711,95.76848602294922,125.77299499511719,11.212296485900879,272.6700134277344,56.91314697265625,29.215438842773438,35.661380767822266,116.92216491699219,80.317626953125,341.27386474609375,255.18862915039062,159.6216583251953,85.69111633300781,152.97999572753906,19067.634765625,1274.8717041015625
2022-10-16,135.9703826904297,222.08877563476562,106.9000015258789,102.2801742553711,95.76848602294922,125.77299499511719,11.212296485900879,272.6700134277344,56.91314697265625,29.215438842773438,35.661380767822266,116.92216491699219,80.317626953125,341.27386474609375,255.18862915039062,159.6216583251953,85.69111633300781,152.97999572753906,19268.09375,1306.296630859375
2022-10-17,139.93023681640625,230.80479431152344,113.79000091552734,106.57594299316406,99.15052032470703,132.99632263183594,11.872428894042969,277.0199890136719,58.647823333740234,29.950300216674805,36.105594635009766,118.80007934570312,82.07107543945312,350.0435485839844,263.6153564453125,164.71240234375,85.27381134033203,153.4199981689453,19550.7578125,1331.713623046875
2022-10-18,141.2468719482422,231.74734497070312,116.36000061035156,109.31714630126953,99.94396209716797,131.7659912109375,11.951327323913574,281.6700134277344,59.144832611083984,30.4307861328125,36.42098617553711,119.46064758300781,84.05201721191406,354.156494140625,265.6999816894531,166.66452026367188,85.47377014160156,153.75,19334.416015625,1310.447021484375
2022-10-19,141.35496520996094,229.78453063964844,115.06999969482422,107.17387390136719,98.81330871582031,132.19261169433594,12.035218238830566,278.3399963378906,58.974281311035156,29.931455612182617,37.49597930908203,117.79034423828125,83.45487976074219,351.6467590332031,264.73101806640625,163.83204650878906,83.91764068603516,151.69000244140625,19139.53515625,1285.7442626953125
2022-10-20,140.8931427001953,229.4638671875,115.25,106.82431030273438,99.15052032470703,130.505859375,12.178030014038086,273.5299987792969,59.008392333984375,29.450973510742188,37.531517028808594,116.79005432128906,81.81517028808594,348.6981506347656,263.38043212890625,161.74600219726562,82.48323822021484,151.4499969482422,19053.740234375,1283.200927734375
2022-10-21,144.70562744140625,235.26483154296875,119.31999969482422,112.43550109863281,100.30101013183594,128.9976806640625,12.44967269897461,282.510009765625,60.587154388427734,30.327152252197266,38.61539077758789,119.41349792480469,84.06147766113281,357.1719970703125,269.5561218261719,165.25784301757812,80.99667358398438,154.14999389648438,19172.46875,1299.9464111328125
2022-10-22,144.70562744140625,235.26483154296875,119.31999969482422,112.43550109863281,100.30101013183594,128.9976806640625,12.44967269897461,282.510009765625,60.587154388427734,30.327152252197266,38.61539077758789,119.41349792480469,84.06147766113281,357.1719970703125,269.5561218261719,165.25784301757812,80.99667358398438,154.14999389648438,19208.189453125,1314.2991943359375
2022-10-23,144.70562744140625,235.26483154296875,119.31999969482422,112.43550109863281,100.30101013183594,128.9976806640625,12.44967269897461,282.510009765625,60.587154388427734,30.327152252197266,38.61539077758789,119.41349792480469,84.06147766113281,357.1719970703125,269.5561218261719,165.25784301757812,80.99667358398438,154.14999389648438,19567.0078125,1363.447021484375
2022-10-24,146.84762573242188,240.2495880126953,119.81999969482422,112.573486328125,101.67961120605469,128.7099609375,12.582501411437988,287.4800109863281,61.425254821777344,30.73227310180664,38.79751968383789,121.71604919433594,85.17990112304688,361.5424499511719,272.5216369628906,165.9659881591797,80.32726287841797,153.64999389648438,19345.572265625,1344.99853515625
2022-10-25,149.6873016357422,243.56304931640625,120.5999984741211,112.86785125732422,103.6235580444336,136.43930053710938,13.243632316589355,289.239990234375,62.59958267211914,31.099695205688477,38.83750534057617,122.64087677001953,86.3267593383789,367.3157653808594,278.1589660644531,170.49212646484375,82.6657943725586,154.0,20095.857421875,1461.6654052734375
2022-10-26,146.74937438964844,224.77061462402344,115.66000366210938,114.16486358642578,94.15182495117188,128.80917358398438,12.879109382629395,288.5199890136719,61.20597839355469,31.175064086914062,39.366119384765625,123.99977111816406,86.63005065917969,364.5484619140625,272.0126647949219,171.33421325683594,83.85678100585938,154.97999572753906,20770.44140625,1566.566650390625
2022-10-27,142.2786102294922,220.33001708984375,110.95999908447266,114.61559295654297,91.46405029296875,97.17741394042969,13.158744812011719,289.8800048828125,60.50918960571289,31.429447174072266,39.50825881958008,123.34864807128906,87.64421081542969,362.6017150878906,267.0604553222656,171.3724822998047,84.73485565185547,154.74000549316406,20285.8359375,1514.3748779296875
2022-10-28,153.0281219482422,229.19175720214844,103.41000366210938,115.97698974609375,95.50069427490234,98.4275894165039,13.815881729125977,299.6300048828125,63.140445709228516,32.2114143371582,39.645965576171875,125.37753295898438,89.68201446533203,371.22821044921875,275.2326354980469,175.26707458496094,84.15238189697266,153.16000366210938,20595.3515625,1555.4779052734375
2022-10-29,153.0281219482422,229.19175720214844,103.41000366210938,115.97698974609375,95.50069427490234,98.4275894165039,13.815881729125977,299.6300048828125,63.140445709228516,32.2114143371582,39.645965576171875,125.37753295898438,89.68201446533203,371.22821044921875,275.2326354980469,175.26707458496094,84.15238189697266,153.16000366210938,20818.4765625,1619.698486328125
2022-10-30,153.0281219482422,229.19175720214844,103.41000366210938,115.97698974609375,95.50069427490234,98.4275894165039,13.815881729125977,299.6300048828125,63.140445709228516,32.2114143371582,39.645965576171875,125.37753295898438,89.68201446533203,371.22821044921875,275.2326354980469,175.26707458496094,84.15238189697266,153.16000366210938,20635.603515625,1590.7833251953125
2022-10-31,150.66986083984375,225.5576934814453,102.44000244140625,115.79302978515625,93.73527526855469,92.43462371826172,13.47932243347168,295.0899963378906,62.307228088378906,32.01356506347656,39.979122161865234,125.27374267578125,89.42610168457031,368.5467834472656,272.0322265625,175.42977905273438,83.5525131225586,151.91000366210938,20495.7734375,1572.7144775390625
2022-11-01,148.02674865722656,221.7097930908203,96.79000091552734,117.88114166259766,89.7283935546875,94.45873260498047,13.525262832641602,294.1300048828125,61.78584289550781,32.09835433959961,40.3655891418457,125.34923553466797,89.34080505371094,366.93408203125,269.2527160644531,175.66900634765625,84.3333740234375,153.4600067138672,20485.2734375,1579.70458984375
2022-11-02,142.50457763671875,213.86831665039062,92.12000274658203,116.7956771850586,86.25706481933594,89.83502197265625,13.201687812805176,289.4599914550781,59.65159606933594,31.6932373046875,39.39276885986328,123.21652221679688,87.76744079589844,357.72540283203125,260.0234680175781,169.84140014648438,83.96736145019531,152.38999938964844,20159.50390625,1519.7117919921875
2022-11-03,136.46170043945312,208.18392944335938,89.30000305175781,117.00725555419922,82.7461166381836,88.21771240234375,13.403423309326172,283.8500061035156,57.89741134643555,31.372913360595703,40.12127685546875,122.69749450683594,88.68681335449219,354.04193115234375,254.94398498535156,168.70272827148438,83.51419067382812,151.80999755859375,20209.98828125,1531.541748046875
2022-11-04,136.19595336914062,215.12173461914062,90.9800033569336,120.2083969116211,85.87028503417969,90.08307647705078,14.137460708618164,287.4700012207031,58.95479965209961,31.947612762451172,40.60990905761719,123.4429931640625,90.10853576660156,359.1377868652344,259.0447998046875,170.9801483154297,82.11109924316406,156.47000122070312,21147.23046875,1645.0933837890625
2022-11-05,136.19595336914062,215.12173461914062,90.9800033569336,120.2083969116211,85.87028503417969,90.08307647705078,14.137460708618164,287.4700012207031,58.95479965209961,31.947612762451172,40.60990905761719,123.4429931640625,90.10853576660156,359.1377868652344,259.0447998046875,170.9801483154297,82.11109924316406,156.47000122070312,21282.69140625,1627.968017578125
2022-11-06,136.19595336914062,215.12173461914062,90.9800033569336,120.2083969116211,85.87028503417969,90.08307647705078,14.137460708618164,287.4700012207031,58.95479965209961,31.947612762451172,40.60990905761719,123.4429931640625,90.10853576660156,359.1377868652344,259.0447998046875,170.9801483154297,82.11109924316406,156.47000122070312,20926.486328125,1572.2347412109375
2022-11-07,136.72744750976562,221.41830444335938,90.52999877929688,120.84310913085938,87.7646255493164,95.96688842773438,14.282269477844238,290.19000244140625,59.939090728759766,32.267940521240234,41.30731964111328,124.76416015625,91.07528686523438,362.5731201171875,261.892822265625,171.75523376464844,81.2918930053711,155.85000610351562,20602.81640625,1568.59130859375
2022-11-08,137.29827880859375,222.3899688720703,89.9800033569336,120.91669464111328,88.17127227783203,95.7188491821289,14.582877159118652,292.6099853515625,60.51406478881836,32.456363677978516,41.3473014831543,125.38700103759766,91.87145233154297,364.52935791015625,263.80133056640625,171.82225036621094,82.18079376220703,159.4499969482422,18541.271484375,1332.8355712890625
2022-11-09,132.7413330078125,218.15342712402344,86.13999938964844,119.3437271118164,86.60421752929688,100.67991638183594,13.75795841217041,288.6499938964844,58.940185546875,31.909921646118164,39.326133728027344,124.03751373291016,90.59191131591797,357.0192565917969,257.7137451171875,167.10467529296875,82.45097351074219,158.64999389648438,15880.7802734375,1100.1697998046875
2022-11-10,144.55194091796875,236.10043334960938,96.62999725341797,124.25580596923828,93.1699447631836,110.99895477294922,15.729373931884766,303.20001220703125,63.78363800048828,33.52096939086914,40.201236724853516,127.189453125,94.39263153076172,376.63897705078125,276.7300720214844,177.39141845703125,85.62319946289062,163.47999572753906,17586.771484375,1299.464599609375
2022-11-11,147.33729553222656,240.11354064941406,100.79000091552734,124.45816802978516,95.61971282958984,112.13997650146484,16.305620193481445,309.7200012207031,64.8751220703125,33.794185638427734,41.3695068359375,125.63231658935547,94.33575439453125,380.2842712402344,281.82916259765625,178.8459014892578,85.30947875976562,164.55999755859375,17034.29296875,1287.2210693359375
2022-11-12,147.33729553222656,240.11354064941406,100.79000091552734,124.45816802978516,95.61971282958984,112.13997650146484,16.305620193481445,309.7200012207031,64.8751220703125,33.794185638427734,41.3695068359375,125.63231658935547,94.33575439453125,380.2842712402344,281.82916259765625,178.8459014892578,85.30947875976562,164.55999755859375,16799.185546875,1255.268310546875
2022-11-13,147.33729553222656,240.11354064941406,100.79000091552734,124.45816802978516,95.61971282958984,112.13997650146484,16.305620193481445,309.7200012207031,64.8751220703125,33.794185638427734,41.3695068359375,125.63231658935547,94.33575439453125,380.2842712402344,281.82916259765625,178.8459014892578,85.30947875976562,164.55999755859375,16353.365234375,1221.8192138671875
2022-11-14,145.939697265625,234.7109832763672,98.48999786376953,123.1795654296875,94.91551971435547,113.33064270019531,16.27366065979004,308.9100036621094,64.31963348388672,33.31370544433594,41.356178283691406,125.74556732177734,93.75759887695312,377.04925537109375,279.3628234863281,176.8459930419922,85.10028839111328,164.9199981689453,16618.19921875,1241.604248046875
2022-11-15,147.67193603515625,235.11907958984375,98.94000244140625,122.28730773925781,97.63306427001953,116.1683578491211,16.644174575805664,309.9800109863281,65.09927368164062,33.38907241821289,41.79150390625,125.58516693115234,94.4021224975586,380.2651672363281,283.22869873046875,179.4678955078125,86.47721862792969,165.5,16884.61328125,1251.7362060546875
2022-11-16,146.44163513183594,235.54782104492188,97.12000274658203,122.45287322998047,98.03971099853516,112.34835052490234,15.889163970947266,308.760009765625,64.20758056640625,33.22891616821289,40.93862533569336,125.5285415649414,93.71968078613281,377.36419677734375,279.3628234863281,176.3101348876953,88.36834716796875,165.1199951171875,16669.439453125,1215.6025390625
2022-11-17,148.34121704101562,235.49908447265625,94.8499984741211,121.91934204101562,97.5537338256836,110.58220672607422,15.656469345092773,307.44000244140625,64.2904052734375,33.04991149902344,41.0274658203125,125.47193145751953,93.55855560302734,376.20947265625,278.7461853027344,174.67381286621094,87.43586730957031,163.9199981689453,16687.517578125,1200.80859375
2022-11-18,148.90216064453125,235.05087280273438,94.13999938964844,123.11518096923828,96.63134765625,111.17754364013672,15.388819694519043,310.760009765625,64.36348724365234,33.323123931884766,40.70319747924805,126.99127197265625,94.25047302246094,377.91766357421875,278.7559814453125,175.80299377441406,86.83455657958984,162.7899932861328,16697.77734375,1212.30029296875
2022-11-19,148.90216064453125,235.05087280273438,94.13999938964844,123.11518096923828,96.63134765625,111.17754364013672,15.388819694519043,310.760009765625,64.36348724365234,33.323123931884766,40.70319747924805,126.99127197265625,94.25047302246094,377.91766357421875,278.7559814453125,175.80299377441406,86.83455657958984,162.7899932861328,16711.546875,1218.4267578125
2022-11-20,148.90216064453125,235.05087280273438,94.13999938964844,123.11518096923828,96.63134765625,111.17754364013672,15.388819694519043,310.760009765625,64.36348724365234,33.323123931884766,40.70319747924805,126.99127197265625,94.25047302246094,377.91766357421875,278.7559814453125,175.80299377441406,86.83455657958984,162.7899932861328,16291.83203125,1142.4666748046875
2022-11-21,145.67396545410156,235.85960388183594,92.45999908447266,122.38849639892578,94.81633758544922,109.00458526611328,15.296942710876465,311.20001220703125,63.67158889770508,33.4267463684082,40.15237045288086,127.04786682128906,94.55377197265625,376.5434875488281,275.8883972167969,174.88430786132812,87.20056915283203,161.8800048828125,15787.2841796875,1108.35302734375
2022-11-22,147.8096923828125,238.763427734375,93.19999694824219,124.21900939941406,96.25446319580078,110.57228088378906,16.01699447631836,315.760009765625,64.90437316894531,33.76592254638672,41.409488677978516,128.15196228027344,95.28358459472656,381.61065673828125,279.8619384765625,176.75033569335938,88.43806457519531,162.07000732421875,16189.76953125,1135.1734619140625
2022-11-23,148.6857147216797,241.2482147216797,94.12999725341797,125.54364013671875,97.65290832519531,111.36605834960938,16.497365951538086,316.17999267578125,65.4793472290039,33.907249450683594,40.96083450317383,128.66152954101562,95.64375305175781,384.0154113769531,282.67083740234375,177.2095947265625,89.98058319091797,163.0800018310547,16610.70703125,1183.1995849609375
2022-11-24,148.6857147216797,241.2482147216797,94.12999725341797,125.54364013671875,97.65290832519531,111.36605834960938,16.497365951538086,316.17999267578125,65.4793472290039,33.907249450683594,40.96083450317383,128.66152954101562,95.64375305175781,384.0154113769531,282.67083740234375,177.2095947265625,89.98058319091797,163.0800018310547,16604.46484375,1203.983154296875
2022-11-25,145.77236938476562,241.16050720214844,93.41000366210938,125.78276824951172,96.66109466552734,110.54252624511719,16.248693466186523,317.42999267578125,65.09927368164062,34.020301818847656,40.80980682373047,129.4259490966797,96.0134048461914,383.9295349121094,280.81134033203125,177.58279418945312,89.67556762695312,163.22000122070312,16521.841796875,1198.9259033203125
2022-11-26,145.77236938476562,241.16050720214844,93.41000366210938,125.78276824951172,96.66109466552734,110.54252624511719,16.248693466186523,317.42999267578125,65.09927368164062,34.020301818847656,40.80980682373047,129.4259490966797,96.0134048461914,383.9295349121094,280.81134033203125,177.58279418945312,89.67556762695312,163.22000122070312,16464.28125,1205.89794921875
2022-11-27,145.77236938476562,241.16050720214844,93.41000366210938,125.78276824951172,96.66109466552734,110.54252624511719,16.248693466186523,317.42999267578125,65.09927368164062,34.020301818847656,40.80980682373047,129.4259490966797,96.0134048461914,383.9295349121094,280.81134033203125,177.58279418945312,89.67556762695312,163.22000122070312,16444.626953125,1195.126953125
2022-11-28,141.9437713623047,235.5770263671875,93.94999694824219,123.58432006835938,95.26265716552734,107.93299865722656,15.806272506713867,313.2699890136719,63.7056884765625,33.43617630004883,39.69038772583008,128.4539337158203,94.26942443847656,377.80316162109375,276.69085693359375,174.00396728515625,89.92828369140625,161.92999267578125,16217.322265625,1170.086181640625
2022-11-29,138.94190979003906,234.18362426757812,92.41999816894531,125.61724853515625,94.40970611572266,108.60770416259766,15.618517875671387,315.1300048828125,63.08198165893555,33.634029388427734,40.290069580078125,128.13311767578125,94.84758758544922,377.154296875,274.5964660644531,174.51113891601562,88.8738021850586,162.72999572753906,16444.982421875,1216.9012451171875
2022-11-30,145.6936492919922,248.6148681640625,96.54000091552734,127.10740661621094,100.16215515136719,117.18042755126953,16.905160903930664,318.6000061035156,66.24922943115234,34.20872497558594,40.4899787902832,131.19061279296875,96.41148376464844,389.0348205566406,287.1141662597656,179.295654296875,89.52740478515625,164.80999755859375,17168.56640625,1295.6885986328125
2022-12-01,145.96923828125,248.17637634277344,95.5,125.32286071777344,100.16215515136719,119.50220489501953,17.11693572998047,315.8399963378906,66.3418197631836,34.01087188720703,40.35670852661133,131.56809997558594,96.43991088867188,388.7485656738281,287.4664611816406,178.90335083007812,92.38743591308594,167.83999633789062,16967.1328125,1276.27392578125
2022-12-02,145.4771270751953,248.49794006347656,94.12999725341797,124.32940673828125,99.6166763305664,122.5284652709961,16.85820960998535,316.1499938964844,65.95685577392578,33.850711822509766,40.116825103759766,131.9078369140625,96.9896469116211,388.300048828125,286.3213806152344,179.94639587402344,93.54928588867188,167.25999450683594,17088.66015625,1294.3033447265625
2022-12-03,145.4771270751953,248.49794006347656,94.12999725341797,124.32940673828125,99.6166763305664,122.5284652709961,16.85820960998535,316.1499938964844,65.95685577392578,33.850711822509766,40.116825103759766,131.9078369140625,96.9896469116211,388.300048828125,286.3213806152344,179.94639587402344,93.54928588867188,167.25999450683594,16908.236328125,1243.3348388671875
2022-12-04,145.4771270751953,248.49794006347656,94.12999725341797,124.32940673828125,99.6166763305664,122.5284652709961,16.85820960998535,316.1499938964844,65.95685577392578,33.850711822509766,40.116825103759766,131.9078369140625,96.9896469116211,388.300048828125,286.3213806152344,179.94639587402344,93.54928588867188,167.25999450683594,17130.486328125,1280.256591796875
2022-12-05,144.31576538085938,243.8011932373047,91.01000213623047,120.84310913085938,98.66454315185547,121.47672271728516,16.592487335205078,310.57000732421875,64.86051940917969,33.01222229003906,38.92633819580078,130.64329528808594,95.36888122558594,381.3148498535156,281.5158996582031,174.98959350585938,92.23895263671875,164.38999938964844,16974.826171875,1259.6767578125
2022-12-06,140.65447998046875,238.85108947753906,88.25,121.04547882080078,96.1850357055664,113.2314224243164,15.970148086547852,307.7799987792969,63.47177505493164,32.72015380859375,37.900211334228516,129.6524200439453,94.2409896850586,375.81829833984375,275.68280029296875,172.3102569580078,93.427001953125,164.83999633789062,17089.50390625,1271.65380859375
2022-12-07,138.71559143066406,238.12026977539062,88.45999908447266,120.96267700195312,94.1617660522461,113.04288482666016,16.103008270263672,305.82000732421875,63.150203704833984,32.58826446533203,37.81136703491211,130.71881103515625,94.11778259277344,375.17889404296875,274.55731201171875,171.80308532714844,95.62833404541016,166.3300018310547,16848.126953125,1232.4375
2022-12-08,140.39854431152344,241.07278442382812,90.3499984741211,122.23212432861328,92.94184112548828,114.43199157714844,17.15089988708496,305.989990234375,64.18321990966797,32.61652374267578,37.6425666809082,131.8983917236328,94.6769790649414,378.1180419921875,277.8066101074219,173.04708862304688,95.36627197265625,166.47000122070312,17233.474609375,1281.1163330078125
2022-12-09,139.91632080078125,239.1434326171875,89.08999633789062,121.56978607177734,92.06903839111328,114.99756622314453,16.983076095581055,306.3900146484375,63.78852081298828,32.53173828125,36.72749328613281,130.20916748046875,93.89977264404297,375.29345703125,276.03515625,170.9227294921875,92.88539123535156,167.05999755859375,17133.15234375,1264.2847900390625
2022-12-10,139.91632080078125,239.1434326171875,89.08999633789062,121.56978607177734,92.06903839111328,114.99756622314453,16.983076095581055,306.3900146484375,63.78852081298828,32.53173828125,36.72749328613281,130.20916748046875,93.89977264404297,375.29345703125,276.03515625,170.9227294921875,92.88539123535156,167.05999755859375,17128.724609375,1266.3841552734375
2022-12-11,139.91632080078125,239.1434326171875,89.08999633789062,121.56978607177734,92.06903839111328,114.99756622314453,16.983076095581055,306.3900146484375,63.78852081298828,32.53173828125,36.72749328613281,130.20916748046875,93.89977264404297,375.29345703125,276.03515625,170.9227294921875,92.88539123535156,167.05999755859375,17104.193359375,1263.8685302734375
2022-12-12,142.2095184326172,246.05210876464844,90.55000305175781,123.45552825927734,92.54511260986328,113.81681823730469,17.516517639160156,311.45001220703125,65.18212127685547,32.965118408203125,37.691429138183594,131.59640502929688,95.51105499267578,380.7041015625,279.4997863769531,172.93226623535156,93.18235778808594,165.67999267578125,17206.4375,1274.6190185546875
2022-12-13,143.174072265625,250.3493194580078,92.48999786376953,123.33594512939453,94.84608459472656,119.2144775390625,18.052949905395508,312.3299865722656,65.95198822021484,33.04991149902344,38.4066162109375,132.00218200683594,95.87122344970703,383.5859680175781,282.50439453125,174.36463928222656,94.0821304321289,168.50999450683594,17781.318359375,1320.5491943359375
2022-12-14,140.94970703125,250.64169311523438,91.58000183105469,122.71961975097656,94.29067993164062,120.64323425292969,17.65536880493164,309.2900085449219,65.39649200439453,32.63536071777344,38.17118453979492,132.2097930908203,95.69114685058594,381.13360595703125,280.40997314453125,173.2206268310547,94.48399353027344,168.10000610351562,17815.650390625,1309.3287353515625
2022-12-15,134.34564208984375,242.64163208007812,88.44999694824219,119.67488098144531,90.1152114868164,115.24560546875,16.93412971496582,301.9100036621094,62.95042419433594,31.994714736938477,37.94019317626953,129.78453063964844,93.37848663330078,371.8103942871094,270.99481201171875,168.88510131835938,94.8526382446289,165.35000610351562,17364.865234375,1266.3538818359375
2022-12-16,132.3870391845703,238.43211364746094,87.86000061035156,118.92977905273438,89.5201187133789,118.50008392333984,16.553529739379883,300.0,62.117183685302734,31.749767303466797,37.4737663269043,127.89717102050781,92.98039245605469,367.4207458496094,268.4110412597656,167.62574768066406,93.79306030273438,166.7899932861328,16647.484375,1168.2593994140625
2022-12-17,132.3870391845703,238.43211364746094,87.86000061035156,118.92977905273438,89.5201187133789,118.50008392333984,16.553529739379883,300.0,62.117183685302734,31.749767303466797,37.4737663269043,127.89717102050781,92.98039245605469,367.4207458496094,268.4110412597656,167.62574768066406,93.79306030273438,166.7899932861328,16795.091796875,1188.1495361328125
2022-12-18,132.3870391845703,238.43211364746094,87.86000061035156,118.92977905273438,89.5201187133789,118.50008392333984,16.553529739379883,300.0,62.117183685302734,31.749767303466797,37.4737663269043,127.89717102050781,92.98039245605469,367.4207458496094,268.4110412597656,167.62574768066406,93.79306030273438,166.7899932861328,16757.9765625,1184.7152099609375
2022-12-19,130.28079223632812,234.30056762695312,84.91999816894531,119.63807678222656,87.71503448486328,113.58860778808594,16.23686981201172,300.0299987792969,61.28888702392578,31.66444206237793,37.469276428222656,127.41960906982422,92.49090576171875,364.30511474609375,264.6388244628906,165.35702514648438,92.21686553955078,166.32000732421875,16439.6796875,1167.60986328125
2022-12-20,130.2119140625,235.6160125732422,85.19000244140625,120.21759033203125,88.29027557373047,116.17829132080078,16.06804656982422,302.0,61.3817253112793,31.79716682434082,38.03474426269531,127.39119720458984,92.60517120361328,364.8036193847656,264.4328918457031,166.2318115234375,90.57938385009766,169.0800018310547,16906.3046875,1217.70361328125
2022-12-21,133.3121795654297,238.17874145507812,86.7699966430664,121.56978607177734,88.84569549560547,118.82749938964844,16.483606338500977,307.82000732421875,62.39816665649414,32.29014587402344,38.75729751586914,129.06838989257812,94.34794616699219,370.2583923339844,268.268798828125,169.0965576171875,90.80703735351562,168.8000030517578,16817.53515625,1213.5999755859375
2022-12-22,130.1430206298828,232.09835815429688,83.79000091552734,120.19001007080078,87.04061889648438,116.20805358886719,15.322829246520996,302.69000244140625,60.82465362548828,32.0057373046875,37.86421585083008,128.88833618164062,93.14801788330078,364.9761962890625,261.7055358886719,166.885498046875,90.78953552246094,166.75999450683594,16830.341796875,1218.18212890625
2022-12-23,129.7788543701172,232.62454223632812,85.25,120.76033020019531,88.4985580444336,117.12090301513672,15.189970970153809,306.489990234375,60.88818359375,32.18586730957031,39.07145309448242,128.96412658691406,93.70037841796875,367.0755920410156,262.29412841796875,167.64495849609375,89.45852661132812,167.25999450683594,16796.953125,1220.159423828125
2022-12-24,129.7788543701172,232.62454223632812,85.25,120.76033020019531,88.4985580444336,117.12090301513672,15.189970970153809,306.489990234375,60.88818359375,32.18586730957031,39.07145309448242,128.96412658691406,93.70037841796875,367.0755920410156,262.29412841796875,167.64495849609375,89.45852661132812,167.25999450683594,16847.755859375,1221.1485595703125
2022-12-25,129.7788543701172,232.62454223632812,85.25,120.76033020019531,88.4985580444336,117.12090301513672,15.189970970153809,306.489990234375,60.88818359375,32.18586730957031,39.07145309448242,128.96412658691406,93.70037841796875,367.0755920410156,262.29412841796875,167.64495849609375,89.45852661132812,167.25999450683594,16841.986328125,1218.9620361328125
2022-12-26,129.7788543701172,232.62454223632812,85.25,120.76033020019531,88.4985580444336,117.12090301513672,15.189970970153809,306.489990234375,60.88818359375,32.18586730957031,39.07145309448242,128.96412658691406,93.70037841796875,367.0755920410156,262.29412841796875,167.64495849609375,89.45852661132812,167.25999450683594,16919.8046875,1226.974365234375
2022-12-27,127.97773742675781,230.8998260498047,83.04000091552734,121.1834716796875,86.67364501953125,115.96992492675781,14.106114387512207,305.54998779296875,60.31154251098633,32.1763801574707,39.488826751708984,128.6324920654297,93.9860610961914,365.6280517578125,258.5857849121094,166.52024841308594,87.68966674804688,168.6699981689453,16717.173828125,1212.7916259765625
2022-12-28,124.05072021484375,228.531982421875,81.81999969482422,121.84574890136719,85.31487274169922,114.71973419189453,14.021202087402344,303.42999267578125,59.339107513427734,32.062618255615234,38.60470962524414,127.79862213134766,92.75753784179688,361.0840759277344,255.17173767089844,163.9342498779297,87.17302703857422,167.91000366210938,16552.572265625,1189.986083984375
2022-12-29,127.56438446044922,234.84622192382812,84.18000030517578,122.54486846923828,87.7249526977539,119.3236083984375,14.587606430053711,309.05999755859375,60.893062591552734,32.50819396972656,39.00861740112305,129.19154357910156,93.9003677368164,367.583740234375,261.3916015625,168.08717346191406,88.16252136230469,168.85000610351562,16642.341796875,1201.5953369140625
2022-12-30,127.87930297851562,233.68666076660156,84.0,123.3543472290039,87.50675201416016,119.40298461914062,14.59859561920166,308.8999938964844,60.80998992919922,32.422874450683594,39.25545883178711,128.72726440429688,93.5289535522461,366.6155090332031,261.234619140625,167.6161346435547,87.1817626953125,169.63999938964844,16602.5859375,1199.2327880859375
2022-12-31,127.87930297851562,233.68666076660156,84.0,123.3543472290039,87.50675201416016,119.40298461914062,14.59859561920166,308.8999938964844,60.80998992919922,32.422874450683594,39.25545883178711,128.72726440429688,93.5289535522461,366.6155090332031,261.234619140625,167.6161346435547,87.1817626953125,169.63999938964844,16547.49609375,1196.771240234375
2023-01-01,127.87930297851562,233.68666076660156,84.0,123.3543472290039,87.50675201416016,119.40298461914062,14.59859561920166,308.8999938964844,60.80998992919922,32.422874450683594,39.25545883178711,128.72726440429688,93.5289535522461,366.6155090332031,261.234619140625,167.6161346435547,87.1817626953125,169.63999938964844,16625.080078125,1200.96484375
2023-01-02,127.87930297851562,233.68666076660156,84.0,123.3543472290039,87.50675201416016,119.40298461914062,14.59859561920166,308.8999938964844,60.80998992919922,32.422874450683594,39.25545883178711,128.72726440429688,93.5289535522461,366.6155090332031,261.234619140625,167.6161346435547,87.1817626953125,169.63999938964844,16688.470703125,1214.6566162109375
2023-01-03,123.09602355957031,233.45278930664062,85.81999969482422,124.29261016845703,88.38946533203125,123.76873016357422,14.299908638000488,309.9100036621094,60.233360290527344,32.53664016723633,37.87767791748047,128.35769653320312,93.72891998291016,365.0719909667969,259.46875,166.69325256347656,88.84552764892578,171.05999755859375,16679.857421875,1214.77880859375
2023-01-04,124.36566925048828,223.24082946777344,85.13999938964844,125.45166015625,87.35798645019531,126.37825012207031,14.733451843261719,314.54998779296875,60.389732360839844,33.05805587768555,37.87318420410156,128.69883728027344,94.5574722290039,367.8905029296875,260.70477294921875,168.7696990966797,90.06269836425781,172.6699981689453,16863.23828125,1256.526611328125
2023-01-05,123.04681396484375,216.6244659423828,83.12000274658203,125.42385864257812,85.4933853149414,125.95160675048828,14.24996280670166,312.8999938964844,59.2169303894043,32.81157302856445,38.56432342529297,127.38169860839844,93.5384521484375,363.6916198730469,256.6236267089844,166.9624481201172,90.43925476074219,170.52000427246094,16836.736328125,1250.4385986328125
2023-01-06,127.57421112060547,219.17747497558594,86.08000183105469,127.82389068603516,86.6240463256836,129.0076141357422,14.843338012695312,318.69000244140625,60.95170211791992,33.541561126708984,39.295841217041016,128.5566864013672,96.10025787353516,372.0318298339844,263.7069091796875,170.71157836914062,92.10302734375,173.7100067138672,16951.96875,1269.3790283203125
2023-01-07,127.57421112060547,219.17747497558594,86.08000183105469,127.82389068603516,86.6240463256836,129.0076141357422,14.843338012695312,318.69000244140625,60.95170211791992,33.541561126708984,39.295841217041016,128.5566864013672,96.10025787353516,372.0318298339844,263.7069091796875,170.71157836914062,92.10302734375,173.7100067138672,16955.078125,1264.2703857421875
2023-01-08,127.57421112060547,219.17747497558594,86.08000183105469,127.82389068603516,86.6240463256836,129.0076141357422,14.843338012695312,318.69000244140625,60.95170211791992,33.541561126708984,39.295841217041016,128.5566864013672,96.10025787353516,372.0318298339844,263.7069091796875,170.71157836914062,92.10302734375,173.7100067138672,17091.14453125,1287.3594970703125
2023-01-09,128.09585571289062,221.31143188476562,87.36000061035156,127.29566955566406,87.29847717285156,128.46189880371094,15.611526489257812,315.5299987792969,61.660274505615234,33.418312072753906,39.15672302246094,126.40572357177734,95.67169952392578,371.8208312988281,265.4139709472656,170.99998474121094,92.59339904785156,174.10000610351562,17196.5546875,1321.5389404296875
2023-01-10,128.66668701171875,222.99722290039062,89.87000274658203,128.4355010986328,87.69519805908203,131.95449829101562,15.892230987548828,316.3500061035156,62.04143524169922,33.6079216003418,39.43497085571289,127.46699523925781,96.19549560546875,374.42840576171875,267.66046142578125,173.5282745361328,91.06099700927734,174.74000549316406,17446.29296875,1336.5860595703125
2023-01-11,131.38314819335938,229.740234375,95.08999633789062,129.38995361328125,90.76978302001953,131.8552703857422,15.984131813049316,320.3699951171875,63.11650848388672,33.920772552490234,39.556148529052734,128.1871337890625,97.11925506591797,379.16412353515625,272.291015625,175.69122314453125,92.5408706665039,174.6199951171875,17934.896484375,1387.9327392578125
2023-01-12,131.30438232421875,232.41014099121094,95.2699966430664,129.26023864746094,90.38298034667969,135.64552307128906,16.493595123291016,318.92999267578125,63.58562088012695,33.98714065551758,40.31010055541992,127.77969360351562,97.69065856933594,380.54461669921875,273.7626647949219,178.6425018310547,94.3622817993164,176.63999938964844,18869.587890625,1417.9384765625
2023-01-13,132.63308715820312,233.1117401123047,98.12000274658203,132.52207946777344,91.3648681640625,135.91343688964844,16.881187438964844,317.6400146484375,63.766448974609375,34.24310302734375,40.368446350097656,128.3482208251953,97.57637023925781,382.02093505859375,275.6462707519531,179.81533813476562,93.47782135009766,178.75999450683594,19909.57421875,1451.6148681640625
2023-01-14,132.63308715820312,233.1117401123047,98.12000274658203,132.52207946777344,91.3648681640625,135.91343688964844,16.881187438964844,317.6400146484375,63.766448974609375,34.24310302734375,40.368446350097656,128.3482208251953,97.57637023925781,382.02093505859375,275.6462707519531,179.81533813476562,93.47782135009766,178.75999450683594,20976.298828125,1550.7069091796875
2023-01-15,132.63308715820312,233.1117401123047,98.12000274658203,132.52207946777344,91.3648681640625,135.91343688964844,16.881187438964844,317.6400146484375,63.766448974609375,34.24310302734375,40.368446350097656,128.3482208251953,97.57637023925781,382.02093505859375,275.6462707519531,179.81533813476562,93.47782135009766,178.75999450683594,20880.798828125,1552.4794921875
2023-01-16,132.63308715820312,233.1117401123047,98.12000274658203,132.52207946777344,91.3648681640625,135.91343688964844,16.881187438964844,317.6400146484375,63.766448974609375,34.24310302734375,40.368446350097656,128.3482208251953,97.57637023925781,382.02093505859375,275.6462707519531,179.81533813476562,93.47782135009766,178.75999450683594,21169.6328125,1576.83349609375
2023-01-17,133.79449462890625,234.20310974121094,96.05000305175781,130.47415161132812,90.54167175292969,134.3060302734375,17.683338165283203,314.8599853515625,64.05475616455078,34.01557540893555,40.453712463378906,127.75128936767578,96.74783325195312,381.3211364746094,276.2054748535156,179.59422302246094,92.87361145019531,177.58999633789062,21161.51953125,1567.8460693359375
2023-01-18,133.0759735107422,229.7792205810547,95.45999908447266,126.55438232421875,90.37306213378906,131.98423767089844,17.358678817749023,308.29998779296875,63.228904724121094,33.38039016723633,39.71321487426758,125.95087432861328,94.92888641357422,375.3008117675781,272.6148376464844,176.6909942626953,95.12409210205078,177.0800018310547,20688.78125,1515.5069580078125
2023-01-19,133.13504028320312,225.99842834472656,93.68000030517578,124.86784362792969,92.28724670410156,135.0898895263672,16.747325897216797,305.2300109863281,62.49101257324219,32.99169921875,40.20688247680664,126.25408935546875,92.97659301757812,372.5686950683594,269.9365539550781,174.99905395507812,94.52864074707031,179.88999938964844,21086.79296875,1552.5565185546875
2023-01-20,135.69398498535156,234.07643127441406,97.25,125.17364501953125,97.21650695800781,138.28482055664062,17.8201961517334,309.8699951171875,64.18180084228516,33.51312255859375,40.60630798339844,126.88898468017578,94.27177429199219,379.5093078613281,277.3238525390625,177.88304138183594,92.99624633789062,179.2899932861328,22676.552734375,1659.754150390625
2023-01-21,135.69398498535156,234.07643127441406,97.25,125.17364501953125,97.21650695800781,138.28482055664062,17.8201961517334,309.8699951171875,64.18180084228516,33.51312255859375,40.60630798339844,126.88898468017578,94.27177429199219,379.5093078613281,277.3238525390625,177.88304138183594,92.99624633789062,179.2899932861328,22777.625,1627.1181640625
2023-01-22,135.69398498535156,234.07643127441406,97.25,125.17364501953125,97.21650695800781,138.28482055664062,17.8201961517334,309.8699951171875,64.18180084228516,33.51312255859375,40.60630798339844,126.88898468017578,94.27177429199219,379.5093078613281,277.3238525390625,177.88304138183594,92.99624633789062,179.2899932861328,22720.416015625,1628.382080078125
2023-01-23,138.8828582763672,236.37606811523438,97.5199966430664,127.20303344726562,98.97199249267578,142.1544647216797,19.17276954650879,310.4200134277344,65.64292907714844,33.90180587768555,40.66015625,127.3248519897461,95.30028533935547,384.0627746582031,283.4848937988281,180.08447265625,92.55839538574219,179.6300048828125,22934.431640625,1628.2510986328125
2023-01-24,140.2804412841797,235.84988403320312,96.31999969482422,128.29647827148438,96.89912414550781,142.02548217773438,19.244693756103516,311.29998779296875,65.61361694335938,33.920772552490234,40.503082275390625,126.48152160644531,95.9288330078125,383.6506652832031,282.9060974121094,179.69993591308594,93.88939666748047,180.27999877929688,22636.46875,1556.604248046875
2023-01-25,139.6210479736328,234.4564666748047,97.18000030517578,128.9173583984375,94.43946075439453,140.39822387695312,19.30263328552246,311.8999938964844,65.47679138183594,34.18622589111328,40.507568359375,126.51943969726562,95.3955078125,383.7944030761719,282.2781982421875,180.1998291015625,94.11707305908203,181.11000061035156,23117.859375,1611.7110595703125
2023-01-26,141.68788146972656,241.65748596191406,99.22000122070312,129.7143096923828,96.7206039428711,146.153076171875,19.781126022338867,310.95001220703125,66.52254486083984,34.36635208129883,41.786617279052734,126.75630950927734,95.9193115234375,388.0124816894531,287.7818298339844,181.2668914794922,93.67922973632812,179.47000122070312,23032.77734375,1603.10595703125
2023-01-27,143.62677001953125,241.81333923339844,102.23999786376953,130.02935791015625,98.5554428100586,150.5585174560547,20.343534469604492,309.1700134277344,66.80108642578125,34.36635208129883,40.94289779663086,125.89400482177734,96.31929016113281,388.90399169921875,290.6465759277344,182.24745178222656,93.44282531738281,179.22000122070312,23078.728515625,1598.156494140625
2023-01-28,143.62677001953125,241.81333923339844,102.23999786376953,130.02935791015625,98.5554428100586,150.5585174560547,20.343534469604492,309.1700134277344,66.80108642578125,34.36635208129883,40.94289779663086,125.89400482177734,96.31929016113281,388.90399169921875,290.6465759277344,182.24745178222656,93.44282531738281,179.22000122070312,23031.08984375,1572.43505859375
2023-01-29,143.62677001953125,241.81333923339844,102.23999786376953,130.02935791015625,98.5554428100586,150.5585174560547,20.343534469604492,309.1700134277344,66.80108642578125,34.36635208129883,40.94289779663086,125.89400482177734,96.31929016113281,388.90399169921875,290.6465759277344,182.24745178222656,93.44282531738281,179.22000122070312,23774.56640625,1646.1556396484375
2023-01-30,140.74302673339844,236.50271606445312,100.55000305175781,128.92662048339844,96.1453628540039,145.9149169921875,19.141799926757812,307.3299865722656,65.52564239501953,34.1956901550293,40.00492858886719,124.7569351196289,95.3764877319336,384.0245361328125,284.77001953125,179.70956420898438,93.101318359375,178.75999450683594,22840.138671875,1567.3265380859375
2023-01-31,142.0126495361328,241.47232055664062,103.12999725341797,129.69580078125,98.02978515625,147.81007385253906,19.51640510559082,311.5199890136719,66.43946075439453,34.660240173339844,40.359474182128906,126.36778259277344,96.99543762207031,389.67095947265625,289.03765869140625,184.0739288330078,93.84563446044922,179.41000366210938,23139.283203125,1586.535400390625
2023-02-01,143.13465881347656,246.2859649658203,105.1500015258789,129.35289001464844,99.60675048828125,151.927734375,20.92092514038086,310.57000732421875,68.0031967163086,34.660240173339844,39.565120697021484,126.96476745605469,97.70014953613281,393.812255859375,295.21826171875,186.967529296875,94.97374725341797,181.6699981689453,23723.76953125,1641.792724609375
2023-02-02,148.43963623046875,257.8328552246094,112.91000366210938,128.75054931640625,106.85682678222656,187.30015563964844,21.686115264892578,311.8599853515625,69.86014556884766,34.75505065917969,38.66305923461914,126.10247802734375,98.46204376220703,399.5450439453125,305.81365966796875,190.64942932128906,95.0966567993164,177.89999389648438,23471.87109375,1643.2415771484375
2023-02-03,152.06153869628906,251.7427520751953,103.38999938964844,130.74288940429688,103.92108917236328,185.0775909423828,21.077756881713867,308.510009765625,69.27863311767578,34.68868637084961,38.577781677246094,125.73294067382812,97.94779205322266,395.29815673828125,300.37860107421875,189.37086486816406,93.67443084716797,173.4600067138672,23449.322265625,1664.74560546875
2023-02-04,152.06153869628906,251.7427520751953,103.38999938964844,130.74288940429688,103.92108917236328,185.0775909423828,21.077756881713867,308.510009765625,69.27863311767578,34.68868637084961,38.577781677246094,125.73294067382812,97.94779205322266,395.29815673828125,300.37860107421875,189.37086486816406,93.67443084716797,173.4600067138672,23331.84765625,1667.0592041015625
2023-02-05,152.06153869628906,251.7427520751953,103.38999938964844,130.74288940429688,103.92108917236328,185.0775909423828,21.077756881713867,308.510009765625,69.27863311767578,34.68868637084961,38.577781677246094,125.73294067382812,97.94779205322266,395.29815673828125,300.37860107421875,189.37086486816406,93.67443084716797,173.4600067138672,22955.666015625,1631.6458740234375
2023-02-06,149.33522033691406,250.20315551757812,102.18000030517578,131.5120391845703,102.05651092529297,184.61126708984375,21.0667724609375,308.42999267578125,68.43321990966797,34.67919921875,38.40275955200195,125.03173065185547,97.70970153808594,392.8824157714844,297.83770751953125,186.63108825683594,92.98087310791016,173.82000732421875,22760.109375,1616.2470703125
2023-02-07,152.20916748046875,260.7171936035156,102.11000061035156,133.1151580810547,106.75763702392578,190.1279754638672,22.149625778198242,312.9700012207031,70.1435775756836,35.07737731933594,39.650386810302734,125.83717346191406,98.01445770263672,398.020751953125,304.0085144042969,188.01539611816406,92.2346420288086,173.97999572753906,23264.291015625,1672.0035400390625
2023-02-08,149.5222625732422,259.908447265625,100.05000305175781,132.17918395996094,98.5554428100586,182.0017547607422,22.181596755981445,308.4800109863281,69.29816436767578,34.86880874633789,39.295841217041016,125.46762084960938,97.46209716796875,393.66845703125,298.60284423828125,185.26600646972656,92.67359924316406,174.41000366210938,22939.3984375,1650.716796875
2023-02-09,148.4888153076172,256.87799072265625,98.23999786376953,130.1220245361328,94.23119354248047,176.53463745117188,22.313453674316406,307.2099914550781,68.91699981689453,34.4801139831543,38.95924758911133,124.36842346191406,96.58592987060547,390.2557373046875,295.9638366699219,182.58389282226562,91.79569244384766,173.02999877929688,21819.0390625,1546.438232421875
2023-02-10,148.85353088378906,256.37127685546875,97.61000061035156,130.69656372070312,93.7947769165039,172.7939910888672,21.242582321166992,309.8900146484375,68.59937286376953,34.59387969970703,40.48512268066406,125.54342651367188,97.27162170410156,391.16644287109375,294.0213928222656,182.94920349121094,90.76848602294922,173.36000061035156,21651.18359375,1514.869140625
2023-02-11,148.85353088378906,256.37127685546875,97.61000061035156,130.69656372070312,93.7947769165039,172.7939910888672,21.242582321166992,309.8900146484375,68.59937286376953,34.59387969970703,40.48512268066406,125.54342651367188,97.27162170410156,391.16644287109375,294.0213928222656,182.94920349121094,90.76848602294922,173.36000061035156,21870.875,1539.9267578125
2023-02-12,148.85353088378906,256.37127685546875,97.61000061035156,130.69656372070312,93.7947769165039,172.7939910888672,21.242582321166992,309.8900146484375,68.59937286376953,34.59387969970703,40.48512268066406,125.54342651367188,97.27162170410156,391.16644287109375,294.0213928222656,182.94920349121094,90.76848602294922,173.36000061035156,21788.203125,1515.03369140625
2023-02-13,151.65298461914062,264.381103515625,99.54000091552734,132.1143341064453,93.8344497680664,178.0329132080078,21.765031814575195,313.739990234375,69.78684997558594,34.9920539855957,40.38191604614258,126.58572387695312,98.15730285644531,395.75836181640625,298.7304382324219,185.150634765625,91.53229522705078,172.47999572753906,21808.1015625,1507.1658935546875
2023-02-14,151.01226806640625,265.2093200683594,99.69999694824219,132.69815063476562,93.90389251708984,178.08250427246094,22.946788787841797,310.7900085449219,70.08493041992188,34.80244445800781,40.3953742980957,125.83717346191406,97.89064025878906,395.5762023925781,300.93780517578125,185.06410217285156,91.32157135009766,172.61000061035156,22220.8046875,1556.8751220703125
2023-02-15,153.1118621826172,263.0895690917969,101.16000366210938,133.254150390625,96.1453628540039,175.7805633544922,22.74000358581543,309.6300048828125,70.4123306274414,34.84035873413086,39.708736419677734,125.21176147460938,98.5001449584961,396.86077880859375,303.2433166503906,186.938720703125,90.46998596191406,170.88999938964844,24307.841796875,1673.7459716796875
2023-02-16,151.51498413085938,256.0853576660156,98.1500015258789,131.4193572998047,94.72708129882812,171.09732055664062,21.978805541992188,308.17999267578125,69.19066619873047,34.489593505859375,39.31828308105469,123.96100616455078,97.48114013671875,391.3964538574219,297.5531921386719,185.150634765625,89.188232421875,170.75,23623.474609375,1640.067626953125
2023-02-17,150.3715362548828,252.09002685546875,97.19999694824219,131.8085479736328,93.57657623291016,171.53390502929688,21.365455627441406,308.239990234375,68.32571411132812,34.49907302856445,37.918060302734375,125.06962585449219,98.11921691894531,390.4187316894531,295.45367431640625,185.66015625,89.88177490234375,171.25999450683594,24565.6015625,1694.7833251953125
2023-02-18,150.3715362548828,252.09002685546875,97.19999694824219,131.8085479736328,93.57657623291016,171.53390502929688,21.365455627441406,308.239990234375,68.32571411132812,34.49907302856445,37.918060302734375,125.06962585449219,98.11921691894531,390.4187316894531,295.45367431640625,185.66015625,89.88177490234375,171.25999450683594,24641.27734375,1691.8194580078125
2023-02-19,150.3715362548828,252.09002685546875,97.19999694824219,131.8085479736328,93.57657623291016,171.53390502929688,21.365455627441406,308.239990234375,68.32571411132812,34.49907302856445,37.918060302734375,125.06962585449219,98.11921691894531,390.4187316894531,295.45367431640625,185.66015625,89.88177490234375,171.25999450683594,24327.642578125,1681.4361572265625
2023-02-20,150.3715362548828,252.09002685546875,97.19999694824219,131.8085479736328,93.57657623291016,171.53390502929688,21.365455627441406,308.239990234375,68.32571411132812,34.49907302856445,37.918060302734375,125.06962585449219,98.11921691894531,390.4187316894531,295.45367431640625,185.66015625,89.88177490234375,171.25999450683594,24829.1484375,1702.6751708984375
2023-02-21,146.35968017578125,246.82472229003906,94.58000183105469,129.38995361328125,91.03755950927734,170.74014282226562,20.633228302001953,302.7200012207031,66.70333862304688,33.788047790527344,37.729576110839844,123.44927215576172,95.87168884277344,382.5865173339844,288.4588317871094,180.1805877685547,88.13475799560547,170.6199951171875,24436.353515625,1658.036376953125
2023-02-22,146.78350830078125,245.69151306152344,95.79000091552734,128.39842224121094,90.89872741699219,169.78756713867188,20.73212242126465,303.1600036621094,66.60560607910156,33.750125885009766,37.47825622558594,123.0323486328125,95.63361358642578,382.05926513671875,288.6746520996094,180.6708984375,88.94242095947266,169.66000366210938,24188.84375,1643.231689453125
2023-02-23,147.2665252685547,248.87611389160156,95.81999969482422,129.42706298828125,90.14494323730469,170.70040893554688,23.63905143737793,303.07000732421875,67.70999145507812,33.778568267822266,38.043724060058594,123.36399841308594,96.08120727539062,384.09161376953125,291.19598388671875,181.9590606689453,89.81156921386719,169.57000732421875,23947.4921875,1651.0738525390625
2023-02-24,144.61497497558594,243.45452880859375,93.5,130.5946044921875,88.39936065673828,169.06329345703125,23.26145362854004,304.0199890136719,66.50299072265625,33.8070068359375,37.99436569213867,121.77207946777344,95.52885437011719,379.98858642578125,286.3201599121094,180.2575225830078,88.64393615722656,168.35000610351562,23198.126953125,1608.3731689453125
2023-02-25,144.61497497558594,243.45452880859375,93.5,130.5946044921875,88.39936065673828,169.06329345703125,23.26145362854004,304.0199890136719,66.50299072265625,33.8070068359375,37.99436569213867,121.77207946777344,95.52885437011719,379.98858642578125,286.3201599121094,180.2575225830078,88.64393615722656,168.35000610351562,23175.375,1594.9149169921875
2023-02-26,144.61497497558594,243.45452880859375,93.5,130.5946044921875,88.39936065673828,169.06329345703125,23.26145362854004,304.0199890136719,66.50299072265625,33.8070068359375,37.99436569213867,121.77207946777344,95.52885437011719,379.98858642578125,286.3201599121094,180.2575225830078,88.64393615722656,168.35000610351562,23561.212890625,1640.817138671875
2023-02-27,145.80767822265625,244.372802734375,93.76000213623047,131.73439025878906,89.13331604003906,168.21990966796875,23.476224899291992,304.6600036621094,66.85972595214844,33.79752731323242,38.10655975341797,121.40252685546875,96.37642669677734,381.28289794921875,288.37054443359375,180.8919677734375,88.88973999023438,169.00999450683594,23522.87109375,1634.326416015625
2023-02-28,145.30494689941406,243.64987182617188,94.2300033569336,132.83714294433594,89.3217544555664,173.57785034179688,23.1915283203125,305.17999267578125,66.71311950683594,33.863895416259766,37.55903625488281,120.50234985351562,96.15739440917969,379.87359619140625,287.9976501464844,180.90159606933594,89.29361724853516,169.77999877929688,23147.353515625,1605.8951416015625
2023-03-01,143.2349395751953,240.5727996826172,92.16999816894531,132.09580993652344,89.61930084228516,172.06967163085938,22.674072265625,304.6199951171875,66.22445678710938,33.750125885009766,38.29952621459961,120.30335998535156,96.538330078125,378.4164733886719,285.6824035644531,181.13230895996094,88.33428192138672,170.75999450683594,23646.55078125,1663.4337158203125
2023-03-02,143.8263702392578,245.30081176757812,92.12999725341797,130.72434997558594,91.245849609375,173.17103576660156,23.2894229888916,307.75,67.04052734375,33.58896255493164,38.63612747192383,121.04244995117188,97.67159271240234,381.3594665527344,288.0467529296875,181.5648956298828,87.55103302001953,170.66000366210938,23475.466796875,1647.3193359375
2023-03-03,148.8732452392578,249.3841094970703,94.9000015258789,133.12440490722656,92.88233184814453,183.8075714111328,23.864816665649414,312.45001220703125,68.48208618164062,34.11985778808594,39.16121292114258,122.39747619628906,98.72870635986328,387.4755859375,294.00177001953125,184.0931854248047,89.67204284667969,172.49000549316406,22362.6796875,1569.1676025390625
2023-03-04,148.8732452392578,249.3841094970703,94.9000015258789,133.12440490722656,92.88233184814453,183.8075714111328,23.864816665649414,312.45001220703125,68.48208618164062,34.11985778808594,39.16121292114258,122.39747619628906,98.72870635986328,387.4755859375,294.00177001953125,184.0931854248047,89.67204284667969,172.49000549316406,22353.349609375,1566.9239501953125
2023-03-05,148.8732452392578,249.3841094970703,94.9000015258789,133.12440490722656,92.88233184814453,183.8075714111328,23.864816665649414,312.45001220703125,68.48208618164062,34.11985778808594,39.16121292114258,122.39747619628906,98.72870635986328,387.4755859375,294.00177001953125,184.0931854248047,89.67204284667969,172.49000549316406,22435.513671875,1564.46875
2023-03-06,151.63330078125,250.9275665283203,93.75,132.3460235595703,94.3501968383789,183.4602813720703,23.52916717529297,316.9700012207031,68.80950164794922,34.14830017089844,39.17915725708008,122.34062957763672,98.5477523803711,387.7440185546875,294.3353576660156,181.40147399902344,88.97676086425781,171.6199951171875,22429.7578125,1567.398681640625
2023-03-07,149.4351348876953,248.27044677734375,93.55000305175781,128.45401000976562,93.0905990600586,183.0733642578125,23.267404556274414,311.1199951171875,67.954345703125,33.26662063598633,38.49700164794922,120.36968231201172,97.2811508178711,381.80047607421875,290.7250671386719,179.2961883544922,89.52240753173828,168.6199951171875,22219.76953125,1561.93310546875
2023-03-08,150.68698120117188,247.83087158203125,93.91999816894531,127.69416809082031,93.47740936279297,183.52976989746094,24.15961265563965,311.3699951171875,68.51632690429688,33.14337921142578,38.10206604003906,119.72534942626953,97.50970458984375,382.423583984375,292.177001953125,179.3826904296875,89.61041259765625,168.5399932861328,21718.080078125,1534.0882568359375
2023-03-09,148.4395294189453,246.48281860351562,92.25,120.78125762939453,91.56324005126953,180.27529907226562,23.41526985168457,304.82000732421875,67.5340805053711,31.79716682434082,37.56352615356445,118.51244354248047,96.07168579101562,375.3679504394531,287.1147766113281,174.39344787597656,89.83045959472656,170.1999969482422,20363.021484375,1438.6607666015625
2023-03-10,146.37939453125,242.8390655517578,90.7300033569336,123.8485107421875,89.88706970214844,178.1122589111328,22.944690704345703,303.6300048828125,66.34661102294922,31.218868255615234,37.083316802978516,117.64070129394531,94.28128051757812,369.95159912109375,283.0826721191406,169.36570739746094,92.9283447265625,173.8699951171875,20187.244140625,1429.1580810546875
2023-03-11,146.37939453125,242.8390655517578,90.7300033569336,123.8485107421875,89.88706970214844,178.1122589111328,22.944690704345703,303.6300048828125,66.34661102294922,31.218868255615234,37.083316802978516,117.64070129394531,94.28128051757812,369.95159912109375,283.0826721191406,169.36570739746094,92.9283447265625,173.8699951171875,20632.41015625,1482.61669921875
2023-03-12,146.37939453125,242.8390655517578,90.7300033569336,123.8485107421875,89.88706970214844,178.1122589111328,22.944690704345703,303.6300048828125,66.34661102294922,31.218868255615234,37.083316802978516,117.64070129394531,94.28128051757812,369.95159912109375,283.0826721191406,169.36570739746094,92.9283447265625,173.8699951171875,22163.94921875,1590.29296875
2023-03-13,148.3212432861328,248.04580688476562,92.43000030517578,121.62452697753906,90.36315155029297,179.49143981933594,22.945690155029297,302.8800048828125,66.70822143554688,29.986417770385742,36.32936096191406,118.7398681640625,93.74797821044922,369.4243469238281,285.18212890625,166.6067352294922,93.13956451416016,177.86000061035156,24197.533203125,1680.3089599609375
2023-03-14,150.4109649658203,254.7568817138672,94.87999725341797,124.74740600585938,93.19970703125,192.50927734375,24.041715621948242,305.3299865722656,68.24752807617188,30.593162536621094,36.68838119506836,119.80113983154297,94.7384033203125,375.5308837890625,291.7355041503906,169.69259643554688,91.60819244384766,176.8300018310547,24746.07421875,1703.507080078125
2023-03-15,150.8052978515625,259.2992858886719,96.19999694824219,118.8537826538086,95.3221664428711,196.2102508544922,24.206571578979492,297.8800048828125,68.28662872314453,29.77785301208496,34.71820831298828,119.6969223022461,92.40519714355469,373.1822509765625,293.2659912109375,166.89512634277344,93.37721252441406,178.2100067138672,24375.9609375,1656.1805419921875
2023-03-16,153.62442016601562,269.81036376953125,100.04000091552734,121.16119384765625,99.49766540527344,203.33433532714844,25.51841163635254,302.010009765625,70.20220947265625,30.3466739654541,35.095191955566406,120.81505584716797,93.59561157226562,379.729736328125,300.99664306640625,169.17344665527344,92.646728515625,178.57000732421875,25052.7890625,1677.2154541015625
2023-03-17,152.7865753173828,272.9656066894531,98.94999694824219,116.58348083496094,100.78699493408203,194.08689880371094,25.702247619628906,293.510009765625,70.10447692871094,29.370189666748047,34.54318618774414,119.26103973388672,92.06233978271484,375.2897033691406,299.5741271972656,164.60719299316406,94.03723907470703,183.77000427246094,27423.9296875,1792.485107421875
2023-03-18,152.7865753173828,272.9656066894531,98.94999694824219,116.58348083496094,100.78699493408203,194.08689880371094,25.702247619628906,293.510009765625,70.10447692871094,29.370189666748047,34.54318618774414,119.26103973388672,92.06233978271484,375.2897033691406,299.5741271972656,164.60719299316406,94.03723907470703,183.77000427246094,26965.87890625,1761.65966796875
2023-03-19,152.7865753173828,272.9656066894531,98.94999694824219,116.58348083496094,100.78699493408203,194.08689880371094,25.702247619628906,293.510009765625,70.10447692871094,29.370189666748047,34.54318618774414,119.26103973388672,92.06233978271484,375.2897033691406,299.5741271972656,164.60719299316406,94.03723907470703,183.77000427246094,28038.67578125,1785.5765380859375
2023-03-20,155.15228271484375,265.93218994140625,97.70999908447266,117.81593322753906,100.3902816772461,196.269775390625,25.877092361450195,301.05999755859375,70.29351043701172,29.696983337402344,35.23472595214844,120.77259063720703,93.28157043457031,378.8983459472656,300.63726806640625,166.74131774902344,93.20997619628906,183.83999633789062,27767.236328125,1735.3212890625
2023-03-21,157.00547790527344,267.44635009765625,100.61000061035156,120.9758529663086,104.0599365234375,200.58592224121094,26.175825119018555,303.8500061035156,70.86163330078125,30.449649810791016,36.45456314086914,121.50506591796875,94.36210632324219,383.8734130859375,304.9310607910156,169.81753540039062,92.40910339355469,180.3699951171875,28175.81640625,1806.7607421875
2023-03-22,155.57614135742188,265.9908752441406,98.69999694824219,117.85299682617188,102.52265167236328,198.2542266845703,26.444591522216797,299.7300109863281,70.1563949584961,29.744619369506836,35.679134368896484,119.66912841796875,92.55480194091797,377.3298034667969,300.7846984863281,165.0013427734375,93.64122009277344,183.44000244140625,27307.4375,1737.717041015625
2023-03-23,156.6604461669922,271.2366027832031,98.70999908447266,117.53794860839844,104.73438262939453,202.68939208984375,27.166948318481445,298.3699951171875,71.29750061035156,29.544546127319336,35.18484878540039,119.44082641601562,92.28707122802734,378.3498229980469,304.3514709472656,164.2689971923828,93.64122009277344,185.74000549316406,28333.97265625,1816.4051513671875
2023-03-24,157.96160888671875,274.07928466796875,98.12999725341797,115.74948120117188,104.57569885253906,204.40591430664062,26.755313873291016,298.9200134277344,71.48359680175781,29.525489807128906,35.320884704589844,121.09603881835938,92.66957092285156,380.8325500488281,305.47149658203125,165.75486755371094,94.03723907470703,183.64999389648438,27493.28515625,1752.0447998046875
2023-03-25,157.96160888671875,274.07928466796875,98.12999725341797,115.74948120117188,104.57569885253906,204.40591430664062,26.755313873291016,298.9200134277344,71.48359680175781,29.525489807128906,35.320884704589844,121.09603881835938,92.66957092285156,380.8325500488281,305.47149658203125,165.75486755371094,94.03723907470703,183.64999389648438,27494.70703125,1743.7647705078125
2023-03-26,157.96160888671875,274.07928466796875,98.12999725341797,115.74948120117188,104.57569885253906,204.40591430664062,26.755313873291016,298.9200134277344,71.48359680175781,29.525489807128906,35.320884704589844,121.09603881835938,92.66957092285156,380.8325500488281,305.47149658203125,165.75486755371094,94.03723907470703,183.64999389648438,27994.330078125,1775.6767578125
2023-03-27,156.0197296142578,269.9862365722656,98.04000091552734,119.06694793701172,101.62010955810547,201.26063537597656,26.507535934448242,302.1400146484375,70.93019104003906,29.935169219970703,36.073646545410156,121.5906753540039,93.4441146850586,381.5446472167969,303.3786926269531,167.59779357910156,91.82823181152344,181.9499969482422,27139.888671875,1715.4608154296875
2023-03-28,155.39869689941406,268.8628234863281,97.23999786376953,119.42832946777344,100.20184326171875,199.11741638183594,26.386638641357422,302.32000732421875,70.5971450805664,29.925643920898438,36.63142013549805,120.85821533203125,93.92223358154297,380.6882629394531,301.7672119140625,167.35659790039062,91.99544525146484,183.44000244140625,27268.130859375,1772.78564453125
2023-03-29,158.4741973876953,274.0206298828125,100.25,119.66926574707031,100.55888366699219,203.75106811523438,26.96013069152832,305.29998779296875,72.0761947631836,30.363903045654297,37.13930892944336,121.19114685058594,95.28968048095703,386.2215576171875,307.2696838378906,169.25738525390625,91.81063842773438,182.52999877929688,28348.44140625,1793.0018310546875
2023-03-30,160.0414581298828,277.4787292480469,102.0,119.30784606933594,100.06298065185547,206.2216796875,27.358779907226562,305.0799865722656,72.9136734008789,30.297212600708008,37.302555084228516,121.84751892089844,95.490478515625,388.48291015625,310.17803955078125,169.02577209472656,92.23308563232422,184.17999267578125,28033.5625,1792.7371826171875
2023-03-31,162.54518127441406,281.6304016113281,103.29000091552734,120.75345611572266,102.87970733642578,210.28977966308594,27.752431869506836,308.7699890136719,73.9568099975586,30.63067054748535,37.5610466003418,123.15076446533203,96.75272369384766,393.9584655761719,315.3365478515625,172.1326904296875,93.61483001708984,183.22000122070312,28478.484375,1822.0220947265625
2023-04-01,162.54518127441406,281.6304016113281,103.29000091552734,120.75345611572266,102.87970733642578,210.28977966308594,27.752431869506836,308.7699890136719,73.9568099975586,30.63067054748535,37.5610466003418,123.15076446533203,96.75272369384766,393.9584655761719,315.3365478515625,172.1326904296875,93.61483001708984,183.22000122070312,28411.03515625,1813.860595703125
2023-04-02,162.54518127441406,281.6304016113281,103.29000091552734,120.75345611572266,102.87970733642578,210.28977966308594,27.752431869506836,308.7699890136719,73.9568099975586,30.63067054748535,37.5610466003418,123.15076446533203,96.75272369384766,393.9584655761719,315.3365478515625,172.1326904296875,93.61483001708984,183.22000122070312,28199.30859375,1795.7081298828125
2023-04-03,163.7970428466797,280.585205078125,102.41000366210938,120.61445617675781,103.5045394897461,211.4109649658203,27.940263748168945,310.30999755859375,73.83930206298828,30.687829971313477,39.26155090332031,124.53009033203125,96.92484283447266,395.4596252441406,314.57012939453125,172.20985412597656,94.05508422851562,184.5399932861328,27790.220703125,1810.297119140625
2023-04-04,163.26478576660156,280.5363464355469,103.94999694824219,119.00204467773438,103.86158752441406,213.04812622070312,27.428722381591797,309.07000732421875,73.43280792236328,30.40201187133789,38.54960250854492,124.54908752441406,94.7541732788086,393.2655944824219,313.5089416503906,169.1898193359375,94.52271270751953,187.97999572753906,28168.08984375,1871.005126953125
2023-04-05,161.42144775390625,277.7620544433594,101.0999984741211,119.17950439453125,103.61363983154297,209.83334350585938,26.857221603393555,310.3900146484375,72.59532928466797,30.363903045654297,39.130043029785156,126.69896697998047,93.52061462402344,392.2359619140625,310.4139099121094,167.53024291992188,95.51091003417969,187.8300018310547,28177.984375,1909.114013671875
2023-04-06,162.30860900878906,284.8540954589844,102.05999755859375,119.04875946044922,107.53125,214.41737365722656,27.01308822631836,312.510009765625,73.00672149658203,30.47823143005371,38.5359992980957,127.0129165649414,93.4919204711914,393.7659606933594,312.5067138671875,167.7811279296875,95.7579345703125,186.49000549316406,28044.140625,1872.922607421875
2023-04-07,162.30860900878906,284.8540954589844,102.05999755859375,119.04875946044922,107.53125,214.41737365722656,27.01308822631836,312.510009765625,73.00672149658203,30.47823143005371,38.5359992980957,127.0129165649414,93.4919204711914,393.7659606933594,312.5067138671875,167.7811279296875,95.7579345703125,186.49000549316406,27925.859375,1865.6361083984375
2023-04-08,162.30860900878906,284.8540954589844,102.05999755859375,119.04875946044922,107.53125,214.41737365722656,27.01308822631836,312.510009765625,73.00672149658203,30.47823143005371,38.5359992980957,127.0129165649414,93.4919204711914,393.7659606933594,312.5067138671875,167.7811279296875,95.7579345703125,186.49000549316406,27947.794921875,1849.4981689453125
2023-04-09,162.30860900878906,284.8540954589844,102.05999755859375,119.04875946044922,107.53125,214.41737365722656,27.01308822631836,312.510009765625,73.00672149658203,30.47823143005371,38.5359992980957,127.0129165649414,93.4919204711914,393.7659606933594,312.5067138671875,167.7811279296875,95.7579345703125,186.49000549316406,28333.05078125,1859.3878173828125
2023-04-10,159.7161865234375,282.6952209472656,102.16999816894531,119.44100952148438,105.5674819946289,213.07785034179688,27.554609298706055,312.6199951171875,72.96753692626953,30.544925689697266,38.8443603515625,126.92729187011719,94.34298706054688,394.170166015625,312.32989501953125,169.57577514648438,94.21389770507812,185.11000061035156,29652.98046875,1911.20751953125
2023-04-11,158.5037384033203,276.28692626953125,99.91999816894531,120.0293960571289,104.48641967773438,212.18490600585938,27.144969940185547,313.70001220703125,72.2818832397461,30.811689376831055,39.21167755126953,127.35535430908203,94.90716552734375,394.2759704589844,310.32550048828125,170.9169464111328,94.40800476074219,186.27999877929688,30235.05859375,1892.189697265625
2023-04-12,157.81373596191406,276.931640625,97.83000183105469,120.01072692871094,103.78224182128906,212.33372497558594,26.471567153930664,314.54998779296875,71.87049865722656,30.74500274658203,39.238887786865234,127.39340209960938,95.22271728515625,392.6689758300781,307.5841064453125,169.66262817382812,94.31098937988281,187.19000244140625,30139.052734375,1920.68212890625
2023-04-13,163.19577026367188,283.1347961425781,102.4000015258789,120.46834564208984,106.54936981201172,218.63426208496094,26.43959617614746,318.04998779296875,73.20751190185547,31.021299362182617,39.483760833740234,129.04859924316406,95.57653045654297,397.88458251953125,313.60723876953125,171.9107666015625,93.56981658935547,189.72000122070312,30399.06640625,2012.6346435546875
2023-04-14,162.85079956054688,279.5203857421875,102.51000213623047,129.56488037109375,107.9775619506836,219.76539611816406,26.734329223632812,319.739990234375,72.80101776123047,31.326171875,39.556312561035156,128.01173400878906,95.46180725097656,396.9127502441406,313.0177001953125,170.30911254882812,92.7139663696289,186.36000061035156,30485.69921875,2101.635498046875
2023-04-15,162.85079956054688,279.5203857421875,102.51000213623047,129.56488037109375,107.9775619506836,219.76539611816406,26.734329223632812,319.739990234375,72.80101776123047,31.326171875,39.556312561035156,128.01173400878906,95.46180725097656,396.9127502441406,313.0177001953125,170.30911254882812,92.7139663696289,186.36000061035156,30318.49609375,2092.466796875
2023-04-16,162.85079956054688,279.5203857421875,102.51000213623047,129.56488037109375,107.9775619506836,219.76539611816406,26.734329223632812,319.739990234375,72.80101776123047,31.326171875,39.556312561035156,128.01173400878906,95.46180725097656,396.9127502441406,313.0177001953125,170.30911254882812,92.7139663696289,186.36000061035156,30315.35546875,2120.005859375
2023-04-17,162.8704833984375,282.1188659667969,102.73999786376953,130.5922088623047,105.10134887695312,217.1558837890625,26.978116989135742,323.7900085449219,73.06547546386719,31.68821144104004,39.089229583740234,127.90708923339844,96.21723175048828,398.3369445800781,313.2829284667969,172.4993438720703,91.61109161376953,185.52999877929688,29445.044921875,2076.242919921875
2023-04-18,164.09275817871094,281.6988220214844,102.30000305175781,132.05845642089844,103.64338684082031,216.1934356689453,27.64253044128418,324.6300048828125,73.29077911376953,31.783493041992188,39.24341583251953,127.03192138671875,96.67622375488281,398.59674072265625,313.3025817871094,171.76605224609375,91.93751525878906,186.25,30397.552734375,2104.537353515625
2023-04-19,165.2362060546875,281.7769470214844,104.30000305175781,131.89035034179688,103.32601928710938,214.0204620361328,27.906295776367188,323.0899963378906,73.0801773071289,31.859699249267578,39.10736846923828,127.42192077636719,96.5997085571289,398.5294189453125,313.1552429199219,171.98794555664062,91.84930419921875,185.36000061035156,28822.6796875,1936.4034423828125
2023-04-20,164.27023315429688,279.4910583496094,103.80999755859375,131.50743103027344,104.42691802978516,211.4109649658203,27.08003044128418,323.82000732421875,72.60023498535156,31.764436721801758,38.762733459472656,126.89874267578125,96.42760467529297,396.35455322265625,310.767578125,171.10028076171875,92.63455963134766,186.08999633789062,28245.98828125,1943.09765625
2023-04-21,162.66348266601562,279.1492004394531,106.95999908447266,131.25527954101562,104.54593658447266,211.2323760986328,27.095014572143555,324.3299865722656,72.36515808105469,31.650114059448242,38.5359992980957,127.7549057006836,96.20767211914062,396.66253662109375,311.0918273925781,171.3221893310547,92.11400604248047,184.25,27276.91015625,1849.9998779296875
2023-04-22,162.66348266601562,279.1492004394531,106.95999908447266,131.25527954101562,104.54593658447266,211.2323760986328,27.095014572143555,324.3299865722656,72.36515808105469,31.650114059448242,38.5359992980957,127.7549057006836,96.20767211914062,396.66253662109375,311.0918273925781,171.3221893310547,92.11400604248047,184.25,27817.5,1874.2286376953125
2023-04-23,162.66348266601562,279.1492004394531,106.95999908447266,131.25527954101562,104.54593658447266,211.2323760986328,27.095014572143555,324.3299865722656,72.36515808105469,31.650114059448242,38.5359992980957,127.7549057006836,96.20767211914062,396.66253662109375,311.0918273925781,171.3221893310547,92.11400604248047,184.25,27591.384765625,1862.06201171875
2023-04-24,162.9690399169922,275.2514953613281,106.20999908447266,131.43275451660156,105.10134887695312,211.13314819335938,27.018083572387695,326.04998779296875,72.04682159423828,31.57388687133789,39.12551498413086,128.46832275390625,96.43716430664062,397.0763244628906,310.44342041015625,171.2064208984375,93.00515747070312,184.80999755859375,27525.33984375,1842.7574462890625
2023-04-25,161.4313201904297,269.04840087890625,102.56999969482422,128.57489013671875,102.99871826171875,205.93399047851562,26.217788696289062,324.3399963378906,70.50901794433594,31.03082275390625,38.390892028808594,127.09851837158203,94.6585693359375,390.77313232421875,304.58721923828125,166.9802703857422,94.37272644042969,185.75,28307.59765625,1866.753662109375
2023-04-26,161.42144775390625,288.5368347167969,104.9800033569336,126.29608917236328,102.85986328125,207.76951599121094,26.932161331176758,320.5299987792969,71.55707550048828,30.7354679107666,37.87846755981445,125.2911148071289,92.87039184570312,389.1180725097656,306.43450927734375,165.36895751953125,93.36688232421875,184.74000549316406,28422.701171875,1866.564208984375
2023-04-27,166.00503540039062,297.7779541015625,109.81999969482422,127.99588012695312,106.70805358886719,236.70249938964844,27.20191764831543,326.2300109863281,73.0752944946289,31.23089599609375,38.014503479003906,125.94749450683594,94.70635986328125,396.86456298828125,314.76666259765625,167.5784912109375,92.44043731689453,184.75,29473.787109375,1908.786376953125
2023-04-28,167.25692749023438,300.15179443359375,105.44999694824219,129.1072540283203,106.46009063720703,238.4487762451172,27.724458694458008,328.54998779296875,73.86869049072266,31.60246467590332,38.60402297973633,127.02240753173828,95.6243667602539,400.2519226074219,316.9381408691406,169.0450897216797,93.93157196044922,184.8000030517578,29340.26171875,1892.5128173828125
2023-04-29,167.25692749023438,300.15179443359375,105.44999694824219,129.1072540283203,106.46009063720703,238.4487762451172,27.724458694458008,328.54998779296875,73.86869049072266,31.60246467590332,38.60402297973633,127.02240753173828,95.6243667602539,400.2519226074219,316.9381408691406,169.0450897216797,93.93157196044922,184.8000030517578,29248.48828125,1908.9169921875
2023-04-30,167.25692749023438,300.15179443359375,105.44999694824219,129.1072540283203,106.46009063720703,238.4487762451172,27.724458694458008,328.54998779296875,73.86869049072266,31.60246467590332,38.60402297973633,127.02240753173828,95.6243667602539,400.2519226074219,316.9381408691406,169.0450897216797,93.93157196044922,184.8000030517578,29268.806640625,1876.92431640625
2023-05-01,167.16819763183594,298.49114990234375,102.05000305175781,131.87168884277344,106.32125091552734,241.28646850585938,28.884431838989258,330.1700134277344,73.91276550292969,31.516725540161133,38.16868209838867,127.67881774902344,96.1407241821289,399.8477783203125,316.5745849609375,169.14158630371094,91.22309112548828,183.97000122070312,28091.568359375,1831.954833984375
2023-05-02,166.13319396972656,298.3446350097656,103.62999725341797,129.74232482910156,104.45667266845703,237.377197265625,28.185047149658203,325.8599853515625,73.22220611572266,30.802165985107422,36.50898361206055,127.12704467773438,95.13667297363281,395.353759765625,313.81353759765625,165.6680450439453,93.49636840820312,187.52000427246094,28680.537109375,1870.789306640625
2023-05-03,165.0587921142578,297.35797119140625,103.6500015258789,126.99654388427734,104.54593658447266,235.1844024658203,27.77741241455078,323.2200012207031,72.6051254272461,30.449649810791016,35.819705963134766,126.95584106445312,94.7732925415039,392.64007568359375,311.760009765625,166.27590942382812,94.0182876586914,189.11000061035156,29006.30859375,1904.65185546875
2023-05-04,163.42245483398438,298.3446350097656,104.0,125.2594223022461,103.83184051513672,231.7017364501953,27.537626266479492,320.0,72.25740051269531,30.059024810791016,35.420650482177734,125.94749450683594,93.74056243896484,389.8590393066406,310.6595153808594,164.41372680664062,93.0894546508789,190.44000244140625,28847.7109375,1877.7041015625
2023-05-05,171.0913848876953,303.46331787109375,105.66000366210938,127.70634460449219,104.7046127319336,230.96746826171875,28.654632568359375,323.8800048828125,74.06947326660156,30.802165985107422,36.38201141357422,127.07945251464844,95.15579223632812,397.0763244628906,317.262451171875,168.3214569091797,92.7798843383789,187.4600067138672,29534.384765625,1995.0609130859375
2023-05-06,171.0913848876953,303.46331787109375,105.66000366210938,127.70634460449219,104.7046127319336,230.96746826171875,28.654632568359375,323.8800048828125,74.06947326660156,30.802165985107422,36.38201141357422,127.07945251464844,95.15579223632812,397.0763244628906,317.262451171875,168.3214569091797,92.7798843383789,187.4600067138672,28904.623046875,1900.2218017578125
2023-05-07,171.0913848876953,303.46331787109375,105.66000366210938,127.70634460449219,104.7046127319336,230.96746826171875,28.654632568359375,323.8800048828125,74.06947326660156,30.802165985107422,36.38201141357422,127.07945251464844,95.15579223632812,397.0763244628906,317.262451171875,168.3214569091797,92.7798843383789,187.4600067138672,28454.978515625,1873.076416015625
2023-05-08,171.02236938476562,301.50970458984375,105.83000183105469,128.01455688476562,106.8865737915039,231.4536895751953,29.125215530395508,326.1400146484375,74.03028106689453,30.849802017211914,36.38201141357422,126.80361938476562,94.8115463256836,397.18212890625,318.0484619140625,167.93548583984375,91.47959899902344,187.69000244140625,27694.2734375,1849.042724609375
2023-05-09,169.31710815429688,299.8978271484375,106.62000274658203,127.39816284179688,106.47002410888672,231.55288696289062,28.54572868347168,324.8699951171875,73.46218872070312,30.7354679107666,36.3956184387207,125.95700073242188,95.02192687988281,395.4403381347656,316.03424072265625,167.43374633789062,91.15231323242188,189.02000427246094,27658.775390625,1848.6031494140625
2023-05-10,171.08151245117188,305.0849609375,110.19000244140625,127.46350860595703,110.83394622802734,231.26515197753906,28.859451293945312,322.989990234375,74.35843658447266,30.563980102539062,35.98295211791992,126.3089599609375,94.67767333984375,397.28802490234375,319.4732360839844,168.28285217285156,92.03689575195312,188.75,27621.755859375,1842.4014892578125
2023-05-11,171.26881408691406,302.9359130859375,112.18000030517578,127.06193542480469,115.61444854736328,233.9540557861328,28.552724838256836,322.6400146484375,74.02540588378906,30.516342163085938,35.552154541015625,125.91895294189453,94.10392761230469,396.59515380859375,320.51470947265625,166.98995971679688,93.0098648071289,187.1300048828125,27000.7890625,1796.4906005859375
2023-05-12,170.34095764160156,301.822265625,110.26000213623047,125.24073791503906,116.5467529296875,231.9894561767578,28.3149356842041,322.489990234375,73.92744445800781,30.39248275756836,35.606571197509766,125.7477035522461,94.17086791992188,396.0755310058594,319.36505126953125,166.65220642089844,92.23146057128906,186.80999755859375,26804.990234375,1808.019775390625
2023-05-13,170.34095764160156,301.822265625,110.26000213623047,125.24073791503906,116.5467529296875,231.9894561767578,28.3149356842041,322.489990234375,73.92744445800781,30.39248275756836,35.606571197509766,125.7477035522461,94.17086791992188,396.0755310058594,319.36505126953125,166.65220642089844,92.23146057128906,186.80999755859375,26784.078125,1796.1148681640625
2023-05-14,170.34095764160156,301.822265625,110.26000213623047,125.24073791503906,116.5467529296875,231.9894561767578,28.3149356842041,322.489990234375,73.92744445800781,30.39248275756836,35.606571197509766,125.7477035522461,94.17086791992188,396.0755310058594,319.36505126953125,166.65220642089844,92.23146057128906,186.80999755859375,26930.638671875,1800.5009765625
2023-05-15,169.84739685058594,302.3009033203125,111.19999694824219,126.29608917236328,115.55493927001953,237.0001678466797,28.92738914489746,323.5299987792969,74.53963470458984,30.640195846557617,35.78795623779297,125.5289306640625,94.62985229492188,397.4420166015625,321.09442138671875,168.68809509277344,91.27615356445312,187.2100067138672,27192.693359375,1817.5499267578125
2023-05-16,169.84739685058594,304.5281982421875,113.4000015258789,125.44623565673828,118.53034973144531,236.96044921875,29.18716049194336,323.75,74.61798858642578,30.35437774658203,34.908233642578125,124.48253631591797,93.34849548339844,394.7860412597656,321.4579772949219,166.22767639160156,91.001953125,184.8699951171875,27036.650390625,1824.1214599609375
2023-05-17,170.45938110351562,307.4064636230469,115.5,129.30335998535156,119.84943389892578,240.6018829345703,30.151302337646484,327.3900146484375,75.6121826171875,30.964130401611328,35.579368591308594,124.6347427368164,94.95499420166016,399.5783996582031,325.34893798828125,169.9327850341797,90.73658752441406,184.22999572753906,27398.802734375,1821.859619140625
2023-05-18,172.7889404296875,311.83154296875,118.1500015258789,130.28399658203125,121.82313537597656,244.92791748046875,31.64998435974121,329.760009765625,77.15979766845703,31.192792892456055,35.83784484863281,124.33032989501953,95.64346313476562,403.427490234375,331.3917541503906,170.96519470214844,90.0643310546875,181.83999633789062,26832.208984375,1801.728515625
2023-05-19,172.89747619628906,311.6553039550781,116.25,129.98513793945312,121.75371551513672,243.72732543945312,31.236347198486328,330.3900146484375,77.12548828125,31.059404373168945,36.11445617675781,124.91059875488281,95.41399383544922,402.84051513671875,330.6450500488281,169.9231414794922,89.42747497558594,183.63999938964844,26890.12890625,1812.5894775390625
2023-05-20,172.89747619628906,311.6553039550781,116.25,129.98513793945312,121.75371551513672,243.72732543945312,31.236347198486328,330.3900146484375,77.12548828125,31.059404373168945,36.11445617675781,124.91059875488281,95.41399383544922,402.84051513671875,330.6450500488281,169.9231414794922,89.42747497558594,183.63999938964844,27129.5859375,1820.47802734375
2023-05-21,172.89747619628906,311.6553039550781,116.25,129.98513793945312,121.75371551513672,243.72732543945312,31.236347198486328,330.3900146484375,77.12548828125,31.059404373168945,36.11445617675781,124.91059875488281,95.41399383544922,402.84051513671875,330.6450500488281,169.9231414794922,89.42747497558594,183.63999938964844,26753.826171875,1804.5313720703125
2023-05-22,171.9498748779297,314.4356384277344,115.01000213623047,128.91111755371094,124.02494812011719,246.38648986816406,31.14842414855957,329.1300048828125,77.27243041992188,31.11656951904297,35.96481704711914,125.03426361083984,95.39486694335938,403.0040588378906,331.75537109375,171.99758911132812,89.1090316772461,183.2100067138672,26851.27734375,1817.5347900390625
2023-05-23,169.34400939941406,308.63995361328125,114.98999786376953,127.56623077392578,121.55534362792969,244.8187713623047,30.660856246948242,323.1099853515625,76.13130950927734,30.75452995300293,36.35027313232422,123.66444396972656,94.24736785888672,398.4812316894531,327.5499267578125,171.18710327148438,89.36553955078125,183.42999267578125,27225.7265625,1854.380615234375
2023-05-24,169.62039184570312,307.2596130371094,116.75,126.39883422851562,119.90895080566406,247.26956176757812,30.510990142822266,320.20001220703125,75.57300567626953,30.35437774658203,36.50898361206055,122.81781005859375,93.03292846679688,395.5942687988281,325.8697204589844,169.37315368652344,88.92324829101562,181.9499969482422,26334.818359375,1800.0999755859375
2023-05-25,170.7555389404297,319.0761413574219,115.0,126.70701599121094,122.46780395507812,250.72247314453125,37.9464111328125,319.0199890136719,78.4723129272461,30.3448486328125,35.86051559448242,121.5621337890625,93.33892822265625,399.0201721191406,333.7991027832031,168.05128479003906,88.70213317871094,180.1999969482422,26476.20703125,1805.9537353515625
2023-05-26,173.16397094726562,325.8998107910156,120.11000061035156,127.89314270019531,123.58853912353516,259.999755859375,38.91154861450195,320.6000061035156,80.70066833496094,30.592559814453125,35.719940185546875,121.31480407714844,94.0369873046875,404.187744140625,342.3277587890625,169.9617156982422,89.41861724853516,180.9199981689453,26719.291015625,1828.689697265625
2023-05-27,173.16397094726562,325.8998107910156,120.11000061035156,127.89314270019531,123.58853912353516,259.999755859375,38.91154861450195,320.6000061035156,80.70066833496094,30.592559814453125,35.719940185546875,121.31480407714844,94.0369873046875,404.187744140625,342.3277587890625,169.9617156982422,89.41861724853516,180.9199981689453,26868.353515625,1831.1182861328125
2023-05-28,173.16397094726562,325.8998107910156,120.11000061035156,127.89314270019531,123.58853912353516,259.999755859375,38.91154861450195,320.6000061035156,80.70066833496094,30.592559814453125,35.719940185546875,121.31480407714844,94.0369873046875,404.187744140625,342.3277587890625,169.9617156982422,89.41861724853516,180.9199981689453,28085.646484375,1910.9141845703125
2023-05-29,173.16397094726562,325.8998107910156,120.11000061035156,127.89314270019531,123.58853912353516,259.999755859375,38.91154861450195,320.6000061035156,80.70066833496094,30.592559814453125,35.719940185546875,121.31480407714844,94.0369873046875,404.187744140625,342.3277587890625,169.9617156982422,89.41861724853516,180.9199981689453,27745.884765625,1893.078125
2023-05-30,175.00985717773438,324.2549743652344,121.66000366210938,128.3787841796875,122.65625762939453,260.4759216308594,40.075523376464844,322.19000244140625,81.13164520263672,30.583032608032227,35.35262680053711,120.56330108642578,93.8935546875,404.3417663574219,343.8802490234375,169.3345184326172,90.3120346069336,182.0399932861328,27702.349609375,1901.026611328125
2023-05-31,174.96051025390625,321.4942626953125,120.58000183105469,126.74439239501953,121.86280822753906,262.65875244140625,37.800533294677734,321.0799865722656,80.45577239990234,30.25910186767578,34.73136901855469,121.60020446777344,92.6121826171875,402.099609375,341.9248962402344,167.6653289794922,91.09925079345703,182.32000732421875,27219.658203125,1874.1304931640625
2023-06-01,177.76380920410156,325.5962829589844,122.7699966430664,128.49087524414062,122.70584106445312,270.4873352050781,39.73482894897461,323.1199951171875,81.2736587524414,30.583032608032227,35.16217041015625,122.39925384521484,93.79792022705078,405.91986083984375,345.8749084472656,169.47927856445312,91.45665740966797,183.75999450683594,26819.97265625,1862.201416015625
2023-06-02,178.61268615722656,328.3570861816406,124.25,131.18992614746094,123.64805603027344,270.4873352050781,39.29221725463867,329.4800109863281,81.7389144897461,31.249956130981445,36.232364654541016,123.9688491821289,96.52323150634766,411.7899475097656,348.4688720703125,175.62550354003906,90.45447540283203,181.0500030517578,27249.58984375,1907.256591796875
2023-06-03,178.61268615722656,328.3570861816406,124.25,131.18992614746094,123.64805603027344,270.4873352050781,39.29221725463867,329.4800109863281,81.7389144897461,31.249956130981445,36.232364654541016,123.9688491821289,96.52323150634766,411.7899475097656,348.4688720703125,175.62550354003906,90.45447540283203,181.0500030517578,27075.12890625,1892.4124755859375
2023-06-04,178.61268615722656,328.3570861816406,124.25,131.18992614746094,123.64805603027344,270.4873352050781,39.29221725463867,329.4800109863281,81.7389144897461,31.249956130981445,36.232364654541016,123.9688491821289,96.52323150634766,411.7899475097656,348.4688720703125,175.62550354003906,90.45447540283203,181.0500030517578,27119.06640625,1890.5135498046875
2023-06-05,177.26040649414062,328.8857116699219,125.30000305175781,129.90109252929688,124.9770736694336,269.27685546875,39.136356353759766,328.5799865722656,81.26876831054688,31.08798599243164,35.992027282714844,124.41592407226562,95.85383605957031,411.00091552734375,348.71453857421875,173.2711944580078,90.28596496582031,182.13999938964844,25760.09765625,1811.828369140625
2023-06-06,176.89520263671875,326.6731872558594,126.61000061035156,130.1345977783203,126.26641845703125,269.0089111328125,38.619808197021484,333.4100036621094,81.24917602539062,31.478605270385742,36.282249450683594,123.37906646728516,96.45628356933594,411.89581298828125,348.6555480957031,177.83506774902344,90.81810760498047,182.33999633789062,27238.783203125,1884.494873046875
2023-06-07,175.5231475830078,316.5895080566406,121.2300033569336,131.39540100097656,121.49584197998047,261.5474853515625,37.44572448730469,335.4200134277344,80.03460693359375,31.60246467590332,37.24360656738281,122.89391326904297,98.00540924072266,410.4715881347656,342.740478515625,181.16244506835938,89.47004699707031,180.14999389648438,26345.998046875,1832.39599609375
2023-06-08,178.23760986328125,318.4300537109375,124.25,131.43275451660156,121.13878631591797,262.5198974609375,38.479923248291016,335.95001220703125,80.90145874023438,31.57388687133789,37.08488845825195,123.68346405029297,98.17752075195312,412.954345703125,346.9950256347656,180.48516845703125,90.51656341552734,182.52999877929688,26508.216796875,1846.3018798828125
2023-06-09,178.62255859375,319.9278564453125,123.43000030517578,131.6942596435547,121.22805786132812,262.8869934082031,38.73971939086914,335.2900085449219,81.30305480957031,31.58341407775879,36.880828857421875,124.06398010253906,97.91934204101562,413.6952819824219,348.3214111328125,179.024169921875,90.39239501953125,182.0399932861328,26480.375,1840.2252197265625
2023-06-10,178.62255859375,319.9278564453125,123.43000030517578,131.6942596435547,121.22805786132812,262.8869934082031,38.73971939086914,335.2900085449219,81.30305480957031,31.58341407775879,36.880828857421875,124.06398010253906,97.91934204101562,413.6952819824219,348.3214111328125,179.024169921875,90.39239501953125,182.0399932861328,25851.240234375,1752.384765625
2023-06-11,178.62255859375,319.9278564453125,123.43000030517578,131.6942596435547,121.22805786132812,262.8869934082031,38.73971939086914,335.2900085449219,81.30305480957031,31.58341407775879,36.880828857421875,124.06398010253906,97.91934204101562,413.6952819824219,348.3214111328125,179.024169921875,90.39239501953125,182.0399932861328,25940.16796875,1753.415283203125
2023-06-12,181.41600036621094,324.881591796875,126.56999969482422,131.68492126464844,122.6264877319336,268.939453125,39.4511604309082,333.6000061035156,83.07103729248047,31.57388687133789,36.52711868286133,124.51107025146484,98.61739349365234,417.4483337402344,354.2070617675781,179.7691650390625,90.65847778320312,181.8800048828125,25902.5,1742.5286865234375
2023-06-13,180.94223022460938,327.2703552246094,126.66000366210938,132.63754272460938,122.81494140625,269.2073669433594,40.989952087402344,336.3900146484375,83.57548522949219,31.764436721801758,36.699440002441406,125.13890838623047,99.76490020751953,420.2005310058594,356.9288635253906,181.83004760742188,89.76270294189453,180.5399932861328,25918.728515625,1739.03759765625
2023-06-14,181.57395935058594,330.2563171386719,126.41999816894531,132.14256286621094,122.65625762939453,271.22161865234375,42.96342086791992,335.8999938964844,84.43743896484375,31.640575408935547,36.32305908203125,123.85467529296875,99.49714660644531,420.700927734375,359.52276611328125,179.8756103515625,90.48109436035156,180.63999938964844,25124.67578125,1650.519287109375
2023-06-15,183.60736083984375,340.7903747558594,127.11000061035156,133.63682556152344,124.06460571289062,279.63555908203125,42.619686126708984,339.82000732421875,85.5246810913086,32.059791564941406,36.72211837768555,125.7762451171875,100.99844360351562,425.9165954589844,363.80682373046875,181.35594177246094,91.35025024414062,181.91000366210938,25576.39453125,1665.519775390625
2023-06-16,182.53143310546875,335.14154052734375,125.48999786376953,133.79559326171875,122.51740264892578,278.81201171875,42.658653259277344,338.30999755859375,84.81944274902344,31.99309730529785,36.66769790649414,125.76676177978516,100.83587646484375,424.4658508300781,361.51739501953125,179.90463256835938,90.99551391601562,181.6300048828125,26327.462890625,1716.6688232421875
2023-06-17,182.53143310546875,335.14154052734375,125.48999786376953,133.79559326171875,122.51740264892578,278.81201171875,42.658653259277344,338.30999755859375,84.81944274902344,31.99309730529785,36.66769790649414,125.76676177978516,100.83587646484375,424.4658508300781,361.51739501953125,179.90463256835938,90.99551391601562,181.6300048828125,26510.67578125,1727.2041015625
2023-06-18,182.53143310546875,335.14154052734375,125.48999786376953,133.79559326171875,122.51740264892578,278.81201171875,42.658653259277344,338.30999755859375,84.81944274902344,31.99309730529785,36.66769790649414,125.76676177978516,100.83587646484375,424.4658508300781,361.51739501953125,179.90463256835938,90.99551391601562,181.6300048828125,26336.212890625,1720.5775146484375
2023-06-19,182.53143310546875,335.14154052734375,125.48999786376953,133.79559326171875,122.51740264892578,278.81201171875,42.658653259277344,338.30999755859375,84.81944274902344,31.99309730529785,36.66769790649414,125.76676177978516,100.83587646484375,424.4658508300781,361.51739501953125,179.90463256835938,90.99551391601562,181.6300048828125,26851.029296875,1737.659423828125
2023-06-20,182.62026977539062,330.9513854980469,125.77999877929688,133.11383056640625,122.0909194946289,282.1160888671875,43.77378463745117,338.6700134277344,84.2462158203125,31.753841400146484,35.84700393676758,125.6253662109375,100.08702850341797,422.263671875,360.9998779296875,179.12091064453125,91.62519073486328,179.75,28327.48828125,1792.1199951171875
2023-06-21,181.5838623046875,326.55572509765625,124.83000183105469,132.91770935058594,119.56182861328125,279.4470520019531,43.01137924194336,338.6099853515625,82.99964904785156,31.715559005737305,36.13064193725586,125.64447021484375,100.64386749267578,420.1000671386719,356.08026123046875,178.70484924316406,91.84690856933594,179.49000549316406,30027.296875,1891.0072021484375
2023-06-22,184.58456420898438,332.5765686035156,130.14999389648438,130.3586883544922,122.14051818847656,282.6618347167969,42.99139404296875,336.9599914550781,83.67691802978516,31.466733932495117,35.64571762084961,126.5041275024414,99.91422271728516,421.61651611328125,360.2815856933594,177.37936401367188,90.73828887939453,177.7100067138672,29912.28125,1872.9429931640625
2023-06-23,184.26869201660156,327.98504638671875,129.3300018310547,129.67694091796875,121.33714294433594,286.4819030761719,42.17603302001953,335.25,82.76898193359375,31.332754135131836,35.38954162597656,126.08387756347656,99.15576171875,418.4291076660156,356.7099609375,174.70895385742188,91.64293670654297,178.1999969482422,30695.46875,1892.862060546875
2023-06-24,184.26869201660156,327.98504638671875,129.3300018310547,129.67694091796875,121.33714294433594,286.4819030761719,42.17603302001953,335.25,82.76898193359375,31.332754135131836,35.38954162597656,126.08387756347656,99.15576171875,418.4291076660156,356.7099609375,174.70895385742188,91.64293670654297,178.1999969482422,30548.6953125,1876.0596923828125
2023-06-25,184.26869201660156,327.98504638671875,129.3300018310547,129.67694091796875,121.33714294433594,286.4819030761719,42.17603302001953,335.25,82.76898193359375,31.332754135131836,35.38954162597656,126.08387756347656,99.15576171875,418.4291076660156,356.7099609375,174.70895385742188,91.64293670654297,178.1999969482422,30480.26171875,1900.506103515625
2023-06-26,182.87689208984375,321.69989013671875,127.33000183105469,129.99447631835938,117.36993408203125,276.30169677734375,40.60026550292969,334.1199951171875,82.17515563964844,31.265764236450195,36.02540969848633,125.3674545288086,99.98141479492188,416.7195129394531,351.9281921386719,174.88308715820312,91.74047088623047,178.50999450683594,30271.130859375,1859.432861328125
2023-06-27,185.63088989257812,327.54449462890625,129.17999267578125,130.00379943847656,117.36003112792969,284.81494140625,41.84328842163086,335.3399963378906,83.79469299316406,31.514585494995117,36.107757568359375,125.0809097290039,101.1814956665039,421.2881164550781,357.979248046875,177.4083709716797,91.50102233886719,177.69000244140625,30688.1640625,1889.703369140625
2023-06-28,186.8054962158203,328.7976379394531,129.0399932861328,129.43411254882812,119.1948471069336,283.06866455078125,41.08488845825195,334.1499938964844,83.84379577636719,31.43802261352539,36.47372817993164,124.67974853515625,101.1814956665039,421.5006103515625,358.67779541015625,178.2791748046875,91.89127349853516,177.27999877929688,30086.24609375,1827.97119140625
2023-06-29,187.14109802246094,328.01434326171875,127.9000015258789,133.95436096191406,118.12371063232422,279.337890625,40.79011154174805,336.9100036621094,83.99101257324219,31.983524322509766,36.894596099853516,125.49163818359375,102.1607894897461,423.1619567871094,357.95953369140625,180.3303680419922,90.23275756835938,177.08999633789062,30445.3515625,1852.227294921875
2023-06-30,191.4645233154297,333.38916015625,130.36000061035156,135.8316192626953,118.71878814697266,284.74542236328125,42.268959045410156,341.0,85.325927734375,32.26106262207031,37.132476806640625,126.78112030029297,103.03443145751953,428.1554870605469,363.4793395996094,181.1914520263672,91.29704284667969,178.27000427246094,30477.251953125,1933.18896484375
2023-07-01,191.4645233154297,333.38916015625,130.36000061035156,135.8316192626953,118.71878814697266,284.74542236328125,42.268959045410156,341.0,85.325927734375,32.26106262207031,37.132476806640625,126.78112030029297,103.03443145751953,428.1554870605469,363.4793395996094,181.1914520263672,91.29704284667969,178.27000427246094,30590.078125,1924.56591796875
2023-07-02,191.4645233154297,333.38916015625,130.36000061035156,135.8316192626953,118.71878814697266,284.74542236328125,42.268959045410156,341.0,85.325927734375,32.26106262207031,37.132476806640625,126.78112030029297,103.03443145751953,428.1554870605469,363.4793395996094,181.1914520263672,91.29704284667969,178.27000427246094,30620.76953125,1937.4383544921875
2023-07-03,189.9740447998047,330.8927001953125,130.22000122070312,136.92425537109375,118.91714477539062,283.79296875,42.3798713684082,342.0,85.14434051513672,32.44289016723633,37.219398498535156,125.74000549316406,103.05363464355469,428.648193359375,364.3353271484375,181.55911254882812,90.77945709228516,178.47000122070312,31156.439453125,1955.38916015625
2023-07-04,189.9740447998047,330.8927001953125,130.22000122070312,136.92425537109375,118.91714477539062,283.79296875,42.3798713684082,342.0,85.14434051513672,32.44289016723633,37.219398498535156,125.74000549316406,103.05363464355469,428.648193359375,364.3353271484375,181.55911254882812,90.77945709228516,178.47000122070312,30777.58203125,1936.633544921875
2023-07-05,188.85865783691406,331.04931640625,130.3800048828125,136.01214599609375,120.75199127197266,292.0779113769531,42.2839469909668,341.55999755859375,84.61920166015625,32.37590408325195,37.0135498046875,125.67313385009766,102.49679565429688,428.01068115234375,364.3255310058594,179.74981689453125,89.91685485839844,177.83999633789062,30514.166015625,1910.5880126953125
2023-07-06,189.33242797851562,334.10382080078125,128.36000061035156,134.66746520996094,119.12543487548828,289.7164306640625,42.07011795043945,341.4599914550781,84.3934555053711,32.09836196899414,36.18095016479492,124.67020416259766,101.72872924804688,424.6590576171875,361.55078125,176.84719848632812,88.64514923095703,177.30999755859375,29909.337890625,1848.636474609375
2023-07-07,188.21701049804688,330.1388244628906,129.77999877929688,135.7300262451172,118.50059509277344,288.267822265625,42.46980285644531,340.8999938964844,84.02537536621094,32.14621353149414,36.958648681640625,123.21830749511719,101.95914459228516,423.5868835449219,360.3504638671875,178.7145538330078,88.111572265625,178.63999938964844,30342.265625,1870.6025390625
2023-07-08,188.21701049804688,330.1388244628906,129.77999877929688,135.7300262451172,118.50059509277344,288.267822265625,42.46980285644531,340.8999938964844,84.02537536621094,32.14621353149414,36.958648681640625,123.21830749511719,101.95914459228516,423.5868835449219,360.3504638671875,178.7145538330078,88.111572265625,178.63999938964844,30292.541015625,1865.53955078125
2023-07-09,188.21701049804688,330.1388244628906,129.77999877929688,135.7300262451172,118.50059509277344,288.267822265625,42.46980285644531,340.8999938964844,84.02537536621094,32.14621353149414,36.958648681640625,123.21830749511719,101.95914459228516,423.5868835449219,360.3504638671875,178.7145538330078,88.111572265625,178.63999938964844,30171.234375,1863.009765625
2023-07-10,186.1737518310547,324.862060546875,127.12999725341797,136.4917449951172,115.49543762207031,291.81005859375,42.14705276489258,341.1300048828125,84.2462158203125,32.289772033691406,37.24685287475586,124.19259643554688,103.40885925292969,424.6590576171875,360.4685363769531,181.77197265625,88.2271728515625,178.77999877929688,30414.470703125,1880.556396484375
2023-07-11,185.6505889892578,325.4886474609375,128.77999877929688,138.6262969970703,116.17977142333984,295.9674377441406,42.37187576293945,343.3699951171875,84.42778778076172,32.67257308959961,38.06571578979492,124.22124481201172,104.62814331054688,427.3634948730469,362.2494812011719,183.6393280029297,88.68073272705078,179.4499969482422,30620.951171875,1878.3360595703125
2023-07-12,187.31878662109375,330.1192321777344,130.8000030517578,139.31275939941406,117.95509338378906,306.9313659667969,43.867706298828125,345.3500061035156,85.38480377197266,32.883121490478516,38.417964935302734,123.88694763183594,104.44574737548828,430.80206298828125,366.8246765136719,185.6421356201172,89.6678466796875,181.8800048828125,30391.646484375,1872.11376953125
2023-07-13,188.07882690429688,335.4645690917969,134.3000030517578,139.98983764648438,123.51911163330078,310.9696350097656,45.94109344482422,343.5400085449219,86.49887084960938,32.997962951660156,38.271575927734375,123.9346923828125,104.58013916015625,434.22125244140625,373.0528869628906,187.14183044433594,90.61051177978516,182.00999450683594,31476.048828125,2006.511474609375
2023-07-14,188.2269287109375,337.99041748046875,134.67999267578125,140.83615112304688,124.39189910888672,306.46502685546875,45.4334831237793,341.0899963378906,86.37127685546875,32.77784729003906,37.26057052612305,125.79730224609375,104.27293395996094,433.9508056640625,372.97418212890625,185.3131866455078,90.0769271850586,181.42999267578125,30334.068359375,1939.3470458984375
2023-07-15,188.2269287109375,337.99041748046875,134.67999267578125,140.83615112304688,124.39189910888672,306.46502685546875,45.4334831237793,341.0899963378906,86.37127685546875,32.77784729003906,37.26057052612305,125.79730224609375,104.27293395996094,433.9508056640625,372.97418212890625,185.3131866455078,90.0769271850586,181.42999267578125,30295.806640625,1931.466552734375
2023-07-16,188.2269287109375,337.99041748046875,134.67999267578125,140.83615112304688,124.39189910888672,306.46502685546875,45.4334831237793,341.0899963378906,86.37127685546875,32.77784729003906,37.26057052612305,125.79730224609375,104.27293395996094,433.9508056640625,372.97418212890625,185.3131866455078,90.0769271850586,181.42999267578125,30249.1328125,1923.681884765625
2023-07-17,191.48428344726562,338.4701843261719,133.55999755859375,144.23081970214844,123.62821197509766,308.201416015625,46.42470169067383,344.25,87.47550964355469,33.09366989135742,37.1873779296875,125.22418212890625,104.66654968261719,435.4575500488281,376.4572448730469,187.29664611816406,90.12136840820312,181.55999755859375,30145.888671875,1911.6461181640625
2023-07-18,191.22764587402344,351.94122314453125,132.8300018310547,144.49412536621094,122.7455062866211,309.6202392578125,47.4568977355957,345.3399963378906,88.46686553955078,33.46690368652344,37.5625,126.15072631835938,105.25218200683594,438.69329833984375,379.5368957519531,189.60906982421875,90.53046417236328,183.63999938964844,29856.5625,1897.5992431640625
2023-07-19,192.57992553710938,347.6237487792969,135.36000061035156,145.04888916015625,121.0296859741211,313.5494384765625,47.040225982666016,342.42999267578125,88.24600982666016,33.610450744628906,37.78208541870117,126.7333755493164,105.2042007446289,439.6688232421875,379.4483337402344,190.41212463378906,91.55315399169922,183.6699981689453,29913.923828125,1889.0079345703125
2023-07-20,190.63540649414062,339.586181640625,129.9600067138672,146.8355712890625,118.22289276123047,300.1644287109375,45.48444747924805,346.6099853515625,86.48416137695312,33.85927963256836,38.225830078125,128.8347625732422,105.67462158203125,436.75189208984375,370.70135498046875,188.7479705810547,90.44151306152344,182.74000549316406,29792.015625,1890.9691162109375
2023-07-21,189.4607696533203,336.55126953125,130.0,145.70713806152344,119.03616333007812,291.96881103515625,44.274391174316406,345.760009765625,86.43997955322266,33.74443817138672,38.564353942871094,130.1338348388672,105.17538452148438,436.75189208984375,369.5895080566406,188.14808654785156,90.46821594238281,182.17999267578125,29908.744140625,1892.080078125
2023-07-22,189.4607696533203,336.55126953125,130.0,145.70713806152344,119.03616333007812,291.96881103515625,44.274391174316406,345.760009765625,86.43997955322266,33.74443817138672,38.564353942871094,130.1338348388672,105.17538452148438,436.75189208984375,369.5895080566406,188.14808654785156,90.46821594238281,182.17999267578125,29771.802734375,1864.912353515625
2023-07-23,189.4607696533203,336.55126953125,130.0,145.70713806152344,119.03616333007812,291.96881103515625,44.274391174316406,345.760009765625,86.43997955322266,33.74443817138672,38.564353942871094,130.1338348388672,105.17538452148438,436.75189208984375,369.5895080566406,188.14808654785156,90.46821594238281,182.17999267578125,30084.5390625,1889.191650390625
2023-07-24,190.2602996826172,337.86309814453125,128.8000030517578,148.57522583007812,120.53379821777344,289.33941650390625,44.57715606689453,349.6300048828125,86.59210968017578,34.069828033447266,39.18650436401367,129.8472900390625,105.41541290283203,438.70294189453125,370.1798400878906,188.6125030517578,90.13916015625,181.39999389648438,29176.916015625,1850.0020751953125
2023-07-25,191.11904907226562,343.6099548339844,129.1300048828125,147.4656219482422,121.20821380615234,292.1771545410156,45.643314361572266,347.5799865722656,87.5834732055664,33.849700927734375,39.392356872558594,129.78997802734375,105.28099060058594,439.900634765625,372.6888427734375,188.59317016601562,89.97016906738281,182.41000366210938,29227.390625,1857.741943359375
2023-07-26,191.9876708984375,330.67730712890625,128.14999389648438,148.3495330810547,128.2103271484375,296.2452392578125,45.416500091552734,349.79998779296875,86.40562438964844,34.050682067871094,39.40608596801758,129.7039794921875,106.0202407836914,439.96826171875,371.4490661621094,190.0831756591797,90.05913543701172,183.3000030517578,29354.97265625,1872.159912109375
2023-07-27,190.72421264648438,323.77532958984375,128.25,146.7133331298828,128.3392791748047,309.28289794921875,45.86414337158203,349.30999755859375,86.15532684326172,33.62002944946289,39.154483795166016,128.7488250732422,105.1081771850586,437.0512390136719,370.56353759765625,187.62559509277344,88.30723571777344,180.4199981689453,29210.689453125,1860.357177734375
2023-07-28,193.30050659179688,331.2647399902344,132.2100067138672,147.5502166748047,131.4932098388672,322.9456787109375,46.71348571777344,349.80999755859375,87.32828521728516,33.68701171875,39.27341842651367,129.13088989257812,105.76102447509766,441.3301696777344,377.3132019042969,190.0541229248047,88.76077270507812,181.86000061035156,29319.24609375,1874.744873046875
2023-07-29,193.30050659179688,331.2647399902344,132.2100067138672,147.5502166748047,131.4932098388672,322.9456787109375,46.71348571777344,349.80999755859375,87.32828521728516,33.68701171875,39.27341842651367,129.13088989257812,105.76102447509766,441.3301696777344,377.3132019042969,190.0541229248047,88.76077270507812,181.86000061035156,29356.91796875,1881.06884765625
2023-07-30,193.30050659179688,331.2647399902344,132.2100067138672,147.5502166748047,131.4932098388672,322.9456787109375,46.71348571777344,349.80999755859375,87.32828521728516,33.68701171875,39.27341842651367,129.13088989257812,105.76102447509766,441.3301696777344,377.3132019042969,190.0541229248047,88.76077270507812,181.86000061035156,29275.30859375,1861.643798828125
2023-07-31,193.9124755859375,328.86614990234375,133.67999267578125,148.53759765625,131.63204956054688,316.1192626953125,46.69249725341797,351.9599914550781,87.52951049804688,33.81143569946289,40.019081115722656,128.13748168945312,106.01063537597656,442.1704406738281,377.510009765625,192.26016235351562,88.97418975830078,182.35000610351562,29230.111328125,1856.162353515625
2023-08-01,193.08334350585938,329.27734375,131.69000244140625,147.80410766601562,130.47164916992188,320.1972961425781,46.47066879272461,352.260009765625,87.67672729492188,33.81143569946289,39.8315315246582,127.46887969970703,106.32746887207031,440.9051208496094,376.6343078613281,191.37966918945312,87.51617431640625,180.4600067138672,29675.732421875,1871.7921142578125
2023-08-02,190.09246826171875,320.6229553222656,128.2100067138672,146.1302947998047,127.32763671875,311.8626403808594,44.23442459106445,351.19000244140625,85.50750732421875,33.524322509765625,39.310020446777344,127.55482482910156,105.2137680053711,434.7718505859375,368.3694152832031,188.7769775390625,86.57982635498047,179.60000610351562,29151.958984375,1839.0897216796875
2023-08-03,188.70068359375,319.80059814453125,128.91000366210938,147.02365112304688,127.39704895019531,310.75140380859375,44.480224609375,353.80999755859375,85.15904998779297,33.54346466064453,39.70801544189453,126.91487121582031,104.55133056640625,433.52581787109375,367.7791442871094,188.24484252929688,84.58232116699219,179.5399932861328,29178.6796875,1835.136474609375
2023-08-04,179.6392822265625,320.8970947265625,139.57000732421875,146.7133331298828,127.05986022949219,308.3105163574219,44.645103454589844,349.989990234375,84.00083923339844,33.409481048583984,39.762908935546875,126.46595001220703,103.9177017211914,431.5650634765625,366.0572509765625,187.86749267578125,86.08045959472656,180.19000244140625,29074.091796875,1827.712890625
2023-08-05,179.6392822265625,320.8970947265625,139.57000732421875,146.7133331298828,127.05986022949219,308.3105163574219,44.645103454589844,349.989990234375,84.00083923339844,33.409481048583984,39.762908935546875,126.46595001220703,103.9177017211914,431.5650634765625,366.0572509765625,187.86749267578125,86.08045959472656,180.19000244140625,29042.126953125,1834.9879150390625
2023-08-06,179.6392822265625,320.8970947265625,139.57000732421875,146.7133331298828,127.05986022949219,308.3105163574219,44.645103454589844,349.989990234375,84.00083923339844,33.409481048583984,39.762908935546875,126.46595001220703,103.9177017211914,431.5650634765625,366.0572509765625,187.86749267578125,86.08045959472656,180.19000244140625,29041.85546875,1827.4620361328125
2023-08-07,176.5398406982422,323.17816162109375,142.22000122070312,147.40916442871094,130.45181274414062,314.0951232910156,45.38152313232422,362.5799865722656,84.23641967773438,33.87842559814453,39.80865478515625,127.9273681640625,105.194580078125,435.3320007324219,369.1565856933594,187.9932861328125,85.2332992553711,179.77999877929688,29180.578125,1826.9388427734375
2023-08-08,177.47755432128906,319.203369140625,139.94000244140625,146.58164978027344,130.32286071777344,310.2056579589844,44.629119873046875,363.7300109863281,83.58858489990234,33.572174072265625,40.00536346435547,128.9112091064453,104.71453857421875,433.43890380859375,366.0177917480469,186.81288146972656,86.22317504882812,178.63999938964844,29765.4921875,1855.807373046875
2023-08-09,175.88836669921875,315.4636535644531,137.85000610351562,144.61634826660156,128.59713745117188,302.83349609375,42.52075958251953,358.0199890136719,82.50886535644531,33.323341369628906,40.508575439453125,128.8729705810547,104.65693664550781,430.5412292480469,361.9936218261719,185.3518829345703,86.66903686523438,177.7899932861328,29561.494140625,1854.297607421875
2023-08-10,175.6712188720703,316.1489562988281,138.55999755859375,144.4000701904297,128.6269073486328,303.3594055175781,42.354888916015625,356.9800109863281,82.51870727539062,33.352054595947266,40.504005432128906,128.78701782226562,104.36892700195312,430.6957702636719,362.6627197265625,184.5294952392578,85.24220275878906,177.60000610351562,29429.591796875,1850.75341796875
2023-08-11,175.73049926757812,314.2692565917969,138.41000366210938,145.2369842529297,128.49795532226562,299.29132080078125,40.82308578491211,358.3500061035156,81.91012573242188,33.41905212402344,41.12615966796875,129.58935546875,104.54174041748047,430.4446105957031,360.3504638671875,184.7906951904297,85.04603576660156,177.60000610351562,29397.71484375,1847.1243896484375
2023-08-12,175.73049926757812,314.2692565917969,138.41000366210938,145.2369842529297,128.49795532226562,299.29132080078125,40.82308578491211,358.3500061035156,81.91012573242188,33.41905212402344,41.12615966796875,129.58935546875,104.54174041748047,430.4446105957031,360.3504638671875,184.7906951904297,85.04603576660156,177.60000610351562,29415.96484375,1848.889892578125
2023-08-13,175.73049926757812,314.2692565917969,138.41000366210938,145.2369842529297,128.49795532226562,299.29132080078125,40.82308578491211,358.3500061035156,81.91012573242188,33.41905212402344,41.12615966796875,129.58935546875,104.54174041748047,430.4446105957031,360.3504638671875,184.7906951904297,85.04603576660156,177.60000610351562,29282.9140625,1839.2801513671875
2023-08-14,177.38116455078125,317.23565673828125,140.57000732421875,145.5378875732422,130.25344848632812,303.805908203125,43.71883010864258,358.4800109863281,83.21560668945312,33.352054595947266,40.95232009887695,129.98098754882812,104.58013916015625,432.82073974609375,364.3943786621094,184.471435546875,84.8587417602539,177.05999755859375,29408.443359375,1844.185791015625
2023-08-15,175.39443969726562,315.101318359375,137.6699981689453,141.83290100097656,128.71617126464844,299.598876953125,43.905677795410156,354.5,82.39600372314453,32.739566802978516,40.101436614990234,129.50338745117188,103.24564361572266,427.77886962890625,360.527587890625,182.03321838378906,84.34156036376953,176.58999633789062,29170.34765625,1826.9327392578125
2023-08-16,174.52464294433594,314.3361511230469,135.07000732421875,141.23106384277344,127.64501190185547,291.9985656738281,43.4520263671875,354.1099853515625,81.61076354980469,32.69171905517578,39.753761291503906,128.5195770263672,102.66963195800781,424.6397399902344,356.7099609375,179.80789184570312,83.68167877197266,175.57000732421875,28701.779296875,1805.6590576171875
2023-08-17,171.9844207763672,310.8827819824219,133.97999572753906,139.76414489746094,128.85501098632812,282.87017822265625,43.31013870239258,353.19000244140625,80.83534240722656,32.52902603149414,40.22952651977539,127.49752807617188,101.8055419921875,421.4040222167969,352.81365966796875,177.68896484375,83.32495880126953,175.3000030517578,26664.55078125,1684.9334716796875
2023-08-18,172.46873474121094,310.4903869628906,133.22000122070312,140.08384704589844,126.41516876220703,281.04449462890625,43.265174865722656,352.55999755859375,80.95804595947266,32.51945495605469,40.62751770019531,127.5452880859375,101.99755859375,421.6068420410156,352.370849609375,178.656494140625,83.6192398071289,175.3300018310547,26049.556640625,1660.945068359375
2023-08-19,172.46873474121094,310.4903869628906,133.22000122070312,140.08384704589844,126.41516876220703,281.04449462890625,43.265174865722656,352.55999755859375,80.95804595947266,32.51945495605469,40.62751770019531,127.5452880859375,101.99755859375,421.6068420410156,352.370849609375,178.656494140625,83.6192398071289,175.3300018310547,26096.205078125,1669.471923828125
2023-08-20,172.46873474121094,310.4903869628906,133.22000122070312,140.08384704589844,126.41516876220703,281.04449462890625,43.265174865722656,352.55999755859375,80.95804595947266,32.51945495605469,40.62751770019531,127.5452880859375,101.99755859375,421.6068420410156,352.370849609375,178.656494140625,83.6192398071289,175.3300018310547,26189.583984375,1684.85205078125
2023-08-21,173.80308532714844,315.78814697265625,134.67999267578125,140.56344604492188,127.31771087646484,287.64276123046875,46.93031311035156,352.0899963378906,82.50397491455078,32.481178283691406,40.371337890625,127.67903137207031,101.87274932861328,424.34991455078125,358.0481262207031,178.395263671875,82.50454711914062,175.80999755859375,26124.140625,1667.26904296875
2023-08-22,175.177001953125,316.3571472167969,134.25,137.64834594726562,128.02188110351562,285.3606872558594,45.632328033447266,350.57000732421875,82.41071319580078,32.174922943115234,40.06026077270508,127.2300796508789,101.63273620605469,423.2005615234375,357.5364990234375,177.8631134033203,83.13768768310547,176.10000610351562,26031.65625,1633.892578125
2023-08-23,179.0219268798828,320.8112487792969,135.52000427246094,138.57931518554688,131.28492736816406,291.94891357421875,47.07919692993164,354.260009765625,83.89778137207031,32.490745544433594,39.959617614746094,127.61217498779297,102.67921447753906,427.9140930175781,363.1742858886719,179.75950622558594,85.19762420654297,177.88999938964844,26431.640625,1679.2744140625
2023-08-24,174.33685302734375,313.91424560546875,131.83999633789062,138.44764709472656,128.71617126464844,284.5172424316406,47.12615203857422,354.29998779296875,81.9641342163086,32.37590408325195,39.68513488769531,126.5041275024414,101.4311294555664,421.9835205078125,355.41119384765625,177.2729034423828,84.63583374023438,177.85000610351562,26162.373046875,1659.944580078125
2023-08-25,176.54098510742188,316.86737060546875,133.25999450683594,138.2783966064453,128.81533813476562,283.2770080566406,45.982059478759766,355.92999267578125,82.79844665527344,32.52902603149414,40.06940841674805,127.4306869506836,102.28557586669922,424.95849609375,358.1661376953125,178.027587890625,84.91227722167969,177.6199951171875,26047.66796875,1652.93505859375
2023-08-26,176.54098510742188,316.86737060546875,133.25999450683594,138.2783966064453,128.81533813476562,283.2770080566406,45.982059478759766,355.92999267578125,82.79844665527344,32.52902603149414,40.06940841674805,127.4306869506836,102.28557586669922,424.95849609375,358.1661376953125,178.027587890625,84.91227722167969,177.6199951171875,26008.462890625,1646.3067626953125
2023-08-27,176.54098510742188,316.86737060546875,133.25999450683594,138.2783966064453,128.81533813476562,283.2770080566406,45.982059478759766,355.92999267578125,82.79844665527344,32.52902603149414,40.06940841674805,127.4306869506836,102.28557586669922,424.95849609375,358.1661376953125,178.027587890625,84.91227722167969,177.6199951171875,26089.693359375,1657.5130615234375
2023-08-28,178.10272216796875,317.57373046875,133.13999938964844,138.75794982910156,129.9360809326172,287.99993896484375,46.79841232299805,355.54998779296875,83.4757080078125,32.71085739135742,40.339317321777344,127.72677612304688,103.12084197998047,427.6532897949219,360.86212158203125,179.6143798828125,85.00145721435547,178.1300048828125,26106.150390625,1652.4573974609375
2023-08-29,181.9871826171875,322.1946105957031,134.91000366210938,139.88638305664062,133.46690368652344,295.6697082519531,48.74589157104492,358.2900085449219,85.14924621582031,33.007530212402344,40.449100494384766,128.8729705810547,103.90809631347656,433.8348693847656,368.7432556152344,182.1202850341797,85.88427734375,179.8699951171875,27727.392578125,1729.7257080078125
2023-08-30,185.4762725830078,322.5674133300781,135.07000732421875,139.32217407226562,134.7661590576172,292.80224609375,49.22552490234375,361.05999755859375,85.79215240478516,33.02667236328125,40.650390625,128.77748107910156,104.37853240966797,435.6217956542969,370.7996826171875,182.80726623535156,85.79509735107422,180.32000732421875,27297.265625,1705.1121826171875
2023-08-31,185.69374084472656,321.5568542480469,138.00999450683594,137.60133361816406,135.05377197265625,293.5860595703125,49.31645965576172,360.20001220703125,86.2093276977539,32.90226364135742,40.6778450012207,127.23961639404297,103.90809631347656,434.9843444824219,371.9114990234375,182.48797607421875,86.1785659790039,180.02000427246094,25931.47265625,1645.63916015625
2023-09-01,187.26531982421875,322.4398193359375,138.1199951171875,138.0621337890625,134.54795837402344,294.0722961425781,48.471107482910156,362.4599914550781,86.4743423461914,33.19892883300781,41.51042938232422,127.58349609375,104.45533752441406,435.795654296875,371.5179138183594,184.65525817871094,84.83602905273438,180.11000061035156,25800.724609375,1628.4912109375
2023-09-02,187.26531982421875,322.4398193359375,138.1199951171875,138.0621337890625,134.54795837402344,294.0722961425781,48.471107482910156,362.4599914550781,86.4743423461914,33.19892883300781,41.51042938232422,127.58349609375,104.45533752441406,435.795654296875,371.5179138183594,184.65525817871094,84.83602905273438,180.11000061035156,25868.798828125,1637.025390625
2023-09-03,187.26531982421875,322.4398193359375,138.1199951171875,138.0621337890625,134.54795837402344,294.0722961425781,48.471107482910156,362.4599914550781,86.4743423461914,33.19892883300781,41.51042938232422,127.58349609375,104.45533752441406,435.795654296875,371.5179138183594,184.65525817871094,84.83602905273438,180.11000061035156,25969.56640625,1636.11767578125
2023-09-04,187.26531982421875,322.4398193359375,138.1199951171875,138.0621337890625,134.54795837402344,294.0722961425781,48.471107482910156,362.4599914550781,86.4743423461914,33.19892883300781,41.51042938232422,127.58349609375,104.45533752441406,435.795654296875,371.5179138183594,184.65525817871094,84.83602905273438,180.11000061035156,25812.416015625,1629.6552734375
2023-09-05,187.50253295898438,327.2372741699219,137.27000427246094,136.53875732421875,134.65708923339844,297.8128662109375,48.51007843017578,360.4700012207031,86.78353118896484,32.86397933959961,41.730018615722656,126.26533508300781,102.69841766357422,433.9121398925781,371.990234375,180.7657470703125,83.64643859863281,178.63999938964844,25779.982421875,1633.62939453125
2023-09-06,180.7911834716797,326.5799865722656,135.36000061035156,136.3130645751953,133.35780334472656,296.8405456542969,47.02811813354492,361.6700134277344,85.86576843261719,32.844844818115234,41.74830627441406,125.57762145996094,102.25678253173828,430.9951477050781,368.7137451171875,180.0884552001953,83.85216522216797,177.8300018310547,25753.236328125,1632.2523193359375
2023-09-07,175.50314331054688,323.6661376953125,137.85000610351562,135.14703369140625,134.15122985839844,296.3444519042969,46.20868682861328,361.79998779296875,84.62411499023438,32.758705139160156,41.7071418762207,126.14118194580078,101.92076873779297,429.6720275878906,366.0768737792969,178.3468780517578,84.08470916748047,178.02000427246094,26240.1953125,1647.5982666015625
2023-09-08,176.115966796875,327.943603515625,138.22999572753906,135.25047302246094,135.2620849609375,295.570556640625,45.54015350341797,363.1499938964844,84.8008041381836,32.82570266723633,42.10971450805664,126.14118194580078,101.41191864013672,430.3191223144531,366.5885314941406,177.95021057128906,84.4067153930664,178.0800018310547,25905.654296875,1636.1378173828125
2023-09-09,176.115966796875,327.943603515625,138.22999572753906,135.25047302246094,135.2620849609375,295.570556640625,45.54015350341797,363.1499938964844,84.8008041381836,32.82570266723633,42.10971450805664,126.14118194580078,101.41191864013672,430.3191223144531,366.5885314941406,177.95021057128906,84.4067153930664,178.0800018310547,25895.677734375,1635.162353515625
2023-09-10,176.115966796875,327.943603515625,138.22999572753906,135.25047302246094,135.2620849609375,295.570556640625,45.54015350341797,363.1499938964844,84.8008041381836,32.82570266723633,42.10971450805664,126.14118194580078,101.41191864013672,430.3191223144531,366.5885314941406,177.95021057128906,84.4067153930664,178.0800018310547,25832.2265625,1616.828857421875
2023-09-11,177.28231811523438,331.5442199707031,143.10000610351562,135.8428955078125,135.79762268066406,305.16522216796875,45.14643096923828,365.5199890136719,85.24248504638672,32.97882080078125,41.556175231933594,127.0103759765625,101.44072723388672,433.14910888671875,370.90789794921875,178.37594604492188,83.79852294921875,178.41000366210938,25162.654296875,1551.6376953125
2023-09-12,174.25775146484375,325.49102783203125,141.22999572753906,137.61074829101562,134.2305908203125,299.3111877441406,44.838645935058594,367.7799987792969,83.6965560913086,33.19892883300781,42.53515625,126.84800720214844,101.07589721679688,430.7730712890625,366.795166015625,178.2017364501953,84.28148651123047,177.49000549316406,25833.34375,1592.429443359375
2023-09-13,172.1919708251953,329.69976806640625,144.85000610351562,137.6765899658203,135.58935546875,302.6847229003906,45.453216552734375,367.82000732421875,83.90758514404297,33.19892883300781,42.21492385864258,126.86712646484375,100.40385437011719,431.275390625,368.1923828125,177.03103637695312,84.26361083984375,177.0800018310547,26228.32421875,1607.988525390625
2023-09-14,173.7042694091797,332.2898254394531,144.72000122070312,140.3471221923828,136.9679718017578,309.29290771484375,45.54915237426758,369.5,84.51614379882812,33.50517654418945,42.708984375,127.26828002929688,101.3927230834961,434.9939880371094,371.203125,179.5272979736328,83.65540313720703,177.1699981689453,26539.673828125,1626.974365234375
2023-09-15,172.98268127441406,323.9703063964844,140.38999938964844,139.9333953857422,136.27369689941406,297.9716491699219,43.869319915771484,367.8599853515625,82.89167785644531,33.332916259765625,42.091407775878906,126.26533508300781,100.80707550048828,429.7530212402344,364.8470153808594,177.65025329589844,83.14558410644531,178.33999633789062,26608.693359375,1641.640380859375
2023-09-16,172.98268127441406,323.9703063964844,140.38999938964844,139.9333953857422,136.27369689941406,297.9716491699219,43.869319915771484,367.8599853515625,82.89167785644531,33.332916259765625,42.091407775878906,126.26533508300781,100.80707550048828,429.7530212402344,364.8470153808594,177.65025329589844,83.14558410644531,178.33999633789062,26568.28125,1635.2216796875
2023-09-17,172.98268127441406,323.9703063964844,140.38999938964844,139.9333953857422,136.27369689941406,297.9716491699219,43.869319915771484,367.8599853515625,82.89167785644531,33.332916259765625,42.091407775878906,126.26533508300781,100.80707550048828,429.7530212402344,364.8470153808594,177.65025329589844,83.14558410644531,178.33999633789062,26534.1875,1622.896728515625
2023-09-18,175.9084014892578,322.832275390625,139.97999572753906,140.22491455078125,137.0770721435547,300.1942138671875,43.93527603149414,370.42999267578125,83.2900619506836,33.42424392700195,42.44810485839844,126.07353973388672,100.91889190673828,430.0050048828125,365.22735595703125,176.4698486328125,83.61961364746094,179.38999938964844,26754.28125,1637.3470458984375
2023-09-19,176.9956817626953,322.4300231933594,137.6300048828125,140.04620361328125,136.90841674804688,302.6946105957031,43.489585876464844,370.4800109863281,83.24580383300781,33.38579177856445,42.05177688598633,126.17901611328125,100.4947509765625,429.1131896972656,364.4489440917969,175.78289794921875,83.00245666503906,179.22000122070312,27211.1171875,1643.544677734375
2023-09-20,173.45713806152344,314.6991271972656,135.2899932861328,139.45384216308594,132.64370727539062,297.3366394042969,42.2094841003418,366.82000732421875,81.93756103515625,33.15507125854492,41.660064697265625,126.18861389160156,100.09951782226562,425.16827392578125,359.197021484375,174.02198791503906,83.26184844970703,179.35000610351562,27132.0078125,1622.890625
2023-09-21,171.9152069091797,313.4825744628906,129.3300018310547,138.36302185058594,129.37074279785156,293.4273376464844,40.98833465576172,363.2799987792969,80.68832397460938,32.607139587402344,41.08861541748047,125.08564758300781,98.46075439453125,418.1409912109375,352.6148986816406,171.32254028320312,81.1241683959961,178.0500030517578,26567.6328125,1584.3070068359375
2023-09-22,172.7652587890625,311.0103759765625,129.1199951171875,137.037109375,129.18231201171875,296.75128173828125,41.580928802490234,360.1600036621094,80.86046600341797,32.35720443725586,41.15774154663086,124.8266830444336,98.12335968017578,417.2007751464844,352.66424560546875,170.93551635742188,81.777099609375,178.6199951171875,26579.568359375,1593.268310546875
2023-09-23,172.7652587890625,311.0103759765625,129.1199951171875,137.037109375,129.18231201171875,296.75128173828125,41.580928802490234,360.1600036621094,80.86046600341797,32.35720443725586,41.15774154663086,124.8266830444336,98.12335968017578,417.2007751464844,352.66424560546875,170.93551635742188,81.777099609375,178.6199951171875,26579.390625,1593.8577880859375
2023-09-24,172.7652587890625,311.0103759765625,129.1199951171875,137.037109375,129.18231201171875,296.75128173828125,41.580928802490234,360.1600036621094,80.86046600341797,32.35720443725586,41.15774154663086,124.8266830444336,98.12335968017578,417.2007751464844,352.66424560546875,170.93551635742188,81.777099609375,178.6199951171875,26256.826171875,1580.8533935546875
2023-09-25,174.0403289794922,311.5303039550781,131.27000427246094,137.71417236328125,130.03526306152344,298.4876403808594,42.1924934387207,361.7099914550781,81.12113189697266,32.434112548828125,41.673885345458984,125.50765991210938,98.61499786376953,418.9551696777344,354.3392333984375,171.69985961914062,79.76464080810547,177.6999969482422,26298.48046875,1588.3228759765625
2023-09-26,169.9680633544922,306.2325134277344,125.9800033569336,136.2848358154297,127.51609802246094,296.6322021484375,41.8817138671875,359.4200134277344,79.6604232788086,32.001522064208984,41.43425369262695,124.44304656982422,97.1111831665039,412.8001708984375,349.0184326171875,169.4922637939453,79.48741149902344,176.27999877929688,26217.25,1593.417236328125
2023-09-27,168.4557647705078,306.8702087402344,125.9800033569336,137.0841522216797,129.4699249267578,295.4216613769531,42.43832015991211,357.7799987792969,79.78337860107422,31.953454971313477,42.46653366088867,123.81963348388672,97.83416748046875,412.9649353027344,349.83624267578125,171.0767822265625,79.07595825195312,174.10000610351562,26352.716796875,1597.4912109375
2023-09-28,168.71273803710938,307.7041320800781,125.9800033569336,138.78622436523438,131.2254180908203,301.5932312011719,43.05889129638672,357.05999755859375,80.34896850585938,32.18417739868164,42.51261520385742,124.41427612304688,98.24867248535156,415.35906982421875,352.76275634765625,172.6223907470703,79.31742858886719,173.22999572753906,27021.546875,1652.8826904296875
2023-09-29,169.2267303466797,309.774169921875,127.12000274658203,136.3694610595703,129.7873077392578,297.87249755859375,43.468605041503906,350.29998779296875,80.6243896484375,31.88616180419922,41.655452728271484,123.47435760498047,97.7281265258789,414.3510437011719,353.01885986328125,171.80584716796875,79.3263931274414,171.4499969482422,26911.720703125,1667.94384765625
2023-09-30,169.2267303466797,309.774169921875,127.12000274658203,136.3694610595703,129.7873077392578,297.87249755859375,43.468605041503906,350.29998779296875,80.6243896484375,31.88616180419922,41.655452728271484,123.47435760498047,97.7281265258789,414.3510437011719,353.01885986328125,171.80584716796875,79.3263931274414,171.4499969482422,26967.916015625,1671.161865234375
2023-10-01,169.2267303466797,309.774169921875,127.12000274658203,136.3694610595703,129.7873077392578,297.87249755859375,43.468605041503906,350.29998779296875,80.6243896484375,31.88616180419922,41.655452728271484,123.47435760498047,97.7281265258789,414.3510437011719,353.01885986328125,171.80584716796875,79.3263931274414,171.4499969482422,27983.75,1733.8104248046875
2023-10-02,171.73728942871094,315.7096252441406,129.4600067138672,135.19403076171875,133.07017517089844,304.43096923828125,44.750709533691406,348.0799865722656,81.48999786376953,31.617002487182617,40.8259391784668,123.3017349243164,96.7738037109375,414.186279296875,355.965087890625,169.2104034423828,77.99848175048828,169.64999389648438,27530.78515625,1663.6275634765625
2023-10-03,170.40293884277344,307.4588928222656,124.72000122070312,134.197265625,131.34442138671875,298.5967712402344,43.48659133911133,343.0400085449219,80.10797119140625,31.11713409423828,40.798282623291016,122.20835876464844,96.09901428222656,408.6419372558594,349.718017578125,166.36216735839844,76.3205795288086,169.16000366210938,27429.978515625,1656.6856689453125
2023-10-04,171.64833068847656,312.92333984375,127.0,134.79908752441406,134.1313934326172,303.2005920410156,44.01022720336914,343.69000244140625,81.10639190673828,31.34783935546875,39.517154693603516,122.72624969482422,96.407470703125,411.6176452636719,354.4772644042969,166.43994140625,77.39726257324219,169.13999938964844,27799.39453125,1647.838134765625
2023-10-05,172.88388061523438,313.3158264160156,125.95999908447266,135.3674774169922,133.9628143310547,302.41680908203125,44.65677261352539,345.05999755859375,81.21458435058594,31.492033004760742,39.27290725708008,123.39763641357422,95.83872985839844,411.4625549316406,353.4327697753906,166.5663299560547,77.01146697998047,168.8300018310547,27415.912109375,1611.4764404296875
2023-10-06,175.4339599609375,321.0662841796875,127.95999908447266,137.4514923095703,136.4522247314453,312.97393798828125,45.73002243041992,346.3399963378906,82.73430633544922,31.761199951171875,39.507938385009766,124.69241333007812,97.14973449707031,416.3477478027344,359.3547668457031,168.1702423095703,76.07830810546875,169.6999969482422,27946.59765625,1645.83154296875
2023-10-07,175.4339599609375,321.0662841796875,127.95999908447266,137.4514923095703,136.4522247314453,312.97393798828125,45.73002243041992,346.3399963378906,82.73430633544922,31.761199951171875,39.507938385009766,124.69241333007812,97.14973449707031,416.3477478027344,359.3547668457031,168.1702423095703,76.07830810546875,169.6999969482422,27968.83984375,1634.51123046875
2023-10-08,175.4339599609375,321.0662841796875,127.95999908447266,137.4514923095703,136.4522247314453,312.97393798828125,45.73002243041992,346.3399963378906,82.73430633544922,31.761199951171875,39.507938385009766,124.69241333007812,97.14973449707031,416.3477478027344,359.3547668457031,168.1702423095703,76.07830810546875,169.6999969482422,27935.08984375,1633.548583984375
2023-10-09,176.91659545898438,323.577880859375,128.25999450683594,137.13890075683594,137.28533935546875,315.881103515625,45.24136734008789,345.45001220703125,83.16217803955078,31.78042984008789,40.8259391784668,125.12403106689453,98.67284393310547,419.01336669921875,361.1873779296875,169.142333984375,77.86386108398438,172.82000732421875,27583.677734375,1579.806640625
2023-10-10,176.3235626220703,322.1749267578125,129.47999572753906,137.97251892089844,136.92831420898438,319.3340148925781,45.765995025634766,348.55999755859375,83.2900619506836,32.01113510131836,40.87662887573242,125.71865844726562,99.2705078125,421.1942443847656,363.1877136230469,171.0573272705078,77.75618743896484,172.52999877929688,27391.01953125,1567.7130126953125
2023-10-11,177.7172088623047,326.128662109375,131.8300018310547,138.44613647460938,139.39788818359375,325.2674865722656,46.773292541503906,348.42999267578125,84.06222534179688,32.059200286865234,40.35126495361328,125.16238403320312,99.8681640625,422.9195556640625,365.7791442871094,170.7657012939453,79.38021087646484,173.7899932861328,26873.3203125,1566.2547607421875
2023-10-12,178.61668395996094,324.89251708984375,132.3300018310547,138.12408447265625,137.8308563232422,321.635986328125,46.912193298339844,345.6600036621094,84.14091491699219,31.857330322265625,40.39735794067383,124.08819580078125,98.96202087402344,420.3412780761719,364.508056640625,166.9065399169922,77.22679901123047,173.25999450683594,26756.798828125,1539.6124267578125
2023-10-13,176.77822875976562,321.5274353027344,129.7899932861328,140.1986541748047,136.23402404785156,312.23968505859375,45.42922592163086,345.0899963378906,82.93596649169922,31.92462158203125,41.286781311035156,124.86505889892578,98.08480834960938,418.24761962890625,359.9261474609375,165.51649475097656,78.60860443115234,178.8300018310547,26862.375,1552.0894775390625
2023-10-14,176.77822875976562,321.5274353027344,129.7899932861328,140.1986541748047,136.23402404785156,312.23968505859375,45.42922592163086,345.0899963378906,82.93596649169922,31.92462158203125,41.286781311035156,124.86505889892578,98.08480834960938,418.24761962890625,359.9261474609375,165.51649475097656,78.60860443115234,178.8300018310547,26861.70703125,1555.2568359375
2023-10-15,176.77822875976562,321.5274353027344,129.7899932861328,140.1986541748047,136.23402404785156,312.23968505859375,45.42922592163086,345.0899963378906,82.93596649169922,31.92462158203125,41.286781311035156,124.86505889892578,98.08480834960938,418.24761962890625,359.9261474609375,165.51649475097656,78.60860443115234,178.8300018310547,27159.65234375,1558.06982421875
2023-10-16,176.64971923828125,326.3445129394531,132.5500030517578,140.05654907226562,137.95974731445312,318.64935302734375,46.06279373168945,346.2300109863281,83.73271179199219,32.26107406616211,41.56328582763672,125.80496215820312,99.12589263916016,422.64813232421875,363.99566650390625,168.189697265625,77.34341430664062,177.9600067138672,28519.466796875,1600.5343017578125
2023-10-17,175.09793090820312,325.7754821777344,131.47000122070312,139.75341796875,138.5746612548828,321.47723388671875,43.90729522705078,345.3900146484375,83.34416198730469,32.41488265991211,41.99647521972656,125.6323471069336,99.43437194824219,422.6287536621094,362.8033447265625,170.0657958984375,76.4910659790039,178.2899932861328,28415.748046875,1565.4395751953125
2023-10-18,173.80308532714844,323.8623962402344,128.1300048828125,138.2187957763672,136.82911682128906,314.5019226074219,42.16651153564453,340.8900146484375,82.48838806152344,31.857330322265625,42.378971099853516,124.53895568847656,97.0340805053711,416.9972229003906,358.0441589355469,166.5663299560547,75.81813049316406,180.8699951171875,28328.341796875,1563.7498779296875
2023-10-19,173.42750549316406,325.04949951171875,128.39999389648438,137.63150024414062,136.62083435058594,310.3743591308594,42.07158660888672,338.6600036621094,82.01624298095703,31.434358596801758,42.305240631103516,123.31133270263672,96.13758087158203,413.3332824707031,354.6939697265625,163.91253662109375,74.26585388183594,183.08999633789062,28719.806640625,1567.45703125
2023-10-20,170.8773956298828,320.48748779296875,125.16999816894531,135.4148406982422,134.4884490966797,306.2467041015625,41.35807800292969,335.8599853515625,80.62930297851562,30.953712463378906,41.595550537109375,122.82217407226562,95.14466857910156,408.25421142578125,349.4027099609375,161.79339599609375,74.68759155273438,183.58999633789062,29682.94921875,1604.6668701171875
2023-10-21,170.8773956298828,320.48748779296875,125.16999816894531,135.4148406982422,134.4884490966797,306.2467041015625,41.35807800292969,335.8599853515625,80.62930297851562,30.953712463378906,41.595550537109375,122.82217407226562,95.14466857910156,408.25421142578125,349.4027099609375,161.79339599609375,74.68759155273438,183.58999633789062,29918.412109375,1629.304443359375
2023-10-22,170.8773956298828,320.48748779296875,125.16999816894531,135.4148406982422,134.4884490966797,306.2467041015625,41.35807800292969,335.8599853515625,80.62930297851562,30.953712463378906,41.595550537109375,122.82217407226562,95.14466857910156,408.25421142578125,349.4027099609375,161.79339599609375,74.68759155273438,183.58999633789062,29993.896484375,1663.429931640625
2023-10-23,170.99600219726562,323.0873718261719,126.55999755859375,133.567626953125,135.38107299804688,311.5649719238281,42.94497299194336,336.8399963378906,80.72274017333984,30.761451721191406,40.9227180480957,122.05490112304688,94.70123291015625,407.546630859375,350.45703125,160.42274475097656,75.58484649658203,182.97000122070312,33086.234375,1765.3826904296875
2023-10-24,171.43089294433594,324.2744140625,128.55999755859375,133.72869873046875,137.67213439941406,310.11639404296875,43.63248825073242,338.6300048828125,81.27850341796875,30.972938537597656,40.34667205810547,122.42894744873047,95.41458892822266,410.6192932128906,353.8663024902344,161.82254028320312,76.58079528808594,182.9499969482422,33901.52734375,1784.4375
2023-10-25,169.11798095703125,334.22247314453125,121.38999938964844,132.99925231933594,124.58035278320312,297.1977844238281,41.74980545043945,336.8999938964844,80.3194580078125,30.857582092285156,40.27293395996094,121.33557891845703,94.1903305053711,404.72601318359375,345.2051086425781,159.14930725097656,74.87598419189453,183.72000122070312,34502.8203125,1787.3975830078125
2023-10-26,164.95677185058594,321.6844482421875,119.56999969482422,133.34027099609375,121.27764129638672,286.10479736328125,40.297821044921875,336.1600036621094,78.78496551513672,30.7902889251709,39.959564208984375,120.1366958618164,93.79509735107422,399.8795166015625,338.6230773925781,159.5576171875,76.02449035644531,184.00999450683594,34156.6484375,1804.039306640625
2023-10-27,166.2713623046875,323.56805419921875,127.73999786376953,128.53750610351562,121.16854858398438,294.4195861816406,40.47169876098633,331.7099914550781,79.24237060546875,30.232742309570312,39.001007080078125,118.10340881347656,92.96607208251953,398.0669860839844,340.2488098144531,157.6814727783203,75.70144653320312,186.14999389648438,33909.80078125,1780.0452880859375
2023-10-28,166.2713623046875,323.56805419921875,127.73999786376953,128.53750610351562,121.16854858398438,294.4195861816406,40.47169876098633,331.7099914550781,79.24237060546875,30.232742309570312,39.001007080078125,118.10340881347656,92.96607208251953,398.0669860839844,340.2488098144531,157.6814727783203,75.70144653320312,186.14999389648438,34089.57421875,1776.6181640625
2023-10-29,166.2713623046875,323.56805419921875,127.73999786376953,128.53750610351562,121.16854858398438,294.4195861816406,40.47169876098633,331.7099914550781,79.24237060546875,30.232742309570312,39.001007080078125,118.10340881347656,92.96607208251953,398.0669860839844,340.2488098144531,157.6814727783203,75.70144653320312,186.14999389648438,34538.48046875,1795.5460205078125
2023-10-30,168.31736755371094,330.9261169433594,132.7100067138672,130.1763458251953,123.43977355957031,300.3033447265625,41.132232666015625,337.4100036621094,80.09323120117188,30.77106285095215,39.130043029785156,118.76518249511719,94.12285614013672,402.8262023925781,344.08184814453125,158.5563507080078,75.36051177978516,185.10000610351562,34502.36328125,1810.088623046875
2023-10-31,168.7918243408203,331.7109069824219,133.08999633789062,131.72987365722656,123.06289672851562,298.9242248535156,40.751502990722656,341.3299865722656,80.6637191772461,31.10751724243164,39.25908279418945,119.44615936279297,94.8169174194336,405.3560485839844,345.72735595703125,159.92697143554688,74.99264526367188,184.08999633789062,34667.78125,1816.458984375
2023-11-01,171.95477294921875,339.52032470703125,137.0,131.6162109375,125.41346740722656,309.4218444824219,42.29542922973633,343.75,82.2228012084961,31.30939292907715,39.16690444946289,119.69551849365234,95.12539672851562,409.6790466308594,351.7281188964844,160.8407440185547,76.61865234375,183.50999450683594,35437.25390625,1847.0897216796875
2023-11-02,175.5130615234375,341.72772216796875,138.07000732421875,133.96546936035156,126.44493865966797,308.4493713378906,43.4755973815918,349.0199890136719,83.61466979980469,32.049591064453125,40.35126495361328,121.59452819824219,97.08226013183594,417.5303039550781,358.11309814453125,165.12762451171875,78.3653335571289,184.1199951171875,34938.2421875,1800.6209716796875
2023-11-03,174.6037139892578,346.1229553222656,138.60000610351562,135.4622039794922,128.04173278808594,312.15045166015625,44.973548889160156,351.80999755859375,84.47534942626953,32.47255325317383,39.94573211669922,122.19876098632812,97.94020080566406,421.339599609375,362.3205871582031,169.61866760253906,78.89649200439453,184.7899932861328,34732.32421875,1832.795166015625
2023-11-04,174.6037139892578,346.1229553222656,138.60000610351562,135.4622039794922,128.04173278808594,312.15045166015625,44.973548889160156,351.80999755859375,84.47534942626953,32.47255325317383,39.94573211669922,122.19876098632812,97.94020080566406,421.339599609375,362.3205871582031,169.61866760253906,78.89649200439453,184.7899932861328,35082.1953125,1857.6986083984375
2023-11-05,174.6037139892578,346.1229553222656,138.60000610351562,135.4622039794922,128.04173278808594,312.15045166015625,44.973548889160156,351.80999755859375,84.47534942626953,32.47255325317383,39.94573211669922,122.19876098632812,97.94020080566406,421.339599609375,362.3205871582031,169.61866760253906,78.89649200439453,184.7899932861328,35049.35546875,1894.15771484375
2023-11-06,177.15382385253906,349.7823791503906,139.74000549316406,136.48526000976562,129.18231201171875,313.3410339355469,45.719024658203125,346.6300048828125,85.03111267089844,32.376426696777344,39.494110107421875,123.01397705078125,97.67994689941406,422.3089599609375,363.7985534667969,167.49949645996094,78.13119506835938,183.35000610351562,35037.37109375,1899.83740234375
2023-11-07,179.71383666992188,353.7066345214844,142.7100067138672,136.41897583007812,129.8964080810547,316.3375549316406,45.92288589477539,346.1700134277344,85.96065521240234,32.328365325927734,38.61851501464844,123.1003189086914,97.43893432617188,423.5107727050781,367.23748779296875,166.9065399169922,79.28365325927734,182.58999633789062,35443.5625,1888.124267578125
2023-11-08,180.7714385986328,356.3261413574219,142.0800018310547,137.09152221679688,130.75926208496094,317.2900390625,46.54146194458008,346.29998779296875,86.44756317138672,32.36681365966797,38.13462448120117,122.92767333984375,97.66065216064453,423.8210144042969,367.47393798828125,165.12762451171875,80.63414001464844,180.77000427246094,35655.27734375,1889.3223876953125
2023-11-09,180.29701232910156,353.8636779785156,140.60000610351562,136.68418884277344,129.17239379882812,318.0540466308594,46.91719436645508,348.17999267578125,86.04426574707031,32.232234954833984,38.01941680908203,120.38604736328125,97.44857788085938,420.5156555175781,364.6459655761719,162.57106018066406,78.77945709228516,181.49000549316406,36693.125,2120.56103515625
2023-11-10,184.48350524902344,362.67364501953125,143.55999755859375,138.7113800048828,131.50311279296875,326.21002197265625,48.30122756958008,350.55999755859375,88.29188537597656,32.59752655029297,38.43878173828125,121.10537719726562,98.8559799194336,427.0777587890625,372.8440856933594,164.3888397216797,79.22061920166016,179.50999450683594,37313.96875,2078.289794921875
2023-11-11,184.48350524902344,362.67364501953125,143.55999755859375,138.7113800048828,131.50311279296875,326.21002197265625,48.30122756958008,350.55999755859375,88.29188537597656,32.59752655029297,38.43878173828125,121.10537719726562,98.8559799194336,427.0777587890625,372.8440856933594,164.3888397216797,79.22061920166016,179.50999450683594,37138.05078125,2052.7138671875
2023-11-12,184.48350524902344,362.67364501953125,143.55999755859375,138.7113800048828,131.50311279296875,326.21002197265625,48.30122756958008,350.55999755859375,88.29188537597656,32.59752655029297,38.43878173828125,121.10537719726562,98.8559799194336,427.0777587890625,372.8440856933594,164.3888397216797,79.22061920166016,179.50999450683594,37054.51953125,2045.18701171875
2023-11-13,182.8999481201172,359.7402038574219,142.58999633789062,138.0956573486328,131.00721740722656,326.62677001953125,48.58602523803711,350.010009765625,87.77547454833984,32.549461364746094,38.71527862548828,121.80552673339844,98.94274139404297,426.6706848144531,371.6812744140625,164.44715881347656,79.04056549072266,180.50999450683594,36502.35546875,2055.265380859375
2023-11-14,185.51283264160156,363.2622985839844,145.8000030517578,140.6154327392578,132.52467346191406,333.69134521484375,49.62129592895508,354.25,89.53128814697266,33.16469192504883,39.06092071533203,122.63036346435547,100.92852783203125,434.94842529296875,379.6822509765625,173.47784423828125,80.83220672607422,182.1199951171875,35537.640625,1979.0526123046875
2023-11-15,186.07693481445312,363.4097595214844,143.1999969482422,141.846923828125,133.51651000976562,330.1194152832031,48.85383987426758,356.7900085449219,89.64440155029297,33.34733581542969,38.987186431884766,122.72624969482422,101.14060974121094,435.8692321777344,379.96807861328125,173.77914428710938,79.69778442382812,181.63999938964844,37880.58203125,2060.408447265625
2023-11-16,187.75949096679688,369.7996826171875,142.8300018310547,143.46676635742188,135.8075408935547,331.5879211425781,49.44542694091797,359.8599853515625,90.09195709228516,33.48192596435547,38.22679138183594,123.25376892089844,101.15989685058594,436.40234375,380.293212890625,170.9698486328125,80.68817901611328,183.69000244140625,36154.76953125,1960.881591796875
2023-11-17,187.7396697998047,363.5867614746094,145.17999267578125,144.7645721435547,134.20082092285156,332.43121337890625,49.263553619384766,358.92999267578125,89.90506744384766,33.654945373535156,39.02865982055664,123.00440979003906,101.80575561523438,436.9451599121094,380.38189697265625,173.3125457763672,81.06629180908203,183.6699981689453,36596.68359375,1961.28076171875
2023-11-18,187.7396697998047,363.5867614746094,145.17999267578125,144.7645721435547,134.20082092285156,332.43121337890625,49.263553619384766,358.92999267578125,89.90506744384766,33.654945373535156,39.02865982055664,123.00440979003906,101.80575561523438,436.9451599121094,380.38189697265625,173.3125457763672,81.06629180908203,183.6699981689453,36585.703125,1963.2850341796875
2023-11-19,187.7396697998047,363.5867614746094,145.17999267578125,144.7645721435547,134.20082092285156,332.43121337890625,49.263553619384766,358.92999267578125,89.90506744384766,33.654945373535156,39.02865982055664,123.00440979003906,101.80575561523438,436.9451599121094,380.38189697265625,173.3125457763672,81.06629180908203,183.6699981689453,37386.546875,2013.2044677734375
2023-11-20,189.48155212402344,371.0481872558594,146.1300048828125,145.20977783203125,135.1331329345703,337.32281494140625,50.3737678527832,361.3299865722656,91.20840454101562,33.78953552246094,39.08395767211914,123.75249481201172,102.11422729492188,440.30853271484375,385.0130310058594,174.3235321044922,81.56147766113281,183.3699951171875,37476.95703125,2022.2391357421875
2023-11-21,188.67990112304688,366.752197265625,143.89999389648438,144.90664672851562,135.84722900390625,334.3561706542969,49.909095764160156,361.0,90.47066497802734,33.77030944824219,38.996402740478516,124.50059509277344,102.03711700439453,439.3489685058594,382.7762451171875,172.07801818847656,81.52547454833984,185.35000610351562,35813.8125,1937.0667724609375
2023-11-22,189.343017578125,371.4512939453125,146.7100067138672,145.2476806640625,137.3547821044922,338.8310241699219,48.68195343017578,361.79998779296875,90.87396240234375,33.904884338378906,38.977962493896484,125.0952377319336,102.25883483886719,441.045166015625,384.3430480957031,173.15701293945312,81.8135986328125,184.55999755859375,37432.33984375,2064.42529296875
2023-11-23,189.343017578125,371.4512939453125,146.7100067138672,145.2476806640625,137.3547821044922,338.8310241699219,48.68195343017578,361.79998779296875,90.87396240234375,33.904884338378906,38.977962493896484,125.0952377319336,102.25883483886719,441.045166015625,384.3430480957031,173.15701293945312,81.8135986328125,184.55999755859375,37289.62109375,2062.210693359375
2023-11-24,188.01678466796875,371.0383605957031,146.74000549316406,145.4466094970703,135.5695037841797,335.596435546875,47.742618560791016,362.67999267578125,90.69689178466797,34.01063537597656,39.13926315307617,125.76659393310547,102.50946044921875,441.31658935546875,383.8010559082031,174.3235321044922,80.85022735595703,185.52000427246094,37720.28125,2081.152099609375
2023-11-25,188.01678466796875,371.0383605957031,146.74000549316406,145.4466094970703,135.5695037841797,335.596435546875,47.742618560791016,362.67999267578125,90.69689178466797,34.01063537597656,39.13926315307617,125.76659393310547,102.50946044921875,441.31658935546875,383.8010559082031,174.3235321044922,80.85022735595703,185.52000427246094,37796.79296875,2084.4130859375
2023-11-26,188.01678466796875,371.0383605957031,146.74000549316406,145.4466094970703,135.5695037841797,335.596435546875,47.742618560791016,362.67999267578125,90.69689178466797,34.01063537597656,39.13926315307617,125.76659393310547,102.50946044921875,441.31658935546875,383.8010559082031,174.3235321044922,80.85022735595703,185.52000427246094,37479.12109375,2063.2861328125
2023-11-27,187.83863830566406,372.1983947753906,147.72999572753906,145.11505126953125,135.29180908203125,332.0939025878906,48.208290100097656,361.3399963378906,90.69198608398438,33.8952751159668,39.001007080078125,124.98013305664062,101.93107604980469,440.52178955078125,383.4660339355469,173.74026489257812,82.20072937011719,186.77000427246094,37254.16796875,2027.4173583984375
2023-11-28,188.4423370361328,376.2191467285156,147.02999877929688,145.4466094970703,136.07533264160156,336.35052490234375,47.7875862121582,360.04998779296875,90.86412048339844,33.88566207885742,39.010223388671875,124.3375473022461,101.69007110595703,440.95794677734375,384.47113037109375,173.0695343017578,82.36279296875,189.25999450683594,37831.0859375,2049.338134765625
2023-11-29,187.4229736328125,372.4342956542969,146.32000732421875,146.18551635742188,133.88345336914062,329.6134338378906,48.10636520385742,358.69000244140625,90.9329833984375,34.12598419189453,38.71989059448242,124.37591552734375,102.07567596435547,440.6477966308594,384.0966491699219,173.98329162597656,83.39818572998047,189.5399932861328,37858.4921875,2029.92919921875
2023-11-30,187.99700927734375,372.4933166503906,146.08999633789062,147.85272216796875,131.44361877441406,324.6026916503906,46.73732376098633,360.0,91.0657730102539,34.51051330566406,38.977962493896484,125.93924713134766,103.19389343261719,442.3828430175781,383.13104248046875,174.64431762695312,82.43482208251953,188.75,37712.74609375,2052.55615234375
2023-12-01,189.2737274169922,368.1678161621094,147.02999877929688,148.57266235351562,130.77911376953125,322.2908020019531,46.73232650756836,357.07000732421875,91.2723388671875,34.770057678222656,39.18073654174805,126.43798065185547,104.82300567626953,444.9999084472656,384.2247619628906,179.7477569580078,83.98741149902344,192.00999450683594,38688.75,2087.139892578125
2023-12-02,189.2737274169922,368.1678161621094,147.02999877929688,148.57266235351562,130.77911376953125,322.2908020019531,46.73232650756836,357.07000732421875,91.2723388671875,34.770057678222656,39.18073654174805,126.43798065185547,104.82300567626953,444.9999084472656,384.2247619628906,179.7477569580078,83.98741149902344,192.00999450683594,39476.33203125,2165.7041015625
2023-12-03,189.2737274169922,368.1678161621094,147.02999877929688,148.57266235351562,130.77911376953125,322.2908020019531,46.73232650756836,357.07000732421875,91.2723388671875,34.770057678222656,39.18073654174805,126.43798065185547,104.82300567626953,444.9999084472656,384.2247619628906,179.7477569580078,83.98741149902344,192.00999450683594,39978.390625,2193.691650390625
2023-12-04,187.48231506347656,362.88873291015625,144.83999633789062,149.6620635986328,128.2103271484375,317.5281982421875,45.47819900512695,356.6600036621094,90.16081237792969,34.73160171508789,39.001007080078125,126.67774963378906,104.99653625488281,442.66387939453125,380.6578063964844,181.6724853515625,83.65322875976562,187.86000061035156,41980.09765625,2243.2158203125
2023-12-05,191.4313201904297,366.21148681640625,146.8800048828125,149.6431121826172,129.91622924804688,315.8116760253906,46.53755569458008,355.0299987792969,90.70181274414062,34.55857849121094,38.31896209716797,126.51470184326172,104.14822387695312,442.57666015625,381.613525390625,179.24227905273438,85.4505615234375,187.14999389648438,44080.6484375,2293.841796875
2023-12-06,190.34262084960938,362.55450439453125,144.52000427246094,148.07061767578125,128.95420837402344,314.9782409667969,45.47520065307617,352.3800048828125,89.9345703125,34.385536193847656,37.747520446777344,126.61061096191406,104.6109390258789,440.793212890625,379.4064025878906,178.92147827148438,86.58858489990234,187.83999633789062,43746.4453125,2231.661376953125
2023-12-07,192.2725830078125,364.6680603027344,146.8800048828125,148.5253143310547,135.8075408935547,324.04705810546875,46.56753158569336,352.70001220703125,91.02642059326172,34.54895782470703,37.48944854736328,126.45719146728516,104.70733642578125,444.1566467285156,384.70758056640625,180.21434020996094,86.09182739257812,188.14999389648438,43292.6640625,2357.57958984375
2023-12-08,193.69778442382812,367.89251708984375,147.4199981689453,150.1641082763672,133.88345336914062,330.1590881347656,47.47697830200195,353.0799865722656,91.80350494384766,34.73160171508789,37.89499282836914,126.66817474365234,105.03508758544922,446.06610107421875,386.42205810546875,181.58497619628906,85.38734436035156,185.63999938964844,44166.6015625,2358.73193359375
2023-12-09,193.69778442382812,367.89251708984375,147.4199981689453,150.1641082763672,133.88345336914062,330.1590881347656,47.47697830200195,353.0799865722656,91.80350494384766,34.73160171508789,37.89499282836914,126.66817474365234,105.03508758544922,446.06610107421875,386.42205810546875,181.58497619628906,85.38734436035156,185.63999938964844,43725.984375,2341.17529296875
2023-12-10,193.69778442382812,367.89251708984375,147.4199981689453,150.1641082763672,133.88345336914062,330.1590881347656,47.47697830200195,353.0799865722656,91.80350494384766,34.73160171508789,37.89499282836914,126.66817474365234,105.03508758544922,446.06610107421875,386.42205810546875,181.58497619628906,85.38734436035156,185.63999938964844,43779.69921875,2352.462646484375
2023-12-11,191.1938018798828,365.0121765136719,145.88999938964844,150.7135009765625,132.1973876953125,322.74725341796875,46.598514556884766,357.05999755859375,92.60517120361328,34.943084716796875,37.941070556640625,127.50257110595703,106.03762817382812,447.8011474609375,389.72296142578125,181.96408081054688,85.2066879272461,183.58999633789062,41243.83203125,2224.578857421875
2023-12-12,192.70806884765625,368.03997802734375,147.47999572753906,152.05868530273438,131.43370056152344,331.6176452636719,47.62788391113281,360.0199890136719,93.2199478149414,35.19301986694336,37.42032241821289,128.0492401123047,106.51962280273438,449.84637451171875,392.8267517089844,181.77938842773438,85.45958709716797,183.49000549316406,41450.22265625,2202.0380859375
2023-12-13,195.92466735839844,368.03021240234375,148.83999633789062,152.57022094726562,131.48329162597656,332.13360595703125,48.058624267578125,362.0299987792969,94.0412826538086,35.76018524169922,37.941070556640625,130.4086456298828,107.70531463623047,456.0497741699219,397.8224182128906,187.93267822265625,87.46468353271484,187.6300048828125,42890.7421875,2260.648681640625
2023-12-14,196.0730743408203,359.73309326171875,147.4199981689453,155.3457794189453,130.85845947265625,330.5758056640625,48.320457458496094,358.1199951171875,93.81014251708984,36.115867614746094,39.05630874633789,129.77566528320312,109.09342956542969,457.513427734375,397.4776306152344,193.16250610351562,89.73989868164062,188.72999572753906,43023.97265625,2316.5791015625
2023-12-15,195.5386505126953,364.4517822265625,149.97000122070312,156.52040100097656,131.5130615234375,332.31219482421875,48.86013412475586,356.5,94.28230285644531,35.90437698364258,38.84893035888672,128.67266845703125,108.94883728027344,456.7601318359375,399.39898681640625,191.53912353515625,89.83956146240234,187.0,41929.7578125,2219.33740234375
2023-12-16,195.5386505126953,364.4517822265625,149.97000122070312,156.52040100097656,131.5130615234375,332.31219482421875,48.86013412475586,356.5,94.28230285644531,35.90437698364258,38.84893035888672,128.67266845703125,108.94883728027344,456.7601318359375,399.39898681640625,191.53912353515625,89.83956146240234,187.0,42240.1171875,2226.926513671875
2023-12-17,195.5386505126953,364.4517822265625,149.97000122070312,156.52040100097656,131.5130615234375,332.31219482421875,48.86013412475586,356.5,94.28230285644531,35.90437698364258,38.84893035888672,128.67266845703125,108.94883728027344,456.7601318359375,399.39898681640625,191.53912353515625,89.83956146240234,187.0,41364.6640625,2196.481201171875
2023-12-18,193.8759307861328,366.33935546875,154.07000732421875,157.46771240234375,134.6868133544922,341.9366455078125,50.04640579223633,359.6499938964844,94.56423950195312,36.02417755126953,39.16624069213867,128.88270568847656,108.94400024414062,459.3293762207031,401.9146728515625,191.6071319580078,89.1237564086914,187.85000610351562,42623.5390625,2217.2734375
2023-12-19,194.9151153564453,366.93902587890625,153.7899932861328,159.5706787109375,135.52984619140625,347.6319274902344,49.573692321777344,361.79998779296875,94.92406463623047,36.29467010498047,39.63616180419922,129.74974060058594,109.7872314453125,462.1225891113281,403.96826171875,195.3204803466797,89.60397338867188,189.1300048828125,42270.52734375,2177.87255859375
2023-12-20,192.82684326171875,364.3437194824219,152.1199951171875,157.77081298828125,137.20599365234375,346.5603332519531,48.081607818603516,355.3500061035156,93.48969268798828,35.64741516113281,39.26860046386719,127.8711166381836,108.01349639892578,455.7187805175781,397.96551513671875,191.4998779296875,90.21102905273438,188.10000610351562,43652.25,2201.911376953125
2023-12-21,192.6783447265625,367.2142333984375,153.83999633789062,158.67076110839844,139.26893615722656,351.3328857421875,48.9600715637207,356.1400146484375,94.53958129882812,35.99519348144531,39.422142028808594,129.4318389892578,109.12813568115234,460.0399169921875,402.5959167480469,194.75851440429688,89.64021301269531,189.42999267578125,43869.15234375,2239.54248046875
2023-12-22,191.60946655273438,368.236572265625,153.4199981689453,158.57601928710938,140.33016967773438,350.638427734375,48.800167083740234,356.4700012207031,94.66280364990234,36.072479248046875,39.5384521484375,130.07730102539062,109.65154266357422,460.96441650390625,403.1982421875,196.57321166992188,89.23250579833984,190.27000427246094,43997.90234375,2326.52490234375
2023-12-23,191.60946655273438,368.236572265625,153.4199981689453,158.57601928710938,140.33016967773438,350.638427734375,48.800167083740234,356.4700012207031,94.66280364990234,36.072479248046875,39.5384521484375,130.07730102539062,109.65154266357422,460.96441650390625,403.1982421875,196.57321166992188,89.23250579833984,190.27000427246094,43739.54296875,2309.04638671875
2023-12-24,191.60946655273438,368.236572265625,153.4199981689453,158.57601928710938,140.33016967773438,350.638427734375,48.800167083740234,356.4700012207031,94.66280364990234,36.072479248046875,39.5384521484375,130.07730102539062,109.65154266357422,460.96441650390625,403.1982421875,196.57321166992188,89.23250579833984,190.27000427246094,43016.1171875,2265.692138671875
2023-12-25,191.60946655273438,368.236572265625,153.4199981689453,158.57601928710938,140.33016967773438,350.638427734375,48.800167083740234,356.4700012207031,94.66280364990234,36.072479248046875,39.5384521484375,130.07730102539062,109.65154266357422,460.96441650390625,403.1982421875,196.57321166992188,89.23250579833984,190.27000427246094,43613.140625,2272.561767578125
2023-12-26,191.06512451171875,368.3152770996094,153.41000366210938,159.5138397216797,140.35992431640625,352.06719970703125,49.2488899230957,356.8299865722656,95.05713653564453,36.21738815307617,39.87809753417969,130.36630249023438,110.42694854736328,462.910888671875,405.6664733886719,199.12942504882812,89.4861831665039,191.72000122070312,42520.40234375,2231.46533203125
2023-12-27,191.1641082763672,367.7353210449219,153.33999633789062,160.47059631347656,139.2193603515625,355.0437927246094,49.386810302734375,356.95001220703125,95.05220794677734,36.333309173583984,39.7012939453125,130.9154510498047,110.59171295166016,463.74786376953125,406.4923400878906,199.83189392089844,91.07185363769531,192.58999633789062,43442.85546875,2378.739990234375
2023-12-28,191.5896759033203,368.9248046875,153.3800048828125,161.32315063476562,139.0804901123047,355.5299987792969,49.49174499511719,357.57000732421875,95.16558074951172,36.439579010009766,39.09645080566406,131.25265502929688,110.62079620361328,463.92303466796875,406.2947082519531,199.0708770751953,90.41038513183594,191.47000122070312,42627.85546875,2347.566162109375
2023-12-29,190.5504608154297,369.6719055175781,151.94000244140625,161.13372802734375,138.54493713378906,351.20391845703125,49.49174499511719,356.6600036621094,94.87474822998047,36.32365417480469,39.00804901123047,131.3875274658203,110.48509979248047,462.5799865722656,404.5364074707031,195.8219757080078,89.59491729736328,191.1699981689453,42099.40234375,2300.690673828125
